-- MySQL dump 10.13  Distrib 8.0.46, for Linux (x86_64)
--
-- Host: localhost    Database: skills_db
-- ------------------------------------------------------
-- Server version	8.0.46

/*!40101 SET @OLD_CHARACTER_SET_CLIENT=@@CHARACTER_SET_CLIENT */;
/*!40101 SET @OLD_CHARACTER_SET_RESULTS=@@CHARACTER_SET_RESULTS */;
/*!40101 SET @OLD_COLLATION_CONNECTION=@@COLLATION_CONNECTION */;
/*!50503 SET NAMES utf8mb4 */;
/*!40103 SET @OLD_TIME_ZONE=@@TIME_ZONE */;
/*!40103 SET TIME_ZONE='+00:00' */;
/*!40014 SET @OLD_UNIQUE_CHECKS=@@UNIQUE_CHECKS, UNIQUE_CHECKS=0 */;
/*!40014 SET @OLD_FOREIGN_KEY_CHECKS=@@FOREIGN_KEY_CHECKS, FOREIGN_KEY_CHECKS=0 */;
/*!40101 SET @OLD_SQL_MODE=@@SQL_MODE, SQL_MODE='NO_AUTO_VALUE_ON_ZERO' */;
/*!40111 SET @OLD_SQL_NOTES=@@SQL_NOTES, SQL_NOTES=0 */;

--
-- Table structure for table `assignments`
--

DROP TABLE IF EXISTS `assignments`;
/*!40101 SET @saved_cs_client     = @@character_set_client */;
/*!50503 SET character_set_client = utf8mb4 */;
CREATE TABLE `assignments` (
  `id` bigint unsigned NOT NULL AUTO_INCREMENT,
  `period_id` bigint unsigned NOT NULL,
  `evaluator_id` bigint unsigned NOT NULL,
  `evaluatee_id` bigint unsigned NOT NULL,
  `evaluator_role` enum('chairman','joint') COLLATE utf8mb4_unicode_ci NOT NULL DEFAULT 'joint' COMMENT 'บทบาทกรรมการ: chairman = ประธาน, joint = กรรมการร่วม',
  `dept_id` int DEFAULT NULL,
  `evaluator_status` enum('pending','evaluating','completed') COLLATE utf8mb4_unicode_ci NOT NULL DEFAULT 'pending' COMMENT 'สถานะการประเมินของกรรมการ',
  `evaluator_signature` text COLLATE utf8mb4_unicode_ci COMMENT 'ลายเซ็น Base64 ของกรรมการ',
  `evaluator_signed_at` datetime DEFAULT NULL COMMENT 'เวลาที่กรรมการเซ็น',
  `acknowledge_signature` text COLLATE utf8mb4_unicode_ci COMMENT 'ลายเซ็น Base64 ของผู้รับทราบผล',
  `acknowledge_signed_at` datetime DEFAULT NULL COMMENT 'เวลาที่เซ็นรับทราบผล',
  `created_at` timestamp NOT NULL DEFAULT CURRENT_TIMESTAMP,
  PRIMARY KEY (`id`),
  UNIQUE KEY `uniq_asg` (`period_id`,`evaluator_id`,`evaluatee_id`),
  KEY `fk_asg_dept` (`dept_id`),
  KEY `idx_asg_evalr` (`evaluator_id`,`period_id`),
  KEY `idx_asg_evale` (`evaluatee_id`,`period_id`),
  CONSTRAINT `fk_asg_dept` FOREIGN KEY (`dept_id`) REFERENCES `departments` (`id`) ON DELETE SET NULL ON UPDATE CASCADE,
  CONSTRAINT `fk_asg_evale` FOREIGN KEY (`evaluatee_id`) REFERENCES `users` (`id`) ON DELETE RESTRICT ON UPDATE CASCADE,
  CONSTRAINT `fk_asg_evalr` FOREIGN KEY (`evaluator_id`) REFERENCES `users` (`id`) ON DELETE RESTRICT ON UPDATE CASCADE,
  CONSTRAINT `fk_asg_period` FOREIGN KEY (`period_id`) REFERENCES `evaluation_periods` (`id`) ON DELETE CASCADE ON UPDATE CASCADE
) ENGINE=InnoDB AUTO_INCREMENT=15 DEFAULT CHARSET=utf8mb4 COLLATE=utf8mb4_unicode_ci;
/*!40101 SET character_set_client = @saved_cs_client */;

--
-- Dumping data for table `assignments`
--

LOCK TABLES `assignments` WRITE;
/*!40000 ALTER TABLE `assignments` DISABLE KEYS */;
INSERT INTO `assignments` VALUES (1,1,3,4,'chairman',1,'evaluating',NULL,NULL,NULL,NULL,'2026-05-20 04:02:17'),(2,1,2,5,'chairman',2,'pending',NULL,NULL,NULL,NULL,'2026-05-20 04:02:17'),(13,1,23,25,'chairman',5,'completed','data:image/png;base64,iVBORw0KGgoAAAANSUhEUgAAAhIAAADECAYAAADKxcikAAAQAElEQVR4Aeyde2wkyX3fq6qH5C6579tdcmY4vWsltoxEyBmWbCGKJct63C5neIcglhPDARLDQf4L4DyQAMlfiv8JAtgIkPwXGDGCAPkjCizojkPurXR6WUqgSIckUIIkThztzYvk3r7IXXJJznSVf9XDmamaB3c47O7pnvkOu6erqqurfvUpztR3ftUPwfACARAAARAAARAAgREJQEiMCA6HgQAIgAAIgED0BOJXI4RE/PoEFoEACIAACIBAYghASCSmq2AoCIAACIBA1ARQ36sJQEi8mhFygAAIgAAIgAAIDCAAITEADJJBAARAAASiJoD6kkgAQiKJvQabQQAEQAAEQCAmBCAkYtIRMAMEQAAEoiaA+kAgCAIQEkFQRBkgAAIgAAIgMKUEICSmtOPRbBAAgagJoD4QmEwCEBKT2a9oFQiAAAiAAAhEQgBCIhLMqAQEQCBqAqgPBEAgGgIQEtFwRi0gAAIgAAIgMJEEICQmslvRKBCImgDqAwEQmFYCEBLT2vNoNwiAAAiAAAgEQABCIgCIKAIEoiaA+kAABEAgLgQgJOLSE7ADBEAABEAABBJIAEIigZ0Gk6MmgPpAAARAAAQGEYCQGEQG6SAAAiAAAiAAAq8kACHxSkTIEDUB1AcCIAACIJAcAhASyekrWAoCIAACIAACsSMAIRG7LonaINQHAiAAAiAAAqMTgJAYnR2OBAEQAAEQAIGpJwAhEfG/AKoDgaQRWM7kZdJshr0gAALREYCQiI41appwApM54P7GxwVnfMK7Ds0DARA4A4EJFxJnIINDQeBUBD52fxIH3OX0zg8ZdATDCwRAYDABCInBbLAHBIYmsJxxv8AmbMCdmfnrvyCEgjeC4QUCIHASgUCFxEkVYR8ITCoBzrU3gk/cgJu+/uwHbMLEEcMLBEAgcAIQEoEjRYHDEEinC/XlpYLnZgvSzeRlLltQg1a9X+ej/NJdfKORy731iWHqiCpPNq29EVHVFk09t29/9hwTUBEMLxCYbAKBtE4EUgoKAYEBBBYXP3egRQCtylxnBEsJh4YqRoMVpxdjFOi/suPdlJ+z1IzDpfdDsywdzmZXPDaG120acEXTPjZJr8bR/P4ktQdtAQEQCI+ACK9olDyNBNwbv3LkZvPSJQ+DXudS5+eIQ+huf4cJoevLZFYjFRTdA+6VK4Udam/iF8EZT3wj0AAQiBuBCbVHTGi70KwICbiZgsxl8r7Hgc3OzzDGhxyEOFOKMUYrLXrTd/UTKdswS4qrY0FxpzFM/rPmEZxbbb00ry6etcxxH59b0t4dq1njNgn1gwAIxJgAhESMOyfOpqVvrtZz2WPxwEk52OPpANOl8piUR57XKFWLvFRd4+UabWktU3zQWqL9JdrfWuvy+S9TGZ70tA5R9OqtLsVTznK2EPmNlBTnPJOJRsT0tjqYFO4I63tBCbYbTMkoBQQiJYDKIiJgfWFEVCeqSTABmj7wpy1mZlSK9MMrWkL+hpf79ZYAKFU3RLW64Wxt3SOvxSsOPWH35uZ3v0tlpCpbRVGurgstRkhY9Hgg6J+b5yIWE5zs1iKGNolcrl79q//eMpxkWrlcvGylIQICIAACBgH6rjViCIJAHwK5y5/bd7N5EhCregZCj5V9ctEMhWKKHZnCYV2Unnxrtm/mgBNJWMyUyGvBPGl5IchYnssUyO7PpgKuciKLuzD/4tfNhh164l+ZcYRBYCAB7JhaAhASU9v1r264m87X3WxB8QvnzzOavSCpwPq9pFf39CBOngFR+jAa4dDPDp1W2tpw5FHdOuGSk5pwswv1paU3DnQerP0JaG8E9/v5eD8Jw+3ttd8+jmEDAiAAAn0JQEj0xYJEEhCSCX7Sr3ilxYNeK1v3T8oXOczKh/dT/JnzkvwjzHzNOjNzucV8zxSImSeo8O3bnz3HEvbq9kaI2Z3fSVgTpslctBUEYkMAQiI2XREfQ9xsXpE1nNaeRdab3gcSELH+3/lg7+15fZKmbojZCJ7izq3snZdmWhjhxtFCou7DkE7/6r/mTPtuWjSUevDge19uxbAFARAAgUEEYj0YDDIa6eEQWFh4a8+lqQzGOLNfquN9eHg/Vt4H287eWLla5FIpS09I5YTiLTDroQ9WN8Re42KUkhIHf9s0p6GcC2Z86sMAAAIgMJAAfd8N3IcdU0RAX7L42hVvvrvJiql6qbqe6P+TSm1dSOMED845y2WCvzT0xT5/3uaXIBnhZvLSNleqWu2dRHlU2twRAAEQiJxAogeIyGlNaIXp9J2Dfpcslqr/54NydT2Sqy7CRlupFq3/ddIS/MKFt/aCrPfZs+RdJnlr8c3njPO2jtCum1J1w2IVJKMhy0I2EACBBBHAF0aCOissU2d4St/G2ii+OZXB2P+7bSQmPvjs+cELsxFXL/d6YMz90xBWKWlNYTieNxG3+J6GvkMbQSAuBCAk4tITY7LD1S7+9u9RbYSQpYRPZehW9Ft3d9+7yJTUP7r93brZy4sF61JRf8eUvLk0peE39fiNprHYg617V46j2IAACIDAUAQgJIbCNJmZstnVBuP0ZzSvVH3HMaITFyzVNkRbSVDrRIqJS5c+b3kqKHnil0yGBBTn3GqocP6hFUcEBEAABIYgACExBKRJzeIwZYmGUrVoDywT2vCd54eWcLhy8dxChE0de1U3buT/bYoz+7NP7ohy+Z3fZXiBAAiAwCkJ2F8mpzwY2ZNLoHmZZ8d+j3mNTmyyQ7u736ApDvt2VWFcxRFXiudn2d+wbCMXzbkLL/6mlYYICIAACAxJAEJiSFCTlG05S25tu0GqWr03YydNSGxAM0q13qs4Ll/4TKBXcQyoeqzJbkZf9trteJLqj//4O/9urIahchAAgcQSgJBIbNeNZvitdP6AOp2WzvGlrksjO3smO/TsuWMJh0uXL/bcR+MsBH72Zz/9m2c5PuhjP/rRz/wW4/TXVXCDpawrN7p2IwoCIAACJxKwBpQTc2LnRBCQgluXeu68OLAG0zM2MlGH7+6+rQdQcuw3zea0yWX1L3YKBLC82L30bwIoJrAi9l9c/P3uwlSD1XHzqW4qiIMACJyGAITEaWglPK9Lg6QeLFvNUJ6SOzvv6cG0lTR1W+2NaSsJaj3xoYUCoy7G5aX04TpbWaPa0Oe4W6+9+ZCMoaWzUzHFytvFibjhWKdVCIEACERNgL7roq4S9QVG4BQFZbMr+mRKcyBR5a1166qNUxQ3UVl3um5UdZYTL3f3xfM2HKJN4k3lMityefnOUTt9DAF1zrvRXW25uk4WdqciDgIgAAKnIwAhcTpeCc39id93mLBEQ6la/HRCGxO42bu7712kX+dtxwTnjOdyv/adUSrqd5tszgUXKjWjRYWbzauob4KVSa96jHHWeSnmKPXfO3GEQAAEQGB0AmL0Q6fuyMQ22M0u/i3TeNW81PP7Ztq0h588S720GHj7owstpdqixCrTj3Cmb4LlZgtq+abvJWJhv1JCWZ9z6Qn5k9r6z4VdL8oHARCYDgLWF8x0NHm6Wrmc1b9GzTYrVZ6ySz3N1g8K7+29vdDHK/HtQflPSi/V1gV5fLjH9O24B2sKMSMcmkZRS0t36yeVd5Z9bjYvreNJ41S21izvlLUfERAAARA4JYH4ColTNgTZewlcvfrxZ4LZv0ZLE/ocjd7Wnz6l2yvB5f5nTl9K54hqdYMExTrXokLyRl0pScN4Z78O0TQKm3WclBYUOfJSmGsmc5emJHSu0dZcbpWmL3QNneNJ5JhzHJ0dCIEACIDAiAQgJEYEl4TDLs4vXTLtfPHSfvqluQ9hxrq9EsQksEG3Unl3tlzbEOVqkR826g3GbE+FHu51Zeaa4o7ILRYoL1kywsKl+gvmYSnJHjC8QAAEQCBgAi0hEXCxKG7cBHJLeX2VgB6XWqaoJ0/eu9iKYNufQLdXws0Gd1+JVo3b2/dnStV1X1DYcqKVo7PlKeZPf7Q8FZ09J4d0fjOHdoX8/83iT5lpCIMACIBAEAQgJIKgGMcyHD5jmlWqrrxlxpMevnlz9dBNF7xcNi9zmbx0ac1lC+qs67UrXvfdLflJZZocT8rXb99saiZlHj8ozEkO0mJddzEor04n8ePp/DrcWpXk9rkSrR3YggAIJJRAfMyGkIhPXwRmSS6zag0kNILQD9+/sxZYBREUtLj4Rt0lceCmSSSQQHAzBUUDZHs9N6NmmWCCM+6//A3ZxQNYqQhrOalMM+NJ+U7aZ5Zx1nAul/8RdXbP5xonWJ6VLI4HARAYRKDnC2dQRqQnhwDn9gmWlRg/S2Nh4a295fSK1L/YfaGQyftiYU7/WieJQFJBj8GMNd8ZXoMJ/JmbK/+IS/5xoBrMCHtAYFQCOG4wAQiJwWwSuWeZXP2m4R7zyCFhpow/7C6teG664IuH12gqQQjB24NfJzSEofTbW+fSG6WYv6F4UFsqylj6l29kCLz+fu0w6+sO11Pin3en6XhDsdj9D2i7sIIACEwGAQiJyehHvxWvv/767wlmj8TV6j3H3znGN30Zo5vJy6bHoaCYIwTrNnSAfaQPGKM3qehd0bsn5UGdH+lLKkvV5qWVpVqR68say9UiD3I1TVKMq35lm3n67Q86zazPDLs09cPaaszcw1itVnTsFMRAIO4EYF+SCIgkGQtbTybw5NHy37NzHIZ2oyO7nk6s7W2gga01XaEvY2ScN4e55nvnAB1SpBX0lknlMS6PPK/RFAokDI5FQqVWFOXahihtbTgPH67N+dlDfiP9QpY1KyGzaWmG4/bupvOSDbBO0Stu9sIeEACBySIAITEh/bm0tHKDxhJajhtEv+BL1W+E/mRHN0PTFMbJkG1vA1lCy7Ex/Tc0SiuaeZElEgv6l3upuiGq1TVna+uedcVJ/6PDTz088qx7OCwtfeEg/FpPV8OtbGGPGTND3Ud7zJnqp7t280C8PwGkgsBZCEBInIVejI5Ncb5tmrO7zzpPoTR3BBTOZklAkNeBcZqm0GW+SjXoPKQcpMfU42fOfqk5DeF7GPSuOK4PH92zhFiKz1rxcdt8O/3mfyOk3Zerts2ifapWe2e/nYAACIAACIRAAEIiBKjjKFLYv0pVv6dQBmGXf74DeSAcJsQgd7pfjx7FaMZCKilL1V/6J1o4lMjzUNkqCn0HST9Pwt44veJishYRUsjXu+wh6p2U/QP1h50YQvEhAEtAYLIIiMlqznS2Zjlzp2G23GOHVtzcN2rYXXyjoU+W9M936CqkOQ2v/PMbfMFA3gYtGsrVoqjUNhzG/vE/6zokMVEllWwZy4fxurQyh7jtJyIkZyXSbR0LSVI8frz+pRDNQNEgAAIg4BOAkPAxJPtN8BQN1s026JGkGuC5Ebkbd+puNq9YaqZdR7Om5vuR5zXKNX31xLp/fkMzdXLey5vrVrvdpRVvnK3rJyKY5/3PuWfeY8Z07zP/RapurHb6RsTkDWaAAAiESwBCIly+oZeeztAevwAAEABJREFUy92qmZXQD1FazJRRwz/9f3PZvOSzqRQzBih2/NICQnsf4nJi5LFZoWyUQVQ54/NL5HKr73ZPZwjl/dfS1r2P1S87P9duPNlb3i5Sv7VTEAABEACB0AhASISGNpqCufzYkllTZfPd3zHjo4QzGf0Mi5/5s5z1DprTJCBa7IgCDc3NWD8mzT3hvmsRwaV6w6xFi4gHtXs/r9PIQK63/qr8e2P5wejfUCMIgMC0EYCQSHqPK2YOIEzKxpdHbVI6nT/IZQoqxZnoFEoz74wxeXjkTYsHgpprLfUxP/Dqdubu97lni4iGYu+3RAT1W8PsrzrzSlYDEAEBEACBEAlASIQIN+yic+l83ZARjHNZH7VOPY0xI/gcN0ckvzDl39Gx8ujrU+sq39xcs9ruksfGRxPBm/ZESO58ihn9ogS/X6sVP6Gr1+sM547eNlfFNjfv3W6G8Q4CIAAC4ROAkAifcXg1CG4NcB9UN059n4ObN1cPc9mC4syWEIq840de/bBUXcf/CPWgeZ4EI1iUFPpCU0x/ZHkiFGPkifheubx2p1X5a6/l3yZ7WlEmPU652lEEQAAEQCB0AhgkQkccTgXp9Mq3uF30qQaQdHq1oacx9OO4u8phSipZrq7zra375+wqpjdG3h7FWLP9JCq6kTV3BPh+e+nN92iK6ZfaIoF6VzDvP5En4tNmNfPn+JtmvLJVxGfaBIIwCIBA6ATwpRM64nAqSHH+y2bJDcXXzPigMAkIzyUPxIzovf6AxipVqhZ5ueuSx0FlTVN6XTqR3U/CXbr7Xaruc22+1DFaRDyo3ftL7TQKLC6+eWApGlKAlIwFBEAABCIlACERKe7gKuP0Mkur1dbeMuPdYUNA9OlzxQ7qvFGuxuvXbHcbxhnvPk8iLFuWlwvfZ47T8TqQiJDC+daDLhGh659Lyc7DyyhfqbbRp291TqwgAAIgEB4BfPGExza0krPZVetmQw3FrHh3xcvXCw3yQPT2NQ0+h416o0TTGA8frsXiQVndtk9TPJd767tCsU+ZbSa/0Vcrlbc73onjnW7mrtXnHpdtj8lxFmxAAARAIBICvYNLJNWikrMQEExZ/VarFa2TLs2yc/Of2xdzzDirX+9VzBcQtSLf3r5/LCB0OtZxEbiVyf+IS6/jiSBDlOBfLZfX/goFexfutP8HFAnCalXfirw3G1JAAARAIGwC7S+jsCtC+cEQSKd/7dvWvDhjNIwMKvvLgl89f97cS94LqT0QEBAmlfGGs9k7/0Jx/vG2FdSjkjtrg0RELpO3vA/CY0ftYxEAARAAgYgJQEhEDLxV3ahbh+9/xjy2oeTXzbgZdrM/tNzftE+R96LLO0GpWAIhsLh459T38bh166/9vGCpv8uMV4Oxd2k6w7oao7X72rVCkdOrFWfkjvhgu9g5V6K9AwEQAAEQiIYAhEQ0nAOrRfD2BYF+mbXaRvueAn7C8ZubtX+16uRSFSdTag5hrXOpzsPThq1DNV68z83MUmyT2LtrJpnhhfMsb8b3Dtk7ZhxhEAABEIiawJQIiaixhlOfm+k5ydJycbdqdTMrlM6t8YlEhBVv5cX2bASUMbNEMxKnYrycKZDzwahfcq+0+Y717BRjL1tcfPPQrEAxqR4/Xj/xah3zeIRBAARAIAwCEBJhUA2rTK6s/qJfrj3TFG6mIBknv0XLBnJ9P9/f2mlFsQ2YgCLAx0VyUhLHwVducpnCI+olq/9KXbfi7i5kLiVnzbRyFZd7mjwQBgEQGA8Ba2AKygSUEzyBW7f+8n/oKtUatq5fXzmkwUnRxIf5o5XtH6mjp0/fv9J1LKIBEZCcyXZRFvl2ak/g1q383+ecvdbeoRiTXHy2He8TcNMF63wXj/FOvX3yIwkEQAAEoiIgoqoI9ZyNgDw8+pJZQl3K77Tiy0ur3vysmKXBqZXE9El4+hLPR482cCJeh0rgoWp1I2UWmk7nD8x4v7Cs898z07mX+oNK5Z12f5r72mHOrM9qtbpmeTMYXiAAAiAwOoEzHWl9OZ2pJBwcKgGarbB+725ubvyKrlBPZQiHpjzMvfQL90g2PsQlnppQtGtKsRPvy3FreaVqCz7+vz7Y/tpvnWRlLpOX5GlqZ/FYfa8dQQAEQAAExkwAQmLMHTB09aZQIH+DPk57ImiAsfeQK6JUK+oHbt3UebBGS4A71CMDqvzIR77400qJTGu38vtq7c+14v22uRt36pxerX2kEVW1ev9CK44tCIBAAglMmMkQEgno0FvLd16aZnLFGuSJ8HxPhLHDo3nzUnUdfWowiTpIA/3AKr2DuffNnYrP/EUz3i/MZ1PW1EkZl/D2w4Q0EACBMRLAoDNG+MNWLVXKOs/hwHupXd1W33lMepg3H5ZosPm0Z6FVImect8Lm9lam8LuKq4vtNM72K5Wv/aAd7xNwswVLlzQUnqfRBxOSQOBVBLA/ZALWYBRyXSh+RAI0MtHSOXgudb4jLGioqUtOIsI+6a+TG6GwCSh5cg25zJt/IDn7B2auo8bciVdp5JZWPDM/I7VSq+F5GhYTREAABGJBAEIiFt0wuhH6qY9RPeJ6dCsn+0jBJcm5/m1cXPyNj3Auf9NSgop/c2vrD3/Y/wjGMpk357kjrM9mqYa7kg7ihfSYEYA5U0fA+rKautYnoMHujS8MfCAT/Uhl1Sp+pY67G6VQhvfA1hSzMzsbpn1CqX9Zqq193kzrDjtcvjDTDuri1M/wMI9HGARAAATCJAAhESbdIMqenbVOtjOL3Hl+aA045j6EoyNQqbxr3HGSM/9yTap++eYdjyv2MxT0F/JK/MmD2vpv+5EBb9nsF/cpHy3NDIrU4sOH7xjlN9PxDgLHBLABgbETgJAYexe8yoD2mGJnpAFmd/e9i3YiYmERSKdX7edidFdEI34ridNLh8VMyvp81VXKv/eH3jdoddjseWa8ypjSMGggCAIgEEcC1hddHA2ETayvkni841iXhIJTuARmhDrxs6IadUto5LL2A7nIM/Gfa7WvlU+yMpPJG1MklFO96jROyoMlWgKoDQRAoIfAiV+OPbmREAsC5IxQe3tvL8TCmCkxghwObUGn+Xc3u/zw6zPMOD2CMjtmniPFP2nG+4VTnFufx1Jt3Sqj3zFIAwEQAIFxE7C+uMZtDOofjsCTZyl4I4ZDFVguTsqgVRj3SFa0IuZWMWlGzbD2aOj7QiwvdnkdjjPlsvrR78cR2kgmbe8EpU3hgiaDAAgkgACERIw7yV203ePaVBqp4I3QICJcu8+PKG31v1KmtFkkD4Lhluhjo0hxcfPm6qG5K5vNe5yJtlTRJVSquC8IwwsEQCARBCAkYtpN9Ou1wVKMBibDQCVlBbdINoBEE9TehFPUpHXAidnPzaj2VRi5xYLnMHtKY+f5+R+dWEBYO1EuCIAACIxAAEJiBGgRHeJ011Oq9f8l3J0P8WAJ0ESG4S2g2AnFlwY860RJ8wwKxnKZu/L69Ts7PMWMzyBpEMnk7u5//IUTqsAuEAABEIgVAeNLLFZ2TbUxy/QrdaoBxKzxvC0jGBt4fgQzXtIWDXpPeVPfmZKEgo7QyrnDz8+lLlGwvdSlkM3pkXYSAiAAAiAQewIQEjHsIpE6+VLDGJo8sSa5GfskyEHnR1gADvetS0Fb+yT3rDtUGvqENRSTm5trPV6o1rHYggAIgEBcCUBIxKxnlpbu0iBkDjExMzCp5oxqN++cBDlsEaUn32qfA2Eeo++AKWXvczm0n6JW0ydqmrkRBgEQAIFkEICQiFE/6asDZoWDX6Xx6ZO0aUr3eQ7mvmHDlc2Nns8cyUatJYYtAvlAAARAIFYEer7UYmXdFBmjRcSMUA6jUaXVbEUz8q1wwrYTYS5Na1TNhpQ3d+6Z8dOEl9MFqfO7mby/1WFj5ctLzf1GGoIgAAIgkAgCEBIx6SZfRBi2HHmeV66uDXxgl5EVwbAI9ExrfC8/alU0QcIzmRWPcW5IxU5pQjDuLr1B01qdNIRAAARAIAkERBKMnHQb3Yzxa1QxpkXE1ta94UXEpAMaQ/uy2ZUGdUWnZtV7bkNn5xAhkg8pTnLByHpQ5x3hQPuZmHGa58gYmRAEARAAgZgTgJCIQwdxxltmSKYURESLxvi2DhNOu1PIjFKt99wGSh55IbHYePhwbaahvM5UB1WIc2RGRooDQQAExkRAjKneJFcbqO3uzbx1SSATXudXaqA1obBhCeSyBcsZwdgZvRE9FfticUYn12r3HJrvsMSEmy54eh9WEAABEEgCAQiJcfdSillTGJXKu7PjNmma63ezeUmOAQtBqRqsN6LUdffLarXr/hGc4XPJ8AIBEEgKgfh/YSWF5Kh2WufeeV2/hEctFMeNQmD5eqGhmNUhrFTd8z0Ho5TX9xjVN5UmtIy+71Yy/Q9BKgiAAAjEggCExBi7IZ1etVzYpeo99MeY+mNx8VP/Q8wx67yII69O00zfpvV0Rrn9L/FsFkIiwc30Tl2Ua3bfLy/Z/xvNg/EOAiAAAvEj0D1wxc/CCbYoJTpedHXys6B8CktLKzf8AN4CJzCXuvrnzUI9JtXW1v1TeyOuX//Vb5JTg+SCWVpPuP/nzvBWcEf2z9NTFBJAAARAYLwE8GU1Rv6cRpxW9Zy/WknMOmK7lR/b4AjkzMtvqVgaz1V1xPMizs+9/CwVYS+elB7j1gmVN2+uHtqZ9CmdnZM66X+DXb6c/5PuPIiDAAiAgE1g/DEIifH3gW9BXTqdgcZP6fvG+6YicWQCueyqxznjZgHlanH0z4XijIRIe2WSSf2gL31CpU5v1XMuJXu8Hd23z750gX+klR9bEAABEIgrgdG/MOPaooTatbnZ/y6WDWXctIjals2u2peLUhqWUQl8WdCw3/kM0Ej/dHd3b9TS9HHlWlGQEOGt1XosuPL1hc7GGOf8ypXVJ6zrRX4psqKZqNWNe9L5Fs1seAcBEIiQAKrqJdD5Eu3dh5QYEKjV1qxfro6S1uWiMTAxsSbksv/FOpFSHjHv+fM/uhBWg/YOHm6ZZV+al1fMuA5rIcIMvcE449eufel/631YQQAEQCCOBCAk4tgrXTaZv1IZ5117ER2FgL7Uk1swlao8KoYq0p48+WFG0atlr+KcX7++0nOuhHjGH3fEBGcXzu1/tHUMtiAwXQTQ2iQQEEkwchpsvHr1488GtbP5K3XQXqSflsClS59/LmaZYx7XUE5ongiznnJtvf2Z47RjfpbP0sZaHuwVr3eLx9xiwfKeWAcgAgIgAAJjJND+UhujDaiaCCycX7xEGywRELhy8dwFpkfx47okY7JWe2f/OBr6RkqSCa1aOGfL17/YIxK04GifLEF5eUpZwoeSsIBA4ARQIAiMQgBCYhRqQR1juLkF58bQFlQFKKebgJstkG7opNKQrirVYqSDdGWz45XQlvDZmf71N5in9zdXznLZFcv2ZjreQQAEQGC8BCAkxsh/d58/N6t3M3eNgcPcY1EVe34AAA3iSURBVIe1a95OQWwYAstpfyA2BJti45o28phsiwLOOev3oK7ydjFln3cpDNuHaTHyxJsArAOBySAAITHGfnz2rHjZrt4Zqj9817x9IGInENDnn5AnQglhDsSK7e7x3RMOC3VXtbpheyF4/wd17eypnzDjtZzOtwWIkYwgCIAACIyNwFAD19ism4KKlTVfztgJ3gZzypx+weJ+EsP8e5CAkBfnl7oEG2PyiHu9Qm6YEoPLI+uNjgeKfA1uxveYWBXs7Kx/hJlTYILcF1YORIYlgHwgAALhEICQCIfr0KWWu+bLL+sTAfscXarO37aShQr1UkWrrgRG0un8gZvNa/FFQ3SnATqhoaSsfEjTBp3ksYQqD99NKW1Qq3YuLFtbyXXFjlphve03DaLTsYIACIDAOAhASIyDem+d7eFEjyT9n/z4lRJloqVzsJvpfYpkZ+90hpaW7tbdbEHNCD7HzEszNDnJVLla/Ke1Wte0Ahvfix/sW3cqzfXxSmxurp9jTDegaacS/adBmnvj8g47QAAEpoUAhEQMerpUtZ/tIBwlaEDsvSSwKx+Nk+g/6r/mORArkoSVmnWcvp6ap89390qbPucv0yGxWUpPvjWrDJHABnglPCba50Zosak9LrFpBAwBARCYagIYiOLS/S/tX6azwnHcpbuNHvPq9rM36Nd3e4DpyTvBCU3xUJDUftU8B4KmBfQIa7RZTxuoo0aDhBoP89bXRpUjBZ88S7XvYaGbkMn0epr0Q7/MwlOcWTeyMvchDAIgAAJREhBRVoa6BhPQv0z13H3bga1HFBIT3Z6J0kP72RtUIk+nP29dRkppE7k0xUPeEA/kk+nXUoJYl1yWa0Ve/vBd61kl/bKPO21v7+0FMrltBomEvp9LaZx0yTnjly+vPGgfhAAIgAAIjIlA3y+sMdky9dXquXtPSdkeVDhj5Kp39K9uEhTtufTn+8y6bHFGnLswqfD0MzHcjCkeaAg9obHkhVAlEhCbm2vOCdnOuCv4w5XHLc/SlStvPuqu5eBo58edNM4uL3C3E0cIBEAABMZDAEJiPNwH1qrFhGRcdmcgQZFyMwWl7yOw4LAFpTp6Q+ddTtt3bNRpSVu1xyGbXfFcaosWT3oVc8xhnJOkOrE16unu7p6ewiAvRCL/pytbtvC5NO9d627xo0fff928FFRzgVeimxLiIAACURNI5Jdu1JCirk/Ph1v3GGgZQMOpEJzrwZXeKdbawZgQjKY4CjudlPGGFhbe2tPPkFhezHvLWd+jIHN6S96FXLagrJUEkhZJ+lwHR7dEMG5a3x0mrwOTUqrn+1s7WjzQKuJ8DkS3/SfE284oxjm/du0XK915xQ6z+hheiW5CiIMACERNQERdIeobjkDl4bspGiDJNdG5lfKrjpwR7JIeoN3sirx5c/XwVflPu1+XSd4Cz83elblMQeayeeUerzkSB66xvnbFmxdzs45Ica1xtDDgnPkLvTHGGeusrQgb8KLhVYsHWpWY2TtPXgde2dwQT5++f2XAEYlMpv6mzyM19tj6C+euZ46D7c2DvfWrlIOW4yTOca7EMQpsQAAExkOAvrjGUzFqHY5Apbrh0ADDtUvbukxwwOF6TGZM8HMzalYP7Dka6HM0wA+/FnxvgZvJKzdTaIbpeF2WLpMJ+mMODV+Mc8bJiuaq3ykS3EKNlQ0mxYxK63MetHigVTx48O2D4CqJX0lScUskXOvjlXi6M/vYtPzyvMC5EiYQhEEABCIlACERKe7RKyvV1kW5us5L1SLX5wMoqX+fK/12YqGcBntOOU67MpIJjA6ihY4OalGs+de8vZIeMfWqRZKUUrGX+3XdPn+tFUVlu+g8eLC+FVTtSSgnNbs3b9rZzyvx4sVXbxBHH52fV+AKDp8D3kAABMZCQIylVlTaJjBKQJ8PUN5cFy1xIZXsPLNhlAJPfYwew/TqCwIdUJJJ5TEp5eGRx596L30xQKLH3q7zMomhMqWbq26HnqrQl8Ce2pQJO+CB9rhI0lvH7VKc80uXvmCdF6F3Pd2Zs70SuIJDY8EKAiAwBgIQEmOAHnSVldpGikZyPaC3iz7y6od+mqIXpeqdp1kZHaboTR+q78lw2Hh5WCIB0FzXyTOi1yIJg6KgNEFTMEI/0bLy6OupD/bvWb+qqQwspyAgnfmFVnbtEbp8cfZSK97a9nglSHBcvrzyQWs/tiAAAiAQFYEpExJRYY2+nvJmUTSU8rRYqEvlbW3dP6fT9K9989f/sOHmceT1qBaFvifD9vY3z0XfqumssVL5yktzzorTHJO7tNLjder2Sly6IHLTSQytBgEQGCcBCIlx0g+47lptPaWFwubmet/nTQRcHYoLkUC5pp8LomXhcSWO0J/VO8cxf9PtleCMcdf99fsMLxAAARCIkID+cgqtOhQMAiAwOoGjRsN61oqbLWx0l0ZeiSdmmmrsfsGMIwwCIAACYROAkAibMMoHgREJbG3fnzGnOKgYfdOx9q3SKc7IK3H9+FwWHWWcXn4AbyAAAiBwegIjHQEhMRI2HAQC0RAo1+ZfN2tKcdYzbdXtlXAzd3vOpzDLQBgEQAAEgiQAIREkTZQFAoET+MqPVYO1n73COWPZbL4d19Vpr4R/Ia6O+Kt/PoUfwhsIgECMCUyIaRASE9KRaMbkEihvFx2avmg3UNAExrVrv1hqJ+iAokkQvdWrVht6ixUEQAAEIiAgIqgDVYAACJyRwM7zo92W14GcEmzh/A3rUs9SbcP6LC8vrWJ644zMcfjEEUCDQiJgffmEVAeKBQEQOCOB3d1vXFbGczi0mHDT3feW6Fwuyh2Fz/YZmeNwEACB4Qjgy2Y4TsgFAmMnUO6+t4QQ4sqVtzrPIjGmN7TQGLvBMGC6CaD1U0MAQmJquhoNnQQCj5+l9s12XJpvLLbipa7pjWwW0xstNtiCAAiERwBCIjy2KBkEAiewt/f2glLSmMPgzF18w7pxVatSwTC90WIxBVs0EQTGRgBCYmzoUTEIjEag3OV5YKkZp1WSYh2RgemNFhVsQQAEwiQAIREmXZQNAiERUA1mXZXhZlf8e0vsHzSsO19ms595GZIJ010sWg8CINAmACHRRoEACCSHQHm7mGKdCQ5Gsxj82rVPPnj8+OtzZisctmDFzX0IgwAIgEAQBCAkgqCIMkBgDASevTh81q6W5jEWzr/m+nHVkRhKTcTdqfxm4Q0EQCCeBCAk4tkvsAoEXklgd/cbV0kztP0S3L/j5ScfSE910khHXL58t/LKwpABBEAABEYkACExIjgcBgJxIPDkWco6B+LCuetuZXu9ffKltvHSgsjo7dArMoIACIDAKQhASJwCFrKCQNwI+JeDso4HgpFb4tq1T/5Eqk4ap1fc7IY9IAACk0MAQmJy+hItSSaBM1vd65V47dZhfeGSWfByJu9f1WGmIQwCIAACQRCAkAiCIsoAgTES0F4Jqr59XgQjD4TnlX7MFP3RDr1QEtdbrCAAAiAQNAEIiaCJorx4E5hQ657vpzrP3KA2Xjh3/dbOnlejoL9oFbG0dLfvHTD9DHgDARAAgREJQEiMCA6HgUCcCDx9+rUM+R8MrwTjjvO0ziixZeeMI/B5b8HAFgRAIDAC+GIJDCUK6kMASRESeHHw6AOzOu2VYMZJl6QptGPCzIIwCIAACJyZAITEmRGiABCIB4EnT37wU4qUQ8saxRknj0TbS8E5RVs7sQUBEACBgAhASAQEMhbFwIipJ7D38nHbK+HLBm5PZ2Szq9YzOqYeGACAAAicmQCExJkRogAQiA8B7ZXwDK8E004J1nk5TOEz38GBEAiAQAAE8KUyOkQcCQKxJFCtrgvz1IhYGgmjQAAEJoYAhMTEdCUaAgIdAk92UvudmB3C9IbNAzEQAIGzEUiOkDhbO3E0CEwVgeObVPVtM6Y3+mJBIgiAwIgEICRGBIfDQCDuBKTH+98Wu30dR9xbAPtAAASSQGCQkEiC7bARBEDgBAKVrTWn727/co6+e5AIAiAAAqcmACFxamQ4AASSQ0A1GC73TE53wVIQOAOB8R0KITE+9qgZBEInUN4upgZOcYReOyoAARCYBgIQEtPQy2jjVBPwpzhwXsRU/w+g8cETQIkdAhASHRYIgcDEEni84+xNbOPQMBAAgbESgJAYK35UDgLRENjbe/uCkgx+iWhwo5bACaDAOBOAkIhz78A2EAiQQHmzKBSkRIBEURQIgIAmACGhKWAFgSkhIPnzgylpKpp5BgI4FAROQwBC4jS0kBcEEk6gWv3uecYk/BIJ70eYDwJxIgAhEafegC0gEAGBUnUDn/sIOA9fBXKCQLIJ4Asl2f0H60EABEAABEBgrAQgJMaKH5WDAAhETQD1gQAIBEsAQiJYnigNBEAABEAABKaKAITEVHU3GgsCURNAfSAAApNOAEJi0nsY7QMBEAABEACBEAlASIQIF0WDQNQEUB8IgAAIRE0AQiJq4qgPBEAABEAABCaIAITEBHUmmhI1AdQHAiAAAiAAIYH/ARAAARAAARAAgZEJQEiMjA4HRk0A9YEACIAACMSPAIRE/PoEFoEACIAACIBAYghASCSmq6I2FPWBAAiAAAiAwKsJQEi8mhFygAAIgAAIgAAIDCAAITEATNTJqA8EQAAEQAAEkkgAQiKJvQabQQAEQAAEQCAmBKZUSMSEPswAARAAARAAgYQTgJBIeAfCfBAAARAAARAYJ4FIhMQ4G4i6QQAEQAAEQAAEwiPwpwAAAP//HOLj8QAAAAZJREFUAwD1jX1MC8wPKAAAAABJRU5ErkJggg==','2026-06-26 17:05:10',NULL,NULL,'2026-06-25 04:46:16'),(14,1,24,25,'joint',5,'evaluating','data:image/png;base64,iVBORw0KGgoAAAANSUhEUgAAAhMAAADFCAYAAADuW3A/AAAQAElEQVR4Aeyde5AkyV3fM7O657W3t7d3ezvTz707o0NIEP5DPISxgNDp9na756SLkLB5BA5sh0OYwMZgILCxsSIgjDGPwJgAjMNhsHGA4yTg7rZ7Zu+EBIKwUAD6Q0g6PfYeW/2a2b3b3ZvZxzy6Mv37Vb+yuntmemb6Ud397anqyszKxy8/WVP5rcyqaiXwAQEQAAEQAAEQAIFjEICYOAY8JAUBEAABEACB4REIb0kQE+FtG1gGAiAAAiAAAmNBAGJiLJoJRoIACIAACAyLAMo5PAGIicMzQwoQAAEQAAEQAAGLAMSEBQNOEAABEACBYRFAOZNEAGJikloTdQEBEAABEACBERCAmBgBdBQJAiAAAsMigHJAYBgEICaGQRllgAAIgAAIgMAEE4CYmODGRdVAAASGRQDlgMB0E4CYmO72R+1BAARAAARA4NgEICaOjRAZgAAIDIsAygEBEAgnAYiJcLYLrAIBEAABEACBsSEAMTE2TQVDQWBYBFAOCIAACByOAMTE4XghNgiAAAiAAAiAQBsBiIk2IPCCwLAIoBwQAAEQmBQCEBOT0pKoBwiAAAiAAAiMiADExIjAo9hhEUA5IAACIAACgyYAMTFowsgfBEAABEAABCacAMTEhDfwsKqHckAABEAABKaXAMTE9LY9ag4CIAACIAACfSEAMdEXjMPKBOWAAAiAAAiAQPgIQEyEr01gEQiAAAiAAAiMFQGIiS7NhSAQAAEQAAEQAIHeCUBM9M4KMUEABEAABEAABLoQGKGY6GINgkAABEAABEAABMaOAMTE2DUZDAYBEAABEACBIRM4oDiIiQMAYTcIgAAIgAAIgMD+BCAm9ueDvSAAAiAAAiAwLAJjWw7ExNg2HQwHARAAARAAgXAQgJgIRzvAChAAARAAgWERQDl9JwAx0XekyBAEQAAEQAAEposAxMR0tTdqCwIgAALDIoBypogAxMQUNTaqCgIgAAIgAAKDIAAxMQiqyBMEQAAEhkUA5YBACAhATISgEWACCIAACIAACIwzAYiJcW492A4CIDAsAigHBEBgHwIQE/vAwS4QAAEQAAEQAIGDCUBMHMwIMUAABIZFAOWAAAiMJQGIibFsNhgNAiAAAiAAAuEhADERnraAJSAwLAIoBwRAAAT6SgBioq84kRkIgAAIgAAITB8BiInpa3PUeFgEUA4IgAAITAkBiIkpaWhUEwRAAARAAAQGRQBiYlBkke+wCKAcEAABEACBEROAmBhxA6B4EAABEAABEBh3AhAT496Cw7If5YAACIAACIDAHgQgJvYAg2AQAAEQAAEQAIHeCEBM9MZpWLFQDgiAAAiAAAiMHQGIibFrMhgMAiAAAiAAAuEiMJ1iIlxtAGtAAARAAARAYKwJQEyMdfPBeBAAARAAARAYPYFBionR1w4WgAAIgAAIgAAIDJwAxMTAEaMAEAABEAABEAg7gePZBzFxPH5IDQIgAAIgAAJTTwBiYuoPAQAAARAAARAYFoFJLQdiYlJbFvUCARAAARAAgSERgJgYEmgUAwIgAAIgMCwCKGfYBCAmhk0c5YEACIAACIDAhBGAmJiwBkV1QAAEQGBYBFAOCDQIQEw0SGALAiAAAiAAAiBwJAIQE0fChkQgAAIgMCwCKAcEwk8AYiL8bQQL+0TgxIn330knsqbbmopf1H0qBtmAAAiAwNQRgJiYuiaf3go/9IC3sFftpVQyDUGxF56pCEclQQAEjk4AYuLo7JByjAj0JBRIUIxRlWAqCIAACISGAMREaJoChgyKwP33P7Ep2oSCW8pJXo0Rxi43Fc96th/ufhNAfiAAApNIAGJiElsVdQoQeOC+ufvsAE/opmCQVdN0cxwpBf4nBD4gAAIgcDgCOHEejhdijxmB1NJFT0jLaGNMqbQSaYS41/JRcgdGJ8g/9gsqAAIgAALDJAAxMUzaKGvoBKSjAse4W84H/GyQMXiQgzlgBQEQAIGjEug4sR41I6QDgbARSCWywRGHXVPtr43IDQRAAARAgAlATDAFrBNHIJXIaHt2Q2hh6lMaE1dXVAgEQAAERk0AYmLULYDyDyRw2Aj8GKgUUtrp3Epun2N9n112JnCDAAiAAAh0JYCzaFcsCBxXAktLF6qi7TFQGfn8y+NaH9gNAiAAAuNAAGJiHFppKDaOfyHnFi7cnXEcx67Jna2dnatXr77DDut04wbMTiYIAYHhE0gnlj9qve5ep5OZy8nkdyWGbwlKPCwBiInDEkP80BLwTjlztnGmKvSbb740a4d1d7f+DYJ3bHaPjVAQAIH+E0gml79ZCPNBK2cpjDyvzN1CKpn91CNLzzxi7YMzZARaZ9GQGTap5qBegyOgpJDN3LUwhfVcYJSiua/NIaWVDmqijQ68IDAsAvN/S/+JX+xSmpRGvEc7u6+lEsufTiQyj3eJg6ARE4CYGHEDoPj+EDh3MrNFJ6JWZjr4ZsvWjqBraen8NTtEVmk8ww6AGwRAYCgEisVn77nF3Dv5NfcntmfjpOs/TgXThr7rCw1VvNsR8svpROaj9SBsQkJgQsVESOjCjKER8E7KGbswd91/s6Ud1NUddSJn7B1hf3z05MknC4uLF3fp6sxLxrNeMpbRqXhWpxL+atLxrEknrLXd39hH4ZSmI249THOelI/m/NPxjE7GM15i6UI1mXxqh22wmcENAv0m8PIbf1gplHJPkqhISCE+SfkHRIUQ8oPpxMVnBT6hIQAxEZqmgCHHIRCY4mj78a598zU0ydGK0HbCau0YtYs7dOrczen7Z5KzERWhqzNFdVb0JaUUtPirEFIEP+3+xl4Kp6Xhq20pgBZ2Syn9nCTnL6SUihaHPspEomwD2+ILDxIlJDR0PI4fSGNwWPtLgEXF1VLuvZaosApQH0rFl/+PFQDnCAkcS0yM0G4UDQJNAucST91retjhSY83B63x+PlrUlqxjAzVYx333ffBcppGBbjjFlLallpGj87pG0RfSkoZkUKxnUGBcaGndhD4gMABBBqiwjHiJ+yoUprvfSSx/Lt2GNyjIQAxMRruKLWPBLSIBJ7YcNcv8Y93HViCIyMP25Hc8qXmD4DZ4cN2P/TQk9tpuuI/fWortreIoEEUQ6uwV7LUUKCmVZDDeDRGQ25ysrfrKjzaqykTSkQujkOJeEOZCcqddpHL//a/yLPPQtpCCPqqCQzHFxhcFxIa+sEHP/hlgQ8IHIPAa+XcL7ULCi3MP0ols//jGNlOS9KB1hNiYqB4kfkwCFDfRUu9JO4J6879Nun0Ux+X3Os1IvWYrhG939tHY5lzicTFKne8J+ZmZtg0uW8hvFdSp88dvqRuXhrtSb1VVZ5bySu3lFeF8qriHzbbdy2tUrwVir9C27wfv1DKy0I5L91SThbI7frbnHTLtJKb/TueV/WodCqYln0NFVwXIYS8b37rcR65SJ59qirwAYEjEugmKOg/4J+kE5nfPGKWSNYHAhATfYCILEZHILXw3ruB0j2vt6F1L/KEnW7znti0/cNwpxfPV1PxjH8TpKfk645QTr3jFT19SE9IKTmJpPhSOUbNRU0knajdgJlKUN6xrE7Hsr0xoUx6XdbWVqMlFiylHAmRlsjwhKYPDWjQ0k1lsKEqGnHqNupk8rvmey0T8UCgQaCboBBC/uC5ePa/ilF/prR8NaX1RrUnhIB8YH7Oroq7vhq1/d3cPCoRCKdRiZs3c6cCYQP0pOIXNHemIhJ1pOTudTCFSZYZir5U7X4GLjMVvzjQ+0JKpRWnWGGBkadRjZrIMIKnUbrWUSpz926KxE88jtGKroQQuCeBboLCSPHDqfjyL+2ZCDsGRkANLGdkDALDICBbhXS7Em7ttVxtoxK3t4YzKkGdueaOU0rHstqyy3IaroypfWgiw/gzCuS1tzQEQNF4qSXkJDXX3t9SKkl2GFoHKipsCwqlFX/0wlS7qwqGEZGN0YrM0OyybYR77Aj4BncTFFKaf51OLv+2HwFfQyMAMTE01ChoQAS4L+o5645OlHrgGzcGNyrB0zDpeKY2EiHEvuMQPEXg1u9JKJTpqr6cr93HQNMJLrnb12JlRRX8fRSX0hVodWnVsrorjCaVQXMNYs+PLypSS8N74qKwnnPYxl1ttmmsgsh3s036dqUTEBXd6CCsk0A3QSGM+WedMREySAIQE4Oki7wHT8Dqkqj3tHydRadq9w4ExAffVNgZ8/ghsdjybpqG7+Xp+XmSEIEy23Onfl+zCOApgvZ9R/EXi5dn3DILDZ5uqAkNc/PePTrBdvCRjqNisczWUco5appKJT9XLNdsE90HKyhrKVPxrOEnW8iDZVQExqRcFhRRJf+9sPRzOpn5szExfyLMhJiYiGac4krY3XRHV9niElu8uC2VCBzvRs3931aM/rj4Sp87wagyBz5mSrMWhkVEoZJ3+lP63rkU7n5iwaXRjW6iIqJE4NHavXPp/x63PgWytSuroq39eBiHn2xJJwZ7n0f/a4UcR0HglcKln1NSbjTKNkZ+e8ON7eAJBE6ugy8OJUwrgccee98pvlL319oIQd9RaNneHdWKSC5mvGhEzdR8te+q8aqFwse+u+Y7/jc/MZGmK2m+0udOcL8cjRE1EUGd+37xBrGvKSr4HRT1AqSQIjXiaYVr1y5FeZSIxVWbpiAra/d5LC6+d6gjKFTwsBaU0ycCxqk+0xidkJRnKrb8OdpgGQIBiIkhQEYRQlS3Zm42OSgxkOPO82Tg5r2zZ5f9lz+piAyWR0MC5fLqgU99NO3dxxGLZf3pDKqRoj55n5i1Xbc2710t0BB/zTe6b34Hhd1pSyFlMrHc90dIj1LDQiknhacDbcn5zEbmZ5MxjFIwC6zdCVy9evmTdCy3HheX5uu7x0RovwmofmeI/ECgGwFz0OV6t0SHDJuZ8d7eSEKjBHouamaEbITUtzwq0IcRgXMLF/xHGqNKHDidIehj7ppdlzrJjY1PPELeUCzcaduCQgkTmvOBu7biMC/bPobGP0bC00ixo9znwRlgnXgCRppXG5UcwmmnUdTUb0Nz8pj6lphwANSn01KrZHsHUQs9/HeMRgXsVFtb99b56pqnUkhENMvz4/iFakND6cc65vklS9SZaXPamQ8W4JcS+KLpDLHjeR53ioWb+ZnAzpB4aCynYwQgJKb5ZrDgaR+l4A4iquQsflzMR4QvEAgFgWOdWENRAxgRegKJtvn42fmtn++H0Y62rqSNEfMzJza7Xl1LYapCnXBLK8c63nmInV+yJCVJlY4KkAG+YKnvIDdNZ8i1tdWeRi7qqYa+2dxab00/9af0vuey1ygF/7gYv4K87wUiQxAAgUMTONbJ9dClIcFUElDUsdoVv3LlT/6t7T+qW0W0bKalHr7pthxaertuMafK5Rda86jW/l6c/hMaiazhIfb2+CwheORB8L2fLWvYG+or/kY9bt786zNsbMO/uHh+t+EO27ZQ6ryXwhHKWVo6PzE3Zsbjn5uN+QAAEABJREFUTy8kk8tvW1x82uUbh9MkxFPxjE7HM4bcpratvS49Tcdk9zVjKA3FveCFrQ1hz+QSUJNbNdRsUgk8+OATm3QSpc56vzdJGv+JiWJx9cjTC9SxnqByjP+ERheYNzc27tDog0qdzuwIoaQdxa3kHNvfd3cfMzTWQMusEwm13TxKsatNoJOccaKzPP3URyRDzyp59qndFImDiNR3lDFfmY3olPJvHJb+R0g+vGj1tweZJym6FEI6io/fdDyr4/HzLwt8QGCABCAmBggXWfeHwLvf/f1Pp/gHqxJZnU5kzH3zc/dRznS2pO8uS2R257+5pfyxj+1ZJ3q7S/aicTPl5uafsx1CLojAkyG7Wg79R8O62dlrmDRWTNttBYfJWankI56QJCZbVvH0U8s3Pq50ovY7LSoaoVmbAdkthYzI6NvTiayhaaEAtwGViGynkMCxT7hTyAxVPiYBPqm1r6lERjfeI3D27PIuDdOScMgajlcu3HheKiGpWFppIUf74veBxlR5yuHVV1/6wfb9h/VzuUKKZjKazuh6M2Xt5NyySWtjKpVL9zcTjoWDa1c3VMpWZepBYdyUSpdoBMWym4xMJbJj01GmExf941uI/UbXqFI8fWaonnRcefy2UE9rZ3unwMf5Xqv2ur3rlPOi0mgEjY/t5CQ/YqvV2VptaQLP+OeNhhfbARJQA8wbWYOAT8BUlec79vmSQkp+jwCf6OaiJiLps0/0jl2SQtxyPjBCQEFHWlI0LBxISCfzQjnXcTPlqVPLLztkdzOuEaJYOf6ISDO/YTkk06sXFhimqIeFdMOjT4S8aR3VQqYG/KuozcKO4Hj04SdfSyX43ocsma3I3GAmdJiJqhHbQZGQl245r1w6rkqlFcXTPK+98VI6mDLoK67lVIGO1+2qdM0euoLv/2FbTp364EvB1OPvozo3xQT9e26Pf43GowYQE+PRTmNtZfHapag21eqelehxB52B6dQozM4dscEnXGM0B/WYurdoKZpOob41cKJ36WTeLfXJBe9rhWhF1TviQNEkwvlpVcK0nOE0NWhVgW/KtIKkVDI9oDesWsUcyplILFe54/ZmZh6RQnakpc5P7OrIFwrlvCyXc3MdEY4YsL5+6VyhlFfMqGo8zf88dlaSbDl139b70ksXx/W4tavTcsuWM2L0r7V8cA2SAMTEIOki7yaBYvly1KUTf/sqanPfe4kCPs9qt3T3ZzgdnxQL5Zxau9X4lc/+Hr7peNaTis6wovVxS9/0aMsXdEmlWgE0El18Ixfqx0Bbxu7jklSRfXaHcRcfGwG7lLAaJrBnqJ50/IJHo1zGEYbmMqwejq3gI57EsCfmf7VQystK5bmBvqmxXF51XBIrLv0PctFsQnN1VCh4Ne05hiOVWL7aJE0Vfa2c/8ljZIekhyAwMQfRIeo8rVFDWW+X5r7dUk7RKne83W2hJYmHnGQ/rcot81MRn/zZ7sb3b4o8Fluukoxo/T/QiejW5tamEB95vXvZFGooBW14IUsMb8d9NdXgjY3jUh/jCWqCmrWjbojk0rKXTtBUhnQUjXLVjLK+Sa4ZOq5p+mJFlUof/VFr11CcLMrbXwSWSGS/MpTCB12IMa0pICV2Bl0c8m8RaJ08W2FwgcBICKytvTjnVvjGut6KN30akn/ooSe3o8o4dql3d/TOxsaf7Hsjpd1RGNn+Ng07t/C602cz1nsljCisj+foSlV6zXo0r0yHjJ2nyFhEKMd6mVrTBiM0CR4SyLJQzo38vMv3XvC9nQ3z6OD/moZ7XLfJ5IV/av9PaqF+Z1zrMo52q3E0OtQ2w7ihEejX4OyJuZkZ22h+BfYbb6zM2mEHud96a658UJxQ7o/I1tRMn8TZKOpZqawG7jWIxTJDe5FVKpbxn8xonyJjDsYIseuPtuVlcY1H2Tg0JKth6xq2jHHj16ugtPrvdaevk4rFFz7c8GM7eAIQE4NnjBIGRMCI1nWIab+7rMcy07Hg44TG07qXV2DH409V7SJu3/5oyvaPgzt55smqCFzG253LONQgaKOxvFFj+vJkj5Vlh5MfC07RdIbsMpnBJElEeDQKISuHGG3rKGSAAZ6SV1rZS5F+8P03Wv7xcqXTy/9ZSNk8mpWRmOIYchOOq5gYMiYUF0YCzTMHG2f3JOzvdVWilY3RprC2QiO+ByemWRHViMUdR8M9Tls1OxOoayz15kBvAhw0m1ZDCqGFsr19LToZu6jT8SzNi6lW72WVYImI1qiPtT8szlIp97jwr+HrFs1XH6i7xm9TNT9hG321fOlQI4t2WriPRqB5QjxacqQCgXAQkFo3b8Dr1SLqEAJpovMn/levaelqtBV1YN1Wq4h+u5KJ5cDjgEYL85nPfOaL/S5nqPmZVmnSsTyt4GO50g9fuOXfE6GUtCSonycLShYRfE8EjUSEWkT4Bje+qN0bTmO6aqPG7tBuz8WW/9JuD23UG6E1doIN219MTHDFUbVxJ7D8q3YN3LXIr9v+g9yPPPLdf0gnINmIp2n++JVXPvoDDf+BW2OaaaV1Qj4wXTgi/H0lgjcJFiqjvynwuGhIGTYVhDTUusfN0Eqf5OmwGeeUFdR0mqq3U5/OGB8RUbfeEKi6U4ynlKCxFWW+pVEH3hbLLzzMW6zDJQAxMVzeKK1PBJJnvR8OZnXpXwX9+/u8nc1n7Bhnl05lbP9BbimbWkLQ3LM5KH6Y9tPV9adse0zVBEYp7H3j5FZWx2hEq32OU4fHHvu2n0onMkapYIbGUCe2W93lkYjC+iqG1I8D+RhpU/HlwCiENOYvj5Hd2CcdZQXUKAtH2SBwVAIqal1Z04n9sPmQFmj2NtQxmM9+9vdXD5tHI/44PclRf8qhWXeeMi+s58fuirrB3t7S4FLTS+3bdB/VkUxmdna3H/h5EdARRpiq0DwSUbh2OfAUkMBn+ASkeahZKJ0Hrpbz39r0wzFUAhATQ8WNwvpGYHu72syLusZE4tvvNf0HONKJizQi3opUOORz//aTHHT+ErfH5EmO1MJ770aVDFxFy1tez9xaxMbBxS1zdDv5KR9lZJQOrUAm21X1a4X1kD3iGbDwOJ7jMTtOyUdJm0pkt+328aT+5aPkc/g0SNGNAMRENyoICz0B941PBq4KlTgZ6CT3r4BqnoN4VGL/uJ17pXSa/zfNjDqjhSokFctsydPz87ZRWgtz9e7qgh02Oe6jtcyjj37g4/wKbKFEMwPuYrU2hqc01tcv/cjkMGqvSbPK7TtC53/kkWceIGtb5wAaliqVVn48dIZOkUFqiuqKqk4cAZIC9TrRiYWWumefTTIWHJU4+cDC3D7Ru+5SrWK77g9bIE9tyLYRCbLRFCfgpkuqR98W/i2N6k71CWkfSdTWcsfZKFbG8Ndg+0ZmNBntVWo6/YEP693dm/b+Bc95v+2He/gEICaGzxwl9omAJ6RnZ5XsYapDyuAh/8UvPjvRL7dJ0YhE+9QGMeOr7CAICpzmhYbMtaARp4COEEa45bx0rz/f9SmOSeBlWg8lUXV4DIY2IV5YSAiv+lu2iVSHe19af+GSHQb38AnghDJ85iixTwRKpVzgLYdS3Dd7UNbUWdBSi2WECf/Zs2bqkb5TSxc8qYL3SAihISQsmqnUP/jZNL/FUojmcSHoY2hao1DKB8IoeOIWpVpVNEEEoatrNyEhhKkWypcmdKoudE2wr0EQE/viwc6wE6CpUtOwUQop+RXHDX/XrWyFGt1yT5Lr5Mn33E7HM0Y6rXs7/PpRB+mWVvA/78Oof3l3/l3dVdvQ0bRd9b5YqEzHtAZVt/kfIemfqQYhfN9fczbz/e0jEqSLq24pH7igCJ/l02MRTizT09YTWdOqCU51OEKRoMjsLRPo7NkAoaS2fI3Q8d4mYxl9+v77T5CuClZEC+NOSQcZrPjevlSCBFezK6V41JnyT4Ovr6++k3x9XcKamaSpnKZtIf1v4BGJnahsfzttlY5nCIlm443eoUZvAiwAgaMTqFRyUU/IgHhwqCdNxoM3WjZLsDoPrY76sqbw/dssLp7fTVPnqJS0alirta4a7U7FzZa9t0syltVSyBog+qZ+1Ljl6RiNoOpaS4uB7h2flX6wTh6RMG33SAghd9y2KU6Bz8gJhPDwGTkTGDBmBEqlS067oFBSyWTbkxsPPvjNrl21YvHysu3v2U09T89xBx7xl388lcjq2UgkIqzOkeaSBa2GTrofKq7nHfJM/mJ6q2Iisewp1YLFd84USjnVW+rJjWWECtWRzUJim0YkWnKH2bOQwI94MYmwrVP/DxS2BoE9RyPAgkLvVj07tVI85dEaoZifP5No7K+fNV9s+A+z7bz2P0zq/sVNJjI6nfjEL9LJtrZYWe94mueT+f/7Y1bwZDuDA1Rd65pazGw5wnp7KsUqlHPEjxxTvpzYkH8TFgSNqY1gwxg6piEkwtJG7XbwyaY9DH4QGEsCxWuXI6YqAoLC8e+haPxCZus5uMBc8SFrq1W19fbNQ6Y9bnS+uTIZZxGRpR6xU9YY4z+tIdfWVgc2n3zcOgwqvZRq36wXFy98QUZaT7ewoJyZ35raRwqTyWe+YgP7yuYL32z7R+VmIdF+s6UxiqY2cLPlqNqkl3L3/+/rJQfEAYEQESis57oICqNS8awODuIGr3kOUwWaHmm9eY8S8rA5bQa6pOJPVdOJrDl9/8kTSsoO47lj9MTtrUJ5qp/WaHLp9tjvrKPeYTeS3HFuXbnyJ0/bYdPk1nrr74Stvt2EhDRyp1B+4cDHvsNWl2mzB2Ji2lp8CurLgmLH8wIjFNT9SrpybXY2x8bAvXc9EyUGceuaEKnTmR2+UTBFIkLKSP2+B7sKNSN4eofm/GWp9GeB12XXzZuKTXIpq+2KVrUIvIyMf2tDSIud8bR7/fnTdpppc0ekagGpHUojRdBNSPCIxNUypjZG2jA9Fg4x0SMoRBsvAjTMH7m7rQMdSj9rELzybZ2Tj1tGcmnZ43dE+AJiQUaVCnSBzew1GXBzY/OOW8pJnt5p7phSB3Oyq16p5JuvSU8kslcFcWztN8Ytr9bFWSt02lzGBNTVSOUEib1Xuk1tYERifI5KNT6mwlIQOByBN95YmeXOVtjP0ltZUIetLe+hnDc3ThQaCVhKnDtxfr3hP8yWRx/SsYymaRjD0xjKqd0KwXl2z4c6QhYQ5Zza3Pzz+7rHma5Qf5rJBrYrAve0kGpI20Tc0jQ+AmoTqLltKcGPD9dCh/udSn3gR9PxrCGx95hdsjEKUxs2kDFwQ0yMQSPBxOMRoM6DuhrdceVFgZI78FQio9/xjvOH+sXB27efPWdb5d3vPGz793Z/77tqow9Zk+LpCxp9EErSZ+8UJIaMJza3WBhRXfA/24ZKCRJg9TBDrexea71mPd32vpFdLW7Xo071JhWzpoUIWvHaSmTYQNKxbFXq6q8I+ke0y9ZaVjEiYRMZDzdOTOPRTmNu5ejNd0sryujuQ4XGNNMAABAASURBVBRSSHn7regvsrA4zGrXih9D7S3tW39dG30QQoo9PmynFromHnLSpSvpUulTU3s/xB6U/OCHHnpy2+Yotdb+Dvp65JHvnBNt9wVUKrmTAh9BB5+FTZIEE0P7pONPX+H/FaGE015o1Yi/KVYuTd2TSO0cxtEPMTGOrQabj0SgKszA7qE4kkGNRHwqN8Js3BEbvoCo5JRbyXWcaBvRsW0RODE3E3iyxl1baXLb3V2424opxI5Wv2D7p9ktLSlhtNcUYINkkkic/2lfREjd8RSJMWqXj/1yOfeNg7QBeQ+OAMTE4NgOPWcUuD+B2k15NKa7f7Qh7WU7jMcnULdMow/lnLp1K3dqSIVPaDEey7Jm3RQjbvqEWFt74acs79Q6A1McNFhXWFsd+BQHT2k4IvpzHdCpxWY854doWiMgCjviISD0BCAmQt9EMLCfBHjKoD2/G2/Nfb2Wzt/1O/YSdeyHWO28aICdX19N0xK95JFXZMvAT+K2fZPmTscz1BW1auWWVnE+a+HY2yVpkqO+V9OIWN05kM3eUxpUsHK+wEL6ytrzvzmQwpHpUAngn+/QuJFg7AlUdwPvoDh96t7fFovPf+5I9dJ0aVdPSEPHsu7EZsAE/PdKEPBGMXvdD9PYj22NQDL5gVctbILGcgYyxeFPafBTGt2mNAS/FjsvC4Xnv75mFb4ngQDExCS0IupwKALu+osR+5JWCin5VzcPlUk9MnVizZOxfZKu78ZmAASSZ56sKkfIRtbcloUKfqirwWO/rTTVRxv7mRtN/fV9dCwVz3oOT2nIRkmtrYw4P1ko4bXYLSKT4wqtmJgcxKhJGAls7755xbZrNhI90kmV37Zp5xOPXwiMetj74D4+ge/4ju/452p2xrFzOv3Q7E/bfri7E0gtZj27f5fWqFr3FIcLPZfI3iMhYUhUd/QrFPBVl6YPr159/hcPlytijwsBauNxMRV2gkD/CFy79pdvo1EFvjhrZppKWM/eN0MP53DsRxEPlxSxeyDw2ldP/IYdbVcb73Of+8P/aIc13FLg9CbsT8QCYoxw+zCaE4s9/SupRO2H5+ifaY6EhF0izwH6jzi/Xso9HtgBz6QRsA6uiasaKgQC+xNoHxqnqzb/JVZpOjnun7JjL51Ha2FSSJlaWsboRA1HX7/b75Pgl3ntN0y/ayJuw4BmAzUCpmzLHb606lwVwd+usXb15EzHL77JoxBRpX9U0jHfnsiQjKga52cLJTzi3M5mUv2Q7pPasqhXTwS0rO52RpS+qEgkLvYkCrS8e8POQzpGJc9eDLzS2d4P9+EJtN8nwTm4pf1fi12pPPcICQ6OKiR9J5NPh/M9I2TbIBc6jqtSWGMG1NOXy5cPPa2XTD7xfenEskdi2wipHpSy02rKWijjfbZQysty+fmf6YyBkGMRCHFiiIkQNw5MGzyBYvHyzM2NjTvdSnKEUulE1qQefqqL4GilKBY/eWZXy4DwkFHlJBLvm8rOq0WmP6700kWv/T6JW5vV8mFzV1pH3/729/zAYdONe3zStq17TIwQbvlwN6umly58nv8PlJn9PRJnSohOFUGzJt7M/M53soh4vbz6LoHP1BGgA2Pq6owKg0CAAP9gllvKyV0d/IGoRiQ5E4mkWFQsvDfwRsXGft5WKpciQtMfe2jl060jZqPnTpxfE/gcicC73vWuKHMXjgqcpzxh9MbG5URvmUrqPusxqVHubt7/P9PxrJ4WUZHiKTuqd50AHeC9v+0yGctWWUQIx3lnLb2VkR9geJ78Vf7fKZRzkStXXvozP3j8v1CDIxAI/JMeIT2SgMDEEKhUclE+Meqq0e2V4tOoPD03n4pnOvY14roVnh+ma7RGAG3NA5FF2mA5JIE0jUZcryztMPdgUm1KpXzrSju4s8NHA0bXOwKlkCwqkvu0ZUeaMQyIx58m8duajGBVVS6v7svusdhyPh3P1H7BVnX+dgaNTAg6ws2sjn6Yppnk66Vcx6uxxxAVTO4DAYiJPkBEFpNFoLied1hU0ImTz79W5agXkrX7KfwrPmtPw0knWGX4dNsIoCFh/+qu6YfjIAIpGgUSjlKELhDVE1q7pRUVCDzAUyyuLnpCvFRrkmBzqnpbJmMZinJARmO4OyL1vLTsNnJhwfI2necWL/xFikZrUiQiqspcFNJO1YhmhJL6mlvKSxqFUF+t/PFvN/YceYuEE0XgUP+YE1VzVAYEDiBAJ061cPKVP6AuiJZgZElnXBYJKRpGXlp66v/ZewulzhsDU9xB2pHg7iCQjmU9Zirb9xD9zbszr5dKrR/xao+yn79Uyp13y3npzFR/l4ReR1SlpH9vTCKRnZgpKeKo7YrSaIIuFp+9x2GJxFO/TMLBn8KgeMZEnG8j/SDpw7ut1Qj/ddtO5N/Q/4J8vbiCUTaLDpxBAhATQR7wgUCAwJe+9KXvKZRyyhObW8LQX2CvEFJIOeNEvjVFomJx8YnmK7nd0hMXhfWR5KYTd+AET0FYiMDjjz/+RykWW0p0nI8MDUe45Zy8efOPmm9upCRHWl577cUfIKEntZzJdcvAEWIxHc+axx578re67R+XsHT6ya+QrXzI0Ub4By15drhudAwaR0R+jIQDVdff3fVLSbPh0ihEsZxTrvvcf+oaCYEgYBHo+Oe19sEJAiBQJ1AqfWqeOjV1c2NjkzQFXSvXd9Q3kkTFbGTuG1IkKr72a5+mju/HVu9sLXy6vruxkYkE3kHRgLG0dH4rlcjqe3fe9oxsBDa2RJhHIwpruX07vUb0w2yLxT9adks5WTX6Gk1lBZOSIdXtmQ+zXalYtppOP/0vgxHC7zPezNtsK6lKQkgxR6vY80O8jRG7s9XIjzCb14t5/ILtnrCwoxsBiIluVBAGAnsQ2Nz88/sLNI2xeTdSoSh0CqZva5FCynu39aspEhVnzmx9370dvWXtFo4wiobzp3aEgh+zTcdrb0yccaKzUhAwEfxoT2oSbn0ZjQjmHPSVyyuLfPUtDI1/UE9q7/XtUtRcnv4vfDXP677iwk48YPejj77v5x6NZ64nl5Y9Ps7SNJri25fI+jdOku09WMCHrtEyIv7AJWHFvAvl3MxX15/7tR4SIwoIdBCAmOhAggAQOJjAzZvPxekkrG7fe+N1is1nZtq0Fkl9JIuKuRk56wkZFA9K+C/FasWeaNdp6uw8Wmsd3UwkQmjkXjW+s3Xjy8W1S85e+wcR7pbzEVqloc9++UtliQu/A88Y6sxNmsRRKnFRp2JP34vH3/9X++XRy76mWIhlqpS/TvtlZU2qLha8ndmf9qQ8oxyjJMEUspZrfVPzdHzTIWq0EZ53hY5bySKKVufq1dz3dERFAAgcgYA6QhokAQEQqBO4ceMzj9LJWc1vO/fTkDmdses76hsppOTRiLo3sOHOYWnpwq1A4IR4UvGsptXQFfMNIYWiVXT7+AMCWpgdz6sSR/nmm59+e7d49bCBbgrlvKoa9TCJvy0araC2pGWvEiXvkFQtKYSkj1BSKj0Xkd43Up1NTQC0iY2l7BaLjWQy86v1kYX9xYKSjhSSFuF/pP/d+xdZT0MP8k3mSsJBuuUV5a6tBqZAes8NMUFgfwJq/93YCwIg0AuBL7/x/CadsH1RQR0knccPTsWdw4zjnOLOp9bxZqgT4ivcrOZXIB+cQ7hiJGMZzXXhlbtAWvc0UGttbm1WK4VyTrqVnFpbW43uGXmIO8rlF94olS7NuyQsqD3pCj5HAxLiraZQ7KllyWBuXCH9PyHpw2LDEbMsNpSRP1IfWTi6WCA7aBFkV32ljbUYEmiFUk4Vi5fOWMFwgsDACEBMDAwtMp5GAl8mUVEo59TOW/os1b92vifHQYuUHIO+JF/hCukI5XCnbK/8kqV0/KJ3buHCXY49sPUQGadjtcc52U5Fpu+ZlBWWNtotkXigtVhZURsbl+N7xg/RjtdLuQfcUl75tpdzNGcV/Zj05AZ15DQxwhWrGdtzY9ei9/RNuQtNpfhlaXWnapy/aNhRII7aUzSFRseNlZvW2rT/iJ21G04QGAgBNZBckSkITDmBtdsr1+mkr25tvvw4D+HT0Dmd9KlrOEaPQ321FFIpc9qZ5847Hc8af0QjnqURgYyOxZarQnzkHYNGnzp7ofmOAqHob48CqapG7wqPOEi3nJeFSu9vrtwjy1AEF0t//KGra5dOuSQweGrEJYHBdSxQ585bGZH/whPqTSG0JwQrgfrzPwQkUIG6n/dS/2+k8G4LZzfPeTTWAuVdrI2SqELlhfvK5eff08iD2l4rxwTP4Z7WLNQacbAFgWERCB6IwyoV5YDAlBDY2Hj1qzyET0PnjkudT6PjcUs5ubUrq/X+5Gg0pKARdCGEpD8hZVQZGs34qy+k4xmaLmlfszXhkcgYFiIp3pIISdKaivvTEzoZ4ykWcscveIlExkueyVYfeujJ7dOnnynwY5w0CkGiJWtk1HHEHh+qjxH37u5yZ1jgYfZrucgeUSc2+OrVS79eKr1wxi2tRFxq80KJhFSZRmR4rQsOl7d1f4HiFCt5dbW0etJ1X8z2AiadyGjpt3stNnEXenvHc9eO9mKvWi74BoGjE4CYODo7pASBYxG4du1SdPaePkXjFR35sNC4s7WzY+hKk8e5/TcPdcTaI4B6GdIWIrjWvPQt+OP3Q/SlaJX0oTCpeJ5CSQpxlCPIOyucE3MzMycXdpMzTnRWKCEpXudCF99VU/VHIAokINwbn5zpjISQfhFgISiEbLYFC4ldb/da8Y2Xpk64CXxCQ0CFxhIYAgKDIBDyPK/cWNngoWx/NNyydS5qIgtz0WiBrjRdumq1RzRcuqoV1V2P+nDqR+j7UErDKuSYTk/wb2XwFXdelcuX0ZEdk2cvydMJGhkSTR3hJ9namXthbe1FvOrap4GvURGAmBgVeZQLAhYBl+bF+Q58K4i6jNqPiqVpSNsOZ7e7/mKkQGlcGiIv0DC6SwKjtj747l29u71dlVVRFZ6p8sS91JSGVIfhNw2QACHpQgs7KFx01SLNnX6M5hdlYNzSN30dl3XU38poZgZHzwQSiYseT18FExjB7XD9+sfeHwyHDwSGTwBiYvjMJ7FE1KkPBAqVnDI71WpnVjVRwfc2dO5rD/nfn6lUXpxbX78UdddzkcJ6zqndr5FTLD7831qgqYiCL0JoVIFFSLm+ZXdj7RZG+wo0SiLER77UXir8gyEQjy9vkZg0jlBKtGY2SAAaEnX54BDFYExAriDQEwHVUyxEAgEQGAqBwvXLUbeUm6fCOsYGJH3SNMydjmU92o9lggksLX3nH9BIhI5IMytEUDMYoQ2PZAl8QCBEBCAmQtQYB5qCCNNCYIsEhYrOzf2OMF1uz1RCpRMZkzx7scsoxrQgmtx68su/os6JfyhIPLbXcru6Wy2UVnDebgcD/8gJ4KAceRPAABDoTuCVVz72j/kKVN6qVjqGKYQUKsovtsqYs2eXdwU+Y08KHaE1AAAISElEQVQguZjx0jTypFSbiiA9yU/1uDQ9tb7+YijeFDr2sFGBvhOAmOhEihAQCBWBq3cuxwulnNzVostIhBT85AcNiZOoePp2qAyHMT0RSCSevJeOZ42KyG7nY1O+9i0X+KkeyqxTU1IgFhAIA4FuB28Y7IINIAACbQQqlRzfTyE9wc9UtO2UUsxG9Yl0PKPvv//859v2whtCArX7IrLaETNzNNAk2j8zb0Ve5tGIavU/XG7fBz8IhI2AGplBKBgEQOBIBEqlvFMo52S7pvBv05NSPnAy+s5UIqPj8fdfP1IBSDRwAjSdoWf8+yKCMoJmNMSuNv4LwK7cfm7gr0YfeEVRwNQQgJiYmqZGRSeNgFteUTT9ofh3HdrrJoWUEemdoU7LxOMX8fRHO6AR+ZMx/h2VLE9XyKAJRhgacCqQSKxU8ngBWBAOfCEgcJAJEBMHEcJ+EAg3AcO/63Bm8cbbuDvqZipNxSsWFbTqM2c+9KlucRA2KAIfUf5vniSyJp3IGKVEh4ggFWFU9O58gcThoKxAviAwaAJq0AUgfxAAgcET+OxnP32lUMqrO1sLn9ZakK7oWqZcmL33nnScOrbF811u5uyaBoFHIJBILHs+5/hfef5vnvh5BHWEoTmNezvqllvOq9df/9MtPwq+ppzA+FYfYmJ82w6Wg0AHgTfffPbvFSs55ZZzUng8AcIj6m3RuE+LRJ1UIsu/JKqFePIn22LAewQCsdhylZmmiasjjPLHIJi1lZffGiT2+IfcCuW8vH790mlrN5wgMLYE1NhaDsNBAAT2JcA/R80dVuRW5Krmy+C22NzPSSlkOjHzCykago/FsnhfRRujg7zJ5IV7/JpzFhD8E/ByjwQsInY8zyuUctKt5BT/YuweURE8BAIoov8EICb6zxQ5gkCoCLx657lHijSU7lJHZnT7z4nVTJV0GR1VIpImUcFz/EKIt9OKpQuBr7nvA19M+zdSZowyzpykT5do/lyTrhrN3FlErK2t4sbKbqAQNhEEICYmohlRCRDojUChknfcck5uV7c3aLCCLphpCSSVguf404nsy2kSFulE1tDcv07Fs3paX98di2WuJZeymgUEj+DsnKp+nVCkvngR7R8jPFH7afZCKS+L63mnPcb0+FHTaSKgpqmyqCsIgECNwPr6x08V/NGKE5HuYxUcT/KXoD6Tr71l7fXdJC5YYPBKAiOduDhRIsMXDrGLmkSDJgFlWExFlXxYOURBCSmFFJ0fww9kGJdGflwSEKXSitMZByEgMNkE1GRXD7UDARDYn8CzHv/0OXeE4t69HU3DFfvHt/ZK7llVm8jIGB7JYJGRWsxWhfih77NShMrJwiEVy2gWDun6KIwvHJRi0SCl3NtcQwM6hMrseHc+ygKChdnesQe7B7mDQBgIQEyEoRVgAwiEgIB74xOzfG/FvZ2Fk2anWqXherrkpotuf/a/VwOpB5Y1kSEjwkknXv+9dJwFhrXyqAatKQ6nTjxF7jSNcpBfswjxX+xE/kTiopdauuD5T0mczm6dPv30p9mKhx/ObtC+Ku/jRzBT/v0LNA0TrwkDzo9XytOkKW/fTds0lZX2tzS6Es8aFg6SdAOZKwWbLLp/SDfUCBhNPDzNAqJAU0UsINbW/vS7uqdCKAhMFwGIielqb9QWBA4kcP36s7cL1y9HabieHzFVBRq6L/hD+Dm543lVrWn8QtT6V97snyH3021rPYGUFE6dOH/zRtJHCBrpUOwT0hE0ROA4NLtiHLkgZk8u6HezGJifESdpnyNpHz+CKRXFF0IqSR/BK3kEfSSttNQ3AZdoBVJ4+0KagYYdSEw1b54slPLSLa8Qj1UHAqKdF/wgIIQCBBAAARDolcDa2mq0WFkhgVF7l4VLQsMloaFlddcYzwhNIsNf+Hq+11xHF8+wrZqVg+cLB64L14lHHUhM4d6H0TUNSh4zAhATY9ZgMBcEwkigWLw8UyivKrdCIoMFRpmu5ElkuKVz37vj7dysTZvwrZ6epg8pDerAuSc31JPzTApXyghRG+ng3RzAq+1mv73SPhIDnI0fSl5aOAv/lgbKmbxUDjmqRmhTFd6uFtWbGwufr4mGnCywrZW8KqytQjj4EPEFAkcjADFxNG5IBQIg0BOB3/j9tbWXHqxNm/BjqasOj2zQ1b8qlEl40NQBdejKZeFRzkkKr62+u+5vutlvryxY8jVBUE9fqG39kZOi/7QKCQUSC+Vyzims5yKVSi66ufnsN/RkOiKBAAj0TABiomdUiAgCk0IA9QABEACB/hKAmOgvT+QGAiAAAiAAAlNHAGJi6pocFR4WAZQDAiAAAtNCAGJiWloa9QQBEAABEACBARGAmBgQWGQ7LAIoBwRAAARAYNQEICZG3QIoHwRAAARAAATGnADExJg34LDMRzkgAAIgAAIgsBcBiIm9yCAcBEAABEAABECgJwIQEz1hGlYklAMCIAACIAAC40cAYmL82gwWgwAIgAAIgECoCEylmAhVC8AYEAABEAABEBhzAhATY96AMB8EQAAEQAAERk1ggGJi1FVD+SAAAiAAAiAAAsMgADExDMooAwRAAARAAATCTOCYtkFMHBMgkoMACIAACIDAtBOAmJj2IwD1BwEQAAEQGBaBiS0HYmJimxYVAwEQAAEQAIHhEICYGA5nlAICIAACIDAsAihn6AQgJoaOHAWCAAiAAAiAwGQRgJiYrPZEbUAABEBgWARQDgg0CUBMNFHAAQIgAAIgAAIgcBQCEBNHoYY0IAACIDAsAigHBMaAAMTEGDQSTAQBEAABEACBMBOAmAhz68A2EACBYRFAOSAAAscg8P8BAAD///KBe+sAAAAGSURBVAMAPZCaqBqTuqgAAAAASUVORK5CYII=','2026-06-25 14:34:59',NULL,NULL,'2026-06-25 04:46:16');
/*!40000 ALTER TABLE `assignments` ENABLE KEYS */;
UNLOCK TABLES;

--
-- Table structure for table `attachments`
--

DROP TABLE IF EXISTS `attachments`;
/*!40101 SET @saved_cs_client     = @@character_set_client */;
/*!50503 SET character_set_client = utf8mb4 */;
CREATE TABLE `attachments` (
  `id` bigint unsigned NOT NULL AUTO_INCREMENT,
  `period_id` bigint unsigned NOT NULL,
  `evaluatee_id` bigint unsigned NOT NULL,
  `indicator_id` bigint unsigned NOT NULL,
  `evidence_type_id` int NOT NULL,
  `attachment_type` enum('file','link') COLLATE utf8mb4_unicode_ci NOT NULL DEFAULT 'file' COMMENT 'ประเภทหลักฐาน: file หรือ link',
  `file_name` varchar(255) CHARACTER SET utf8mb4 COLLATE utf8mb4_unicode_ci DEFAULT NULL COMMENT 'ชื่อไฟล์ หรือ ชื่อลิงก์',
  `mime_type` varchar(100) CHARACTER SET utf8mb4 COLLATE utf8mb4_unicode_ci DEFAULT NULL COMMENT 'Mime type ของไฟล์ (เป็น NULL ถ้าเป็นลิงก์)',
  `size_bytes` int unsigned DEFAULT NULL COMMENT 'ขนาดไฟล์ (เป็น NULL ถ้าเป็นลิงก์)',
  `storage_path` varchar(1024) COLLATE utf8mb4_unicode_ci NOT NULL,
  `created_at` timestamp NOT NULL DEFAULT CURRENT_TIMESTAMP,
  PRIMARY KEY (`id`),
  KEY `fk_att_period` (`period_id`),
  KEY `fk_att_ind` (`indicator_id`),
  KEY `fk_att_evtype` (`evidence_type_id`),
  KEY `idx_attach_evale` (`evaluatee_id`,`period_id`),
  CONSTRAINT `fk_att_evale` FOREIGN KEY (`evaluatee_id`) REFERENCES `users` (`id`) ON DELETE CASCADE ON UPDATE CASCADE,
  CONSTRAINT `fk_att_evtype` FOREIGN KEY (`evidence_type_id`) REFERENCES `evidence_types` (`id`) ON DELETE RESTRICT ON UPDATE CASCADE,
  CONSTRAINT `fk_att_ind` FOREIGN KEY (`indicator_id`) REFERENCES `indicators` (`id`) ON DELETE CASCADE ON UPDATE CASCADE,
  CONSTRAINT `fk_att_period` FOREIGN KEY (`period_id`) REFERENCES `evaluation_periods` (`id`) ON DELETE CASCADE ON UPDATE CASCADE
) ENGINE=InnoDB AUTO_INCREMENT=91 DEFAULT CHARSET=utf8mb4 COLLATE=utf8mb4_unicode_ci;
/*!40101 SET character_set_client = @saved_cs_client */;

--
-- Dumping data for table `attachments`
--

LOCK TABLES `attachments` WRITE;
/*!40000 ALTER TABLE `attachments` DISABLE KEYS */;
INSERT INTO `attachments` VALUES (74,1,25,1,1,'link','ลิงก์หลักฐานแนบ',NULL,NULL,'https://www.youtube.com/','2026-06-25 07:24:29'),(75,1,25,2,2,'link','ลิงก์หลักฐานแนบ',NULL,NULL,'https://www.youtube.com/','2026-06-25 07:24:29'),(76,1,25,3,3,'link','ลิงก์หลักฐานแนบ',NULL,NULL,'https://www.youtube.com/','2026-06-25 07:24:29'),(77,1,25,4,4,'link','ลิงก์หลักฐานแนบ',NULL,NULL,'https://www.youtube.com/','2026-06-25 07:24:29'),(78,1,25,5,5,'link','ลิงก์หลักฐานแนบ',NULL,NULL,'https://www.youtube.com/','2026-06-25 07:24:29'),(79,1,25,6,6,'link','ลิงก์หลักฐานแนบ',NULL,NULL,'https://www.youtube.com/','2026-06-25 07:24:29'),(80,1,25,7,7,'link','ลิงก์หลักฐานแนบ',NULL,NULL,'https://www.youtube.com/','2026-06-25 07:24:29'),(81,1,25,8,8,'link','ลิงก์หลักฐานแนบ',NULL,NULL,'https://www.youtube.com/','2026-06-25 07:24:29'),(82,1,25,9,9,'link','ลิงก์หลักฐานแนบ',NULL,NULL,'https://www.youtube.com/','2026-06-25 07:24:29'),(83,1,25,14,9,'link','ลิงก์หลักฐานแนบ',NULL,NULL,'https://www.youtube.com/','2026-06-25 07:24:29'),(84,1,25,10,10,'link','ลิงก์หลักฐานแนบ',NULL,NULL,'https://www.youtube.com/','2026-06-25 07:24:29'),(85,1,25,11,11,'link','ลิงก์หลักฐานแนบ',NULL,NULL,'https://www.youtube.com/','2026-06-25 07:24:29'),(86,1,25,12,12,'link','ลิงก์หลักฐานแนบ',NULL,NULL,'https://www.youtube.com/','2026-06-25 07:24:29'),(87,1,25,13,13,'link','ลิงก์หลักฐานแนบ',NULL,NULL,'https://www.youtube.com/','2026-06-25 07:24:29'),(88,1,25,15,14,'link','ลิงก์หลักฐานแนบ',NULL,NULL,'https://www.youtube.com/','2026-06-25 07:24:29'),(89,1,25,16,15,'link','ลิงก์หลักฐานแนบ',NULL,NULL,'https://www.youtube.com/','2026-06-25 07:24:29'),(90,1,25,17,16,'link','ลิงก์หลักฐานแนบ',NULL,NULL,'https://www.youtube.com/','2026-06-25 07:24:29');
/*!40000 ALTER TABLE `attachments` ENABLE KEYS */;
UNLOCK TABLES;

--
-- Table structure for table `departments`
--

DROP TABLE IF EXISTS `departments`;
/*!40101 SET @saved_cs_client     = @@character_set_client */;
/*!50503 SET character_set_client = utf8mb4 */;
CREATE TABLE `departments` (
  `id` int NOT NULL AUTO_INCREMENT,
  `code` varchar(20) COLLATE utf8mb4_unicode_ci NOT NULL,
  `name_th` varchar(255) COLLATE utf8mb4_unicode_ci NOT NULL,
  `category_id` int NOT NULL,
  `org_group_id` int NOT NULL,
  PRIMARY KEY (`id`),
  UNIQUE KEY `code` (`code`),
  KEY `fk_dept_cat` (`category_id`),
  KEY `fk_dept_org` (`org_group_id`),
  CONSTRAINT `fk_dept_cat` FOREIGN KEY (`category_id`) REFERENCES `vocational_categories` (`id`) ON DELETE RESTRICT ON UPDATE CASCADE,
  CONSTRAINT `fk_dept_org` FOREIGN KEY (`org_group_id`) REFERENCES `org_groups` (`id`) ON DELETE RESTRICT ON UPDATE CASCADE
) ENGINE=InnoDB AUTO_INCREMENT=6 DEFAULT CHARSET=utf8mb4 COLLATE=utf8mb4_unicode_ci;
/*!40101 SET character_set_client = @saved_cs_client */;

--
-- Dumping data for table `departments`
--

LOCK TABLES `departments` WRITE;
/*!40000 ALTER TABLE `departments` DISABLE KEYS */;
INSERT INTO `departments` VALUES (1,'IT','แผนกวิชาเทคโนโลยีสารสนเทศ',8,1),(2,'ME','แผนกวิชาเครื่องกล',1,1),(3,'EL','แผนกวิชาอิเล็กทรอนิกส์',1,1),(4,'ACC','แผนกวิชาการบัญชี',2,1),(5,'MKT','แผนกวิชาการตลาด',2,1);
/*!40000 ALTER TABLE `departments` ENABLE KEYS */;
UNLOCK TABLES;

--
-- Table structure for table `dept_fields`
--

DROP TABLE IF EXISTS `dept_fields`;
/*!40101 SET @saved_cs_client     = @@character_set_client */;
/*!50503 SET character_set_client = utf8mb4 */;
CREATE TABLE `dept_fields` (
  `dept_id` int NOT NULL,
  `field_code` varchar(10) COLLATE utf8mb4_unicode_ci NOT NULL,
  PRIMARY KEY (`dept_id`,`field_code`),
  KEY `fk_df_field` (`field_code`),
  CONSTRAINT `fk_df_dept` FOREIGN KEY (`dept_id`) REFERENCES `departments` (`id`) ON DELETE CASCADE ON UPDATE CASCADE,
  CONSTRAINT `fk_df_field` FOREIGN KEY (`field_code`) REFERENCES `vocational_fields` (`code`) ON DELETE CASCADE ON UPDATE CASCADE
) ENGINE=InnoDB DEFAULT CHARSET=utf8mb4 COLLATE=utf8mb4_unicode_ci;
/*!40101 SET character_set_client = @saved_cs_client */;

--
-- Dumping data for table `dept_fields`
--

LOCK TABLES `dept_fields` WRITE;
/*!40000 ALTER TABLE `dept_fields` DISABLE KEYS */;
INSERT INTO `dept_fields` VALUES (2,'20101'),(3,'20105'),(4,'20201'),(5,'20202'),(1,'21901'),(1,'21903');
/*!40000 ALTER TABLE `dept_fields` ENABLE KEYS */;
UNLOCK TABLES;

--
-- Table structure for table `evaluation_periods`
--

DROP TABLE IF EXISTS `evaluation_periods`;
/*!40101 SET @saved_cs_client     = @@character_set_client */;
/*!50503 SET character_set_client = utf8mb4 */;
CREATE TABLE `evaluation_periods` (
  `id` bigint unsigned NOT NULL AUTO_INCREMENT,
  `code` varchar(30) COLLATE utf8mb4_unicode_ci NOT NULL,
  `name_th` varchar(255) COLLATE utf8mb4_unicode_ci NOT NULL,
  `buddhist_year` int NOT NULL,
  `start_date` date NOT NULL,
  `end_date` date NOT NULL,
  `is_active` tinyint(1) NOT NULL DEFAULT '1',
  `created_at` timestamp NOT NULL DEFAULT CURRENT_TIMESTAMP,
  PRIMARY KEY (`id`),
  UNIQUE KEY `code` (`code`)
) ENGINE=InnoDB AUTO_INCREMENT=3 DEFAULT CHARSET=utf8mb4 COLLATE=utf8mb4_unicode_ci;
/*!40101 SET character_set_client = @saved_cs_client */;

--
-- Dumping data for table `evaluation_periods`
--

LOCK TABLES `evaluation_periods` WRITE;
/*!40000 ALTER TABLE `evaluation_periods` DISABLE KEYS */;
INSERT INTO `evaluation_periods` VALUES (1,'Y2568','การประเมินครูประจำปี 2568',2568,'2025-09-28','2026-09-27',1,'2026-05-20 04:02:17');
/*!40000 ALTER TABLE `evaluation_periods` ENABLE KEYS */;
UNLOCK TABLES;

--
-- Table structure for table `evaluation_results`
--

DROP TABLE IF EXISTS `evaluation_results`;
/*!40101 SET @saved_cs_client     = @@character_set_client */;
/*!50503 SET character_set_client = utf8mb4 */;
CREATE TABLE `evaluation_results` (
  `id` bigint unsigned NOT NULL AUTO_INCREMENT,
  `period_id` bigint unsigned NOT NULL,
  `evaluatee_id` bigint unsigned NOT NULL,
  `evaluator_id` bigint unsigned NOT NULL,
  `topic_id` bigint unsigned NOT NULL,
  `indicator_id` bigint unsigned NOT NULL,
  `score` decimal(5,2) DEFAULT NULL,
  `value_yes_no` tinyint(1) DEFAULT NULL,
  `notes` text COLLATE utf8mb4_unicode_ci,
  `status` enum('draft','submitted') COLLATE utf8mb4_unicode_ci NOT NULL DEFAULT 'draft',
  `created_at` timestamp NOT NULL DEFAULT CURRENT_TIMESTAMP,
  `updated_at` timestamp NOT NULL DEFAULT CURRENT_TIMESTAMP ON UPDATE CURRENT_TIMESTAMP,
  PRIMARY KEY (`id`),
  KEY `fk_res_period` (`period_id`),
  KEY `fk_res_evalr` (`evaluator_id`),
  KEY `fk_res_topic` (`topic_id`),
  KEY `idx_results_evale` (`evaluatee_id`,`period_id`),
  KEY `idx_results_indicator` (`indicator_id`),
  CONSTRAINT `fk_res_evale` FOREIGN KEY (`evaluatee_id`) REFERENCES `users` (`id`) ON DELETE RESTRICT ON UPDATE CASCADE,
  CONSTRAINT `fk_res_evalr` FOREIGN KEY (`evaluator_id`) REFERENCES `users` (`id`) ON DELETE RESTRICT ON UPDATE CASCADE,
  CONSTRAINT `fk_res_ind` FOREIGN KEY (`indicator_id`) REFERENCES `indicators` (`id`) ON DELETE RESTRICT ON UPDATE CASCADE,
  CONSTRAINT `fk_res_period` FOREIGN KEY (`period_id`) REFERENCES `evaluation_periods` (`id`) ON DELETE CASCADE ON UPDATE CASCADE,
  CONSTRAINT `fk_res_topic` FOREIGN KEY (`topic_id`) REFERENCES `evaluation_topics` (`id`) ON DELETE RESTRICT ON UPDATE CASCADE
) ENGINE=InnoDB AUTO_INCREMENT=38 DEFAULT CHARSET=utf8mb4 COLLATE=utf8mb4_unicode_ci;
/*!40101 SET character_set_client = @saved_cs_client */;

--
-- Dumping data for table `evaluation_results`
--

LOCK TABLES `evaluation_results` WRITE;
/*!40000 ALTER TABLE `evaluation_results` DISABLE KEYS */;
INSERT INTO `evaluation_results` VALUES (4,1,25,24,1,1,2.00,NULL,'','submitted','2026-06-25 07:25:30','2026-06-25 07:34:59'),(5,1,25,24,1,2,3.00,NULL,'','submitted','2026-06-25 07:25:30','2026-06-25 07:34:59'),(6,1,25,24,1,3,1.00,NULL,'','submitted','2026-06-25 07:25:30','2026-06-25 07:34:59'),(7,1,25,24,1,4,NULL,1,'','submitted','2026-06-25 07:25:30','2026-06-25 07:34:59'),(8,1,25,24,1,5,4.00,NULL,'','submitted','2026-06-25 07:25:30','2026-06-25 07:34:59'),(9,1,25,24,2,6,NULL,1,'','submitted','2026-06-25 07:25:30','2026-06-25 07:34:59'),(10,1,25,24,2,7,NULL,0,'','submitted','2026-06-25 07:25:30','2026-06-25 07:34:59'),(11,1,25,24,2,8,NULL,1,'','submitted','2026-06-25 07:25:30','2026-06-25 07:34:59'),(12,1,25,24,2,9,1.00,NULL,'','submitted','2026-06-25 07:25:30','2026-06-25 07:34:59'),(13,1,25,24,3,10,NULL,0,'','submitted','2026-06-25 07:25:30','2026-06-25 07:34:59'),(14,1,25,24,3,11,3.00,NULL,'','submitted','2026-06-25 07:25:30','2026-06-25 07:34:59'),(15,1,25,24,3,12,NULL,1,'','submitted','2026-06-25 07:25:30','2026-06-25 07:34:59'),(16,1,25,24,3,13,NULL,0,'','submitted','2026-06-25 07:25:30','2026-06-25 07:34:59'),(17,1,25,24,3,14,3.00,NULL,'','submitted','2026-06-25 07:25:30','2026-06-25 07:34:59'),(18,1,25,24,4,15,NULL,1,'','submitted','2026-06-25 07:25:30','2026-06-25 07:34:59'),(19,1,25,24,4,16,3.00,NULL,'','submitted','2026-06-25 07:25:30','2026-06-25 07:34:59'),(20,1,25,24,4,17,NULL,1,'','submitted','2026-06-25 07:25:30','2026-06-25 07:34:59'),(21,1,25,23,1,1,3.00,NULL,'','submitted','2026-06-25 07:26:45','2026-06-25 07:30:48'),(22,1,25,23,1,2,1.00,NULL,'','submitted','2026-06-25 07:26:45','2026-06-25 07:30:48'),(23,1,25,23,1,3,4.00,NULL,'','submitted','2026-06-25 07:26:45','2026-06-25 07:30:48'),(24,1,25,23,1,4,NULL,1,'','submitted','2026-06-25 07:26:45','2026-06-25 07:30:48'),(25,1,25,23,1,5,3.00,NULL,'','submitted','2026-06-25 07:26:45','2026-06-25 07:30:48'),(26,1,25,23,2,6,NULL,1,'','submitted','2026-06-25 07:26:45','2026-06-25 07:30:48'),(27,1,25,23,2,7,NULL,0,'','submitted','2026-06-25 07:26:45','2026-06-25 07:30:48'),(28,1,25,23,2,8,NULL,0,'','submitted','2026-06-25 07:26:45','2026-06-25 07:30:48'),(29,1,25,23,2,9,3.00,NULL,'','submitted','2026-06-25 07:26:45','2026-06-25 07:30:48'),(30,1,25,23,3,10,NULL,1,'','submitted','2026-06-25 07:26:45','2026-06-25 07:30:48'),(31,1,25,23,3,11,3.00,NULL,'','submitted','2026-06-25 07:26:45','2026-06-25 07:30:48'),(32,1,25,23,3,12,NULL,1,'','submitted','2026-06-25 07:26:45','2026-06-25 07:30:48'),(33,1,25,23,3,13,NULL,0,'','submitted','2026-06-25 07:26:45','2026-06-25 07:30:48'),(34,1,25,23,3,14,4.00,NULL,'','submitted','2026-06-25 07:26:45','2026-06-25 07:30:48'),(35,1,25,23,4,15,NULL,1,'','submitted','2026-06-25 07:26:45','2026-06-25 07:30:48'),(36,1,25,23,4,16,1.00,NULL,'','submitted','2026-06-25 07:26:45','2026-06-25 07:30:48'),(37,1,25,23,4,17,NULL,1,'','submitted','2026-06-25 07:26:45','2026-06-25 07:30:48');
/*!40000 ALTER TABLE `evaluation_results` ENABLE KEYS */;
UNLOCK TABLES;

--
-- Table structure for table `evaluation_topics`
--

DROP TABLE IF EXISTS `evaluation_topics`;
/*!40101 SET @saved_cs_client     = @@character_set_client */;
/*!50503 SET character_set_client = utf8mb4 */;
CREATE TABLE `evaluation_topics` (
  `id` bigint unsigned NOT NULL AUTO_INCREMENT,
  `code` varchar(30) COLLATE utf8mb4_unicode_ci NOT NULL,
  `title_th` varchar(255) COLLATE utf8mb4_unicode_ci NOT NULL,
  `description` text COLLATE utf8mb4_unicode_ci,
  `weight` decimal(5,2) NOT NULL DEFAULT '0.00',
  `active` tinyint(1) NOT NULL DEFAULT '1',
  `created_at` timestamp NOT NULL DEFAULT CURRENT_TIMESTAMP,
  PRIMARY KEY (`id`),
  UNIQUE KEY `code` (`code`)
) ENGINE=InnoDB AUTO_INCREMENT=6 DEFAULT CHARSET=utf8mb4 COLLATE=utf8mb4_unicode_ci;
/*!40101 SET character_set_client = @saved_cs_client */;

--
-- Dumping data for table `evaluation_topics`
--

LOCK TABLES `evaluation_topics` WRITE;
/*!40000 ALTER TABLE `evaluation_topics` DISABLE KEYS */;
INSERT INTO `evaluation_topics` VALUES (1,'TOP1','การจัดการเรียนการสอน','คุณภาพการวางแผนการสอน สื่อการสอน การวัดผล และผลสัมฤทธิ์ของผู้เรียน',0.30,1,'2026-05-20 04:02:17'),(2,'TOP2','การบริหารจัดการชั้นเรียน','การจัดบรรยากาศ กฎระเบียบ การดูแล/ให้คำปรึกษา และกิจกรรมส่งเสริม',0.20,1,'2026-05-20 04:02:17'),(3,'TOP3','การพัฒนาตนเองและพัฒนาวิชาชีพ','การอบรม/สัมมนา งานวิจัย แผนพัฒนาตนเอง และการประเมินตนเอง',0.30,1,'2026-05-20 04:02:17'),(4,'TOP4','ด้านอื่นๆ (PA/ผลงาน/จรรยาบรรณ)','ผลงานตามหน้าที่ จรรยาบรรณ และแบบประเมิน PA',0.20,1,'2026-05-20 04:02:17');
/*!40000 ALTER TABLE `evaluation_topics` ENABLE KEYS */;
UNLOCK TABLES;

--
-- Table structure for table `evidence_types`
--

DROP TABLE IF EXISTS `evidence_types`;
/*!40101 SET @saved_cs_client     = @@character_set_client */;
/*!50503 SET character_set_client = utf8mb4 */;
CREATE TABLE `evidence_types` (
  `id` int NOT NULL AUTO_INCREMENT,
  `code` varchar(30) COLLATE utf8mb4_unicode_ci NOT NULL,
  `name_th` varchar(255) COLLATE utf8mb4_unicode_ci NOT NULL,
  `description` text COLLATE utf8mb4_unicode_ci,
  PRIMARY KEY (`id`),
  UNIQUE KEY `code` (`code`)
) ENGINE=InnoDB AUTO_INCREMENT=17 DEFAULT CHARSET=utf8mb4 COLLATE=utf8mb4_unicode_ci;
/*!40101 SET character_set_client = @saved_cs_client */;

--
-- Dumping data for table `evidence_types`
--

LOCK TABLES `evidence_types` WRITE;
/*!40000 ALTER TABLE `evidence_types` DISABLE KEYS */;
INSERT INTO `evidence_types` VALUES (1,'E-PLAN','แผนการจัดการเรียนรู้','แผนการสอนตามมาตรฐาน/ตัวชี้วัด'),(2,'E-MEDIA','สื่อการเรียนรู้','ใบงาน/แบบฝึก/มัลติมีเดีย'),(3,'E-ASSESS','หลักฐานการวัดและประเมินผล','ข้อสอบ/รูบริก/บันทึกคะแนน'),(4,'E-REFLECT','บันทึกหลังการสอน','สรุปผล-ข้อเสนอแนะ-ปรับปรุง'),(5,'E-STUWORK','ผลงานนักเรียน','ชิ้นงาน/แฟ้มสะสมผลงาน'),(6,'E-CHART','แผนภูมิ/กฎ/ตารางเวร','เอกสารการจัดชั้นเรียน'),(7,'E-HOMEVISIT','บันทึกการเยี่ยมบ้าน','หลักฐานการเยี่ยมบ้าน/ประสานผู้ปกครอง'),(8,'E-COUNSEL','บันทึกการให้คำปรึกษา','แบบบันทึก/รายงานกรณี'),(9,'E-ACT','โครงการ/กิจกรรม','เอกสาร/ภาพกิจกรรม/รายงานผล'),(10,'E-CERT','เกียรติบัตร/วุฒิบัตร','เอกสารการอบรม/สัมมนา'),(11,'E-RESEARCH','งานวิจัย/บทความ','เอกสารวิชาการ/นำเสนอผลงาน'),(12,'E-IDP','แผนพัฒนาตนเอง','เอกสารเป้าหมาย/แผนพัฒนา'),(13,'E-SELFASSESS','ผลการประเมินตนเอง','แบบฟอร์มประเมินตนเอง'),(14,'E-PA','แบบประเมิน PA','เอกสารข้อตกลงฯ'),(15,'E-WORK','ผลงานตามหน้าที่','หลักฐานผลงาน/รายงาน'),(16,'E-ETHICS','จรรยาบรรณวิชาชีพ','หลักฐานการปฏิบัติตามจรรยาบรรณ');
/*!40000 ALTER TABLE `evidence_types` ENABLE KEYS */;
UNLOCK TABLES;

--
-- Table structure for table `indicator_evidence`
--

DROP TABLE IF EXISTS `indicator_evidence`;
/*!40101 SET @saved_cs_client     = @@character_set_client */;
/*!50503 SET character_set_client = utf8mb4 */;
CREATE TABLE `indicator_evidence` (
  `indicator_id` bigint unsigned NOT NULL,
  `evidence_type_id` int NOT NULL,
  PRIMARY KEY (`indicator_id`,`evidence_type_id`),
  KEY `fk_ie_ev` (`evidence_type_id`),
  CONSTRAINT `fk_ie_ev` FOREIGN KEY (`evidence_type_id`) REFERENCES `evidence_types` (`id`) ON DELETE CASCADE ON UPDATE CASCADE,
  CONSTRAINT `fk_ie_ind` FOREIGN KEY (`indicator_id`) REFERENCES `indicators` (`id`) ON DELETE CASCADE ON UPDATE CASCADE
) ENGINE=InnoDB DEFAULT CHARSET=utf8mb4 COLLATE=utf8mb4_unicode_ci;
/*!40101 SET character_set_client = @saved_cs_client */;

--
-- Dumping data for table `indicator_evidence`
--

LOCK TABLES `indicator_evidence` WRITE;
/*!40000 ALTER TABLE `indicator_evidence` DISABLE KEYS */;
INSERT INTO `indicator_evidence` VALUES (1,1),(2,2),(3,3),(4,4),(5,5),(6,6),(7,7),(8,8),(9,9),(14,9),(10,10),(11,11),(12,12),(13,13),(15,14),(16,15),(17,16);
/*!40000 ALTER TABLE `indicator_evidence` ENABLE KEYS */;
UNLOCK TABLES;

--
-- Table structure for table `indicators`
--

DROP TABLE IF EXISTS `indicators`;
/*!40101 SET @saved_cs_client     = @@character_set_client */;
/*!50503 SET character_set_client = utf8mb4 */;
CREATE TABLE `indicators` (
  `id` bigint unsigned NOT NULL AUTO_INCREMENT,
  `topic_id` bigint unsigned NOT NULL,
  `code` varchar(40) COLLATE utf8mb4_unicode_ci NOT NULL,
  `name_th` varchar(255) COLLATE utf8mb4_unicode_ci NOT NULL,
  `description` text COLLATE utf8mb4_unicode_ci,
  `type` enum('score_1_4','yes_no','file_url') COLLATE utf8mb4_unicode_ci NOT NULL DEFAULT 'score_1_4',
  `weight` decimal(5,2) NOT NULL DEFAULT '1.00',
  `min_score` tinyint NOT NULL DEFAULT '1',
  `max_score` tinyint NOT NULL DEFAULT '4',
  `active` tinyint(1) NOT NULL DEFAULT '1',
  `created_at` timestamp NOT NULL DEFAULT CURRENT_TIMESTAMP,
  PRIMARY KEY (`id`),
  UNIQUE KEY `code` (`code`),
  KEY `idx_ind_topic` (`topic_id`),
  CONSTRAINT `fk_ind_topic` FOREIGN KEY (`topic_id`) REFERENCES `evaluation_topics` (`id`) ON DELETE CASCADE ON UPDATE CASCADE
) ENGINE=InnoDB AUTO_INCREMENT=21 DEFAULT CHARSET=utf8mb4 COLLATE=utf8mb4_unicode_ci;
/*!40101 SET character_set_client = @saved_cs_client */;

--
-- Dumping data for table `indicators`
--

LOCK TABLES `indicators` WRITE;
/*!40000 ALTER TABLE `indicators` DISABLE KEYS */;
INSERT INTO `indicators` VALUES (1,1,'T1-PLAN','แผนการจัดการเรียนรู้','แผนการสอนสอดคล้องมาตรฐานและตัวชี้วัด','score_1_4',1.00,1,4,1,'2026-05-20 04:02:17'),(2,1,'T1-MEDIA','สื่อการเรียนรู้','ใบงาน/แบบฝึก/มัลติมีเดียเหมาะสมกับผู้เรียน','score_1_4',1.00,1,4,1,'2026-05-20 04:02:17'),(3,1,'T1-ASSESS','หลักฐานการวัดและประเมินผล','ข้อสอบ/รูบริก/ชิ้นงาน/บันทึกคะแนน','score_1_4',1.00,1,4,1,'2026-05-20 04:02:17'),(4,1,'T1-REFLECT','บันทึกหลังการสอน','สะท้อนผลและการปรับปรุงแผนการสอน','yes_no',1.00,1,4,1,'2026-05-20 04:02:17'),(5,1,'T1-STUWORK','ผลงานนักเรียน','ชิ้นงานแสดงความรู้/ทักษะ/คุณลักษณะ','score_1_4',1.00,1,4,1,'2026-05-20 04:02:17'),(6,2,'T2-CHART','แผนภูมิ/ตาราง','แผนผังที่นั่ง กฎห้องเรียน ตารางเวร','yes_no',1.00,1,4,1,'2026-05-20 04:02:17'),(7,2,'T2-HOMEVISIT','บันทึกการเยี่ยมบ้าน','ร่วมมือผู้ปกครอง/ประสานเครือข่าย','yes_no',1.00,1,4,1,'2026-05-20 04:02:17'),(8,2,'T2-COUNSEL','บันทึกการให้คำปรึกษา','ช่วยเหลือนักเรียนเป็นรายบุคคล/กลุ่ม','yes_no',1.00,1,4,1,'2026-05-20 04:02:17'),(9,2,'T2-ACT','โครงการ/กิจกรรม','กิจกรรมส่งเสริมการเรียนรู้และคุณลักษณะ','score_1_4',1.00,1,4,1,'2026-05-20 04:02:17'),(10,3,'T3-CERT','เกียรติบัตร/วุฒิบัตร','การอบรม/สัมมนา/ศึกษาดูงาน','yes_no',1.00,1,4,1,'2026-05-20 04:02:17'),(11,3,'T3-RESEARCH','เอกสาร/งานวิจัย','วิจัยในชั้นเรียน/ตีพิมพ์/นำเสนอวิชาการ','score_1_4',1.00,1,4,1,'2026-05-20 04:02:17'),(12,3,'T3-IDP','แผนพัฒนาตนเอง','เป้าหมาย/แนวทางพัฒนาตามสายงาน','yes_no',1.00,1,4,1,'2026-05-20 04:02:17'),(13,3,'T3-SELFASSESS','ผลการประเมินตนเอง','แบบประเมินตนเองตามแบบของสถานศึกษา','yes_no',1.00,1,4,1,'2026-05-20 04:02:17'),(14,3,'T3-SCHOOLPART','มีส่วนร่วมกิจกรรมโรงเรียน','เข้าร่วมประชุม/กิจกรรมวันสำคัญ/โครงการ','score_1_4',1.00,1,4,1,'2026-05-20 04:02:17'),(15,4,'T4-PA','แบบประเมิน PA','แบบข้อตกลงในการพัฒนางาน (PA)','yes_no',1.00,1,4,1,'2026-05-20 04:02:17'),(16,4,'T4-WORK','ผลงานที่เกิดจากหน้าที่','ผลงานตามภาระงานที่ได้รับมอบหมาย','score_1_4',1.00,1,4,1,'2026-05-20 04:02:17'),(17,4,'T4-ETHICS','จรรยาบรรณวิชาชีพ','หลักฐานการปฏิบัติตามจรรยาบรรณครู','yes_no',1.00,1,4,1,'2026-05-20 04:02:17');
/*!40000 ALTER TABLE `indicators` ENABLE KEYS */;
UNLOCK TABLES;

--
-- Table structure for table `org_groups`
--

DROP TABLE IF EXISTS `org_groups`;
/*!40101 SET @saved_cs_client     = @@character_set_client */;
/*!50503 SET character_set_client = utf8mb4 */;
CREATE TABLE `org_groups` (
  `id` int NOT NULL AUTO_INCREMENT,
  `code` varchar(20) COLLATE utf8mb4_unicode_ci NOT NULL,
  `name_th` varchar(255) COLLATE utf8mb4_unicode_ci NOT NULL,
  PRIMARY KEY (`id`),
  UNIQUE KEY `code` (`code`)
) ENGINE=InnoDB AUTO_INCREMENT=5 DEFAULT CHARSET=utf8mb4 COLLATE=utf8mb4_unicode_ci;
/*!40101 SET character_set_client = @saved_cs_client */;

--
-- Dumping data for table `org_groups`
--

LOCK TABLES `org_groups` WRITE;
/*!40000 ALTER TABLE `org_groups` DISABLE KEYS */;
INSERT INTO `org_groups` VALUES (1,'ACD','ฝ่ายวิชาการ'),(2,'STD','ฝ่ายพัฒนากิจการนักเรียนนักศึกษา'),(3,'FIN','ฝ่ายบริหารทรัพยากร'),(4,'PLA','ฝ่ายแผนงานและความร่วมมือ');
/*!40000 ALTER TABLE `org_groups` ENABLE KEYS */;
UNLOCK TABLES;

--
-- Table structure for table `self_eval_submissions`
--

DROP TABLE IF EXISTS `self_eval_submissions`;
/*!40101 SET @saved_cs_client     = @@character_set_client */;
/*!50503 SET character_set_client = utf8mb4 */;
CREATE TABLE `self_eval_submissions` (
  `id` bigint unsigned NOT NULL AUTO_INCREMENT,
  `period_id` bigint unsigned NOT NULL COMMENT 'รอบการประเมิน',
  `evaluatee_id` bigint unsigned NOT NULL COMMENT 'ครูผู้ถูกประเมิน (ผู้ประเมินตนเอง)',
  `status` enum('pending','draft','submitted') CHARACTER SET utf8mb4 COLLATE utf8mb4_unicode_ci NOT NULL DEFAULT 'pending' COMMENT 'สถานะภาพรวมการประเมินตนเอง',
  `signature` text CHARACTER SET utf8mb4 COLLATE utf8mb4_unicode_ci COMMENT 'ลายเซ็น Base64 ของครูผู้ส่ง',
  `signed_at` datetime DEFAULT NULL COMMENT 'เวลาที่เซ็นส่งประเมินตนเอง',
  `created_at` timestamp NOT NULL DEFAULT CURRENT_TIMESTAMP,
  `updated_at` timestamp NOT NULL DEFAULT CURRENT_TIMESTAMP ON UPDATE CURRENT_TIMESTAMP,
  PRIMARY KEY (`id`),
  UNIQUE KEY `uniq_self_sub` (`period_id`,`evaluatee_id`),
  KEY `fk_self_sub_user` (`evaluatee_id`),
  CONSTRAINT `fk_self_sub_period` FOREIGN KEY (`period_id`) REFERENCES `evaluation_periods` (`id`) ON DELETE CASCADE ON UPDATE CASCADE,
  CONSTRAINT `fk_self_sub_user` FOREIGN KEY (`evaluatee_id`) REFERENCES `users` (`id`) ON DELETE RESTRICT ON UPDATE CASCADE
) ENGINE=InnoDB AUTO_INCREMENT=10 DEFAULT CHARSET=utf8mb4 COLLATE=utf8mb4_unicode_ci;
/*!40101 SET character_set_client = @saved_cs_client */;

--
-- Dumping data for table `self_eval_submissions`
--

LOCK TABLES `self_eval_submissions` WRITE;
/*!40000 ALTER TABLE `self_eval_submissions` DISABLE KEYS */;
INSERT INTO `self_eval_submissions` VALUES (9,1,19,'submitted','data:image/png;base64,iVBORw0KGgoAAAANSUhEUgAAAhMAAADFCAYAAADuW3A/AAAQAElEQVR4AeydX4wkSX7XfxFZ1d3T3dV/vOvpPzVd6zVGoFvbSNiHMPhWaMd3O9M13IEO/IAAiTcknpAQCJ7gCUsICfEGTwghAfLJup2b7tkd2+eTfIeEpRHIlmwQRjdb1VXT3Tvr+ds9/acqwxFZlZkR2VXV9Sf/RFZ9qysrIyMj4veLT2Rn/DL+JSd8QAAEQAAEQAAEQGACAjAmJoCHqCAAAiAAAiCQHgF7JcGYsLdsoBkIgAAIgAAI5IIAjIlcFBOUBAEQAAEQSIsA5IxOAMbE6MwQAwRAAARAAARAQCMAY0KDAScIgAAIgEBaBCBnmgjAmJim0kReQAAEQAAEQCADAjAmMoAOkSAAAiCQFgHIAYE0CMCYSIMyZIAACIAACIDAFBOAMTHFhYusgQAIpEUAckBgtgnAmJjt8kfuQQAEQAAEQGBiAjAmJkaIBEAABNIiADkgAAJ2EoAxYWe5QCsQAAEQAAEQyA0BGBO5KSooCgJpEYAcEAABEBiNAIyJ0XghNAiAAAiAAAiAQIQAjIkIEByCQFoEIAcEQAAEpoUAjIlpKUnkAwRAAARAAAQyIgBjIiPwEJsWAcgBARAAARBImgCMiaQJI30QAAEQAAEQmHICMCamvIDTyh7kgAAIgAAIzC4BGBOzW/bIOQiAAAiAAAjEQgDGRCwY00oEckAABEAABEDAPgIwJuwrE2gEAiAAAiAAArkiAGOiR3HBCwRAAARAAARAYHgCMCaGZ4WQIAACIAACIAACPQhkaEz00AZeIAACIAACIAACuSMAYyJ3RTa6wuXyrrtTropKn807t73rrq1VX46eOmKAAAiAAAhMPYFrMghj4hpAeTu9tXWvVZGGgW44OMQYG5AR7xxjbGWRVirbd90BQXFqTAIrK7dfV7aqYDsmP0QDARCwmwCMCbvLZ2jttrZ2z5QBUeTiOtuhf5rKqmCcqXR2YFT05zTimVLpa2/WSgvLxEkRHjE2goMACMwQgdxmledWcyhOGxu3z1XFr7YiZ/PXIWm51K419pi+iedv35IQIhqXSaMi6ofj0QmoFon1lZWlTswrmDve+AUBEACBnBOAMZHTAtzY+OhsvjA/11d9V4iL9uW5bjg0n+4VouHrp99frDX3eceoiJ7F8SQEghaJIBE0TAQo4ACBLAlAduwEYEzEjjT5BFWXxnzhhmyJuFo5CdnM4BkQT/f54eGjhWG1UUaFIBePzsMCGyLcWml5cYhgCAICIAACuScAYyJnRagMiV5dGp4B0dhj9cY+yjQnZarGpaguqn5bTrIBNUGgHwH4zxABVDw5KuxBhkQS2djZxuyDOLkK2Wrkp6em6zL58Y+xBwEQAIE8E4AxkZPSS8OQYC3W1nHIThT51X3gHoWAEOa/FyNBfiuEmnJDNBivClsu3zXKhPABgSgBHIOABQTMu50FCkGFqwTSMCSU1NrxfrFNIlwLQdZ1W1vVS3UO2+gEGDOthatzZsw028RC9t1TDnG+vv4LL7qH2IEACICAlQS4lVpBqYCAbA4/6zdGIggUo6PR2Hf05AqcHP3YVnelfO878kn+/7+3Xf0rNuj41a9+++9KY8JQhTHODA/ZUiFa4XTdRuOBU2vsqQYMYyDs8uLGqhkPRxkQgEgQAIEBBGBMDICT9amlpW+eOHR1/QivwklSOVd7hhYUqQCTFDxe2pubd1pE4tsy9k+3hfih3Gf+PWy+/c+DlXBFrbHP6kdXp+vWmntcFoHw4zNZBOXyvbZ/jD0IgAAI2EYAxoRtJaLp885a+8rUwsQNCSlfsKAeo+jTtTxt3Ve23ATXMefZa7yz+NGpNADYAFDSkHgY6Nwr3EFzn8uGi+CUQ+7A8EHAvDugPwiAQC4J4AZlabFVtnfDGr2rYxqGRFdUbnbvLd45ZVe6D7JVn60t3OilgVpo9Lx12ZLlONz/HWtfuQZ6pQs/EAABEMiawHA3tay1nDH5le3dNukP2LJKkRXQoCfdGSMUZtddc4ZemCuMlZyrsnnXLDtNVL25z46OHhU1r4HO89bFRRiAUbn84dvweCIXIoMACIBArARgTMSKc/LE1BLM0pAwyqXW3IMh0QettLnsYuNwo+z6qD2U99HR9xeEFtKh0rx2CCcIgAAIWEMgthufNTnKuSLrKyvGOImWMNd+yHn24ldfGysaf+KjpVgu75pTO7Xo+oBKzftaJ3P1kRPEZKtVXxnXJoYAIAACIJAQARgTCYEdJ9nuegLBk7aqJ5vNB1dezjVO2tMY5513vn4uW3GsyRpXBdZDGyHtAW9AZY9z13m5TqtlhGGMbW9X24YfDkAABEAgYwIwJjIuAF384uLNFf2YHPqWcYwDg8CN+WKRiAw/Gw+EPj1mRAUPDj6bI1f+afEcRvi/JXxAAARsIoCbkkWlwfUOcqlXvb53X+4y/UZUylQXXfjaWvUll0/pup+NbtkqIQ6aexP9n9We7jnSnAi6N1TTVWVAl4qNHKATCIDAdBOY6CY33WiyyJ0dxcEuedC0riquna2qS1ngGCCztEilAaczORV9FwcJV9Qb+7EUqmdQ6LkSpIpG94EbBEAABDIjEMuNLjPtITgRArUv9uZIiDBtZmHFpemkaRrqnIGLaTp54pnzq94+pp+zSxZOFZXCyuVfCY9jkoFkQAAEQGAcAjAmxqGWXBxrUlbN874yst7yndbsmW7skB3mhM7pot1u1RoPvhMnsOPjB/Ok5ZXTvDWDc3e277qVclUM2uJkgbRAAATsIgBjwq7ysEgbey+N6CwOptewWmWbJsxKZAzD4eGnyQwOdbUMCgtbjNKEDlkgAALWELC3xkgSEdIegkAw3k+rvYaIlkKQxfk5s6LWKlXNmYImoQgpV9o0nWPZaCI6rvh/9YkhqiVkZ/tOWFDxixsqxZWV26+ZZUuaD6U4AoEACMRGAMZEbCinK6HzlnPp50jVkrYMwnz//fd/T1aiSiVfPUHSwz9g5Arfndb+1uadlq6Qy04SG8vAWtxYY4Ixh93azPaNoitL80s6a7VAV62xJ3ui0i8LXQ+4QQAE0iOQpDGRXi4gKXYCXv+8fMQOEmbEAneGjtbFV35RFy8rLeMavmiL1J/UucMdXyf1Mq9G4weJvS+kdrxXdC9dw6DgjjAY+Lqktec8tOaEbMcad4GutPSFHBAAgfgJZHoTij87eU8x9YfqgcBkxRAoFFYXA6MketJrTifNqHFJ3Hq3GkxjJfk5PPw0g0GJoZ0lXQEzqU4i34PjhzKPuqWXiJihEu2u2hqEZZdklEdwAg4QAAHLCUymHoyJyfglGvtWOdvm60QzN0biq8sLRnN67ekep0K2q0HubJvv46g141lXgq75qBaQa4KkcnppYcNYtbV2vF9MRXDMQna2q79RKVf/+L3yvV+KOWkkBwIzQQDGhEXFzFpkNl8T8fX16kuLVMxUFdk6wnwF/Md/FnQwGFM6/GCJ73WdjLU5EpbMmE8gm3z72WPy47tl/kOlAk/7HZtqzAujvyk1/TNt1/2R3OMLAokRmNaEYUxYVLLqqU623Gt9/oKWF8l48rNI3fRV0Vv2RbtTcQkRGhiyXyZtpQQF4kmkOPjzou0GgzyVBt502bQzr+Qp4WovN/eCadeu9MjJt8hZcB/Ux3/kRH2oCQJWEAj+iazQBkrQQWNfPWsLH4W6V8vm11zepP08xLF/992758QUjU5qb946rz2X5if0x3XvZLI/m5vfOAs1Igp0Slasl/rh4aMFvU1iaSEyXdYLlezPre2qq+f/4NleQZfIGNdP66escS8tffMkD3paAyw3ikDRtAnAmEib+BDyojMUZBRWiSyKJP1m6rtY5EFfvLK0nj/fW1UA9Nrq5Ut+pvzS2uacwpwvS9fJ90t+H/Z1CEE6isRFq4GX0lQIZArZx6ELrZSrhgGspovq521xv7PaumGLLtADBPJMAMaEpaUnXHFuqsbYTuQGbZ6f7iPBw8qSdSuu7e2PjZkDb97cNwZoJk8kbBbxdUpeZihBaLNgQ03C80m6ogMv35wevYrI0w0NsnG6qHrzLDEW6BnRH4dDEEAQEPAJcN+BvV0E6k/3F9zWpVFZyruebKGoisrNe8GCUnZpnYw2t25+bCwKddFueeMFGHMyu37LkZk2vk7JEOidKstwIosxtkAI8fz54zXqfirlu0arRL2xLy/d7kmLditLbskidaAKCOSaQGY341xTS0n5g6NHRffy0pjh4YkuisKtLfOG7flP6Q8vFtQ4kiB3nfECRFy27QeeKTs4ybYSTaavk+aVuPPCbV+9NhKXSrS+/gsvdDFXB17KDpBuAFlEouu0cJeXVgkL0UElEIgQgDERAWLb4cHxo8L5CUWbkInLR0PbdE1DHyG6szjSENZHRrn84VumnctKp8PDT4NxJEqdcvluKsZFKbK2hD7wcmfbHCtRb+5ZeY/Z2to9I9JLkfABARCYgICV/+gT5Gcqox692FutqXcd6MP3ZU4rMzAoc2dbWxRKPuPWm59mfs06tDQv8Xe+luiklGEibBFQx4ltPHyidwVJAh1JagyCPBPU0Da3ShS5O9fROvyFCwRAYHwCmd+Yx1d99mLWG9GnPNYZQzHFRoVeOUVsqewuAL3SDqrOjNRxw8qcM5G4NjuRloeTt4dBq1lpkYwxCLa2SqiSEsmjUmKwgcDMEIAxkbOiPj13vcGHptpdo2J7V1S202nqNuUndyS0pmiR4qJQA3OkVdltco3BhgPjJXBSMF28plgCslSSEePOGHgpiypQQKjAPTd4ggAITCMBGBM5K9Vnzx7Ov1JjKET4RBpkQd7piXFeKVeF3PRaJggyioNRtpfHxsZHkUWhvgiegimjz85G1RiX0Gg8NAaHZqRWKmLLZXPQb61hvoeEidCEkO7wIBXtIAQEQCBLAtnWFlnmPMeyX6gxFM09ft46fClNin437U4XSKRZepRsXwoyKs5R4sYRdp7fCPq1VSb16YdxpD9WGgX5/D1WxHQjJSGNq0Lok7C3nDcLGiaoltILz/qoc603I03Za0MjAAiAwHUEYExcR8ji80dHj9dq0qgQ/FK9nEjIz1Vt5V1TtlKoloqRtyKnAmkfL52tFN9kqo0ByGJRKC3rgZMRyS95HyHcAdWrF2QmftTslqWFucDws2ZsyyD6QSnKQFqLijzCFwRAYAwCMCbGgGZblHr90S/XGnu83txnbXJOuwtEJqMmF6lcM5XNu23SHh6zWBQqCnBn8aNT3c9lrMf4FT3E9LtXVm6/dqi0oOdUyI9+bJtbdZ8RhdaE7DGEUUj4gMBkBFKpGCZTEbFHIdBo3F+STcxMGhfybpnII1c6N16HBdemykUWi0JFubO1Ba3SFNRo7GvH0dDTdyw0O1KVicrhytJ8dAlzUW8+DMpOhbFtK7Kw+8w23aAPCOSVgNX/9HmFaoveaoDceetyWXCn7DLnz7KC8xdZofBXBWcfS79vCc7/juDFf0BO8R+TdzhJAwAAEABJREFU4/yL7vYvyeG/JrjzbwUv/AdZaRjGgzRSEr9m1Ns4hfbkaEsXBzEmDbRu6crH2a5rZnYy92H+u81fnEtfn4C8WNK4Pnxx4+45F1o+xk0F8UAABHQCiVcMujC40ydwdPTopF6/3zw4uP/Hn39+/399/vkn/6Nef/BI+t2v17/3X+v17/6nWu27/65Wu/+vu9u/qtW+98/r9fv/pF7/5B+mrbEyJIpOcV6/28uWlsyvU9mc/0ZnIVq8rR/PglszG+hc5j+6rLa4bLfywEFoGRGutIDyoDR0BAHLCWR+k7aczwyp1zurjIV1pugdJDZfNSZhzikYhgSRm7TYofRfXZ5f1APWjx8U9eNpd0ffBXMs819a3FzV813/4jPrmajxErqh+vLk/ETPA0wLnQbcIDA8ARgTw7OayZAX7XCRLHUTli0H54mBWLuxQKSkkPeRD42i1rCk/52xUDErzBsPUWo/ZncGiehbU12XckGlGBkv8erVb5cYMRaADF2BFxwgAALXE4AxcT2jWEPkLbHowMc5p5jY06e8pQe3cvWEeGDTWgVaVamMnLyV4yT6qqmfREHRkNtyXYeEdu8QdPA0utQ7Wfkxxkuoi0xpGWZNNYRpJa1OYgMBEBiGgHZDGCY4wswogeAGK++/+q03XhwycT9BawZddhWShk7XJesb1p54ddEgsRw4HFoMX2wm9eUON+4b4iIfYyWk6kRaQcrLTahuD+lJ/ifa7eH7Yw8CIDCYgHFTGBw0T2eha5wE5E03SE67Fwd+cTg2Nr5+rt/oTy9ePr8+3XQu31vvVo2Bhc3mZ8ZiXtfrmWSI5BkIEbEfOQUe0soUeRgroUqg08KiXJ1NGQ7FHt0enbP4BQEQGIUAHyUwwoJAUgTmCmb3ybNnP3rnelnpNBDw+YxfUjIQRDoM+qlQb+Sje0Ppz91lo4VFjZcwuj1UIGwgAAJjEZjImBhLIiKBwBUCP/OEEWO+t3ra9d2D98lfvpub3ziWOgS62TfQMHkG1MeWcvO21kZ4icki7XyF5tfurp3ROYNfEACBUQikcScaRR+EnUEClfKfq+jZPmiuf08/ztJd5MV3dfmNwx//UD+eDXfv1o+DZn5aJTrlZOZDTUVmnRPe76tXr43l0j1P/IDA9BBINCcwJhLFi8SvJ/AzT2QY/Z4uhPgv35J+mX+3tu7U5YNrRLc//DBzxSxQYPjWIwuU7afCqr48OtHr17+73C8o/EEABAYTgDExmA/OJkzgSqvE05f/JmGRQyfPOSv7gWXlSXYuFW0+bfv6Jr0XrGUMSk1aXiLpM1WqiaSMRGeZwIzmHcbEjBa8RdkOnvyF7IN33R/+s+F1S7Yi5VpdEyg5vHJTG1KWEx0cfDaXtwwKEZai0Mo2b/mAviBgIwEYEzaWyozoVClXDWug3jz8o9GynvTlm3T6o+W2d+j0dRTCzWVVzOTHZygzIL/+EfY5JACVLSOQ/p3IMgBQJxsCavCblBw+KnrLMT/+QPqN8DVskRHiDRs06fSH1WNQuGR1XFr65gkxHpYTqdUuLVnifBCWyDn1UjKmdWtctLSXzkTC4hAEQGB0AjAmRmeGGHEQWL9xQ0+mZuVyzPj3eGetvahZErLIGO1smS1K0tP6b2lxY4WokxPVJKFeVEb4XE8AIUBgSAK4Ww4JCsHiI1DZvtvu3Nb9NO3swWasW/tINcUMrkGws93HaOAhF4kmL18WKCrsvN4C/eAAgRwS4DnUGSrnmIC3CBTjxnVXa+w742XJSGa8JPrEio7neHN69KpP0Iy9k2OgG1N6JlWtLMvxTPez2b2ycvs1afYPa1H4Xn3qfDI2LzpK4BcEckwguTtRjqFA9eQIzDnmIlDnLXlrJ9kRP5bIRMcLqDrT00q9JfT588dr3oF1P8kwqES6MmqNvYCHQlDkxdzM5lhdnl9SOvtb7Xjfe/MtI2ku+Z7Md2APAiAwDgEYE+NQQ5zxCQgybttHRw+8G/v4CcYfc6e8a9TQVr0KPf7sXklRDVYkHpaTK/t4VCDZOyDUXm2yGmbe4Ex1YPvGunlRehpNEEz5dDZpMXYc+AUBEBiHAB8nEuKAwNgEtPs3ydpp7HS8iMlcvoxkVemlL5tMuhVp99DqnVFPTqDp0oIarBgm4C+bfem2LkJfop9YbS/qx8O6lRFS2TYNtmHjjhVOW19CFq1nEL3zjnpLbZiaeoNoeAQXCIDAqASSuRuPqgXCzwSBaD97rbk/4fVnNCDEwnDnytoXdr9/Qjd8iMWCgDgPjSnd4Ds8fLTgmVddMSqU4lUuf/i266V2A7f3Fu+cqhkixFhM2g4U5500JLUuvYvmxlzRaBF79eq3S15g/IAACIxFYMKb+VgyEWkGCays3H5TdIrzYda9B8Tw0ALXysqHb2QNJ78dZeSTvn1KdlQLf/WaMoam+vX16sswcSL3gnmVr+9XaygDMMQiYTGHSguVSNeQH17f7yx99FasOzd0v6Tdt979urHsd+3oUUHJZFxqrhxyC3MjD/AFARAYiwCMibGwIdKoBNZKC0vh7ZvkA++4gy5HlTx8+NXlktFsX7f5rZgyW92Fv6Sr842jqb60IIwn9INne17l25HQ+T275EZ3R8eXsYrsuujXSrG1tXvGVm/Ilo1O6LR++VwhuMcZRoOg8HKcuLstrdxADgjYSyD4R7NXRWiWdwKVclXoeZD3blGfuItDTzEet3zIDyuYeJJMNpXIWy8nbar3jBMuKXS1VuXUdRq74+MH869PD19Ki9AoV2KsZyuFMiSKnM1TJnRZIFVbAJP01TBdJsx8GLnFAQiAwDAEYEwMQwlhxiYgDQmjmVy1SdhoSHgZ1OoU4S3vTZ63tT967TihkqobiiKrkr55239tDTVVtiYNQvec2lfbmGQrhTQgZdmLne1d1zMkJtRv7OihLaFsH81oCGwMOjnhb8ZOHxFBAAQ8AjAmPAz4SYLA9nZVLQ4U3rXlo26nzz0JaZOl+e67d8/l42qQyMuTs9PgYModairoaqQbShl9ymC4LuuqG6RFhQr1efkXk5/r0kjqvNfSoiX+8uT8RB3ubFTDcRTSvHjxYm9V+WMDARAYnwCMifHZIeYAAu8t3jktMDKuL/UkS70+Y/sZyY+dioq4OM+Kau9vsstg2XdP8/6nfuqvLZQWN1dDi0+ZESRGMfqazU/qteZDfukO9/IstQCW2ijpT59uIOa44YWjZzxpfZA+CEwxgfCfaooziaylT0CsmaP2T8/dHoP20terr0TBcl2taD00fbPY64R7sWi0wAgSoj7mwNOnTx8UWqJQuXTFeS9Zyk/qKdsClCuFrV83kDGVIz11UsgxRIBAZgRgTGSGPnXBqQmsqGmCWtWsxh88e/ZwPjUFxhGk6Svr01zUMEyvFHX9h8z/rY3dNjEWxFSZrntTP4dMoEcwIS7/X68xErXGHlPbuIZKD1Hje6mM+rEx+NIngT0ITEQAxsRE+BA5SuDWzXuyPzqsoNT5+lO7F37a2LhtPEmfXrx8rvS2ftMrxRHXmFBTOHmBBf//Kqm6rPAnyXMwayOSiDIiIl7ZHgbmE1FLuG62ykA6CEwHgeBmMh3ZsSAXM63Cf/w2LwonQCBrKF4sfRIcW+qYc+aN8RLPnv3oHUtVDdSaZDnocnn3zKGSsebDZbstjcAg+ZEdyjiJtkjILhOyxZCQ3Stenio3dy89R/en2fzsyjoa3VPYgQAIjEAAxsQIsBB0MIFK+ZNf10O4Lbf95Ml/+xu6X7zueB4qmfyEevnVTuhjo+vGXKGo6/VqyOWgVeuBQyzS5eSKw8NPjfT0tK9zl0pfe8MjxokyJOqNfa0N4LpU4j/PZB9OkCrruorkdF1XZ7T6J7AHARAYmUBejYmRM4oIyRMQQvi3bHWjFgfHDwvJS51Mgnq3hJ5CbcIxA3paSbo55wFrBXsYWapFItp6oOZu1BoPx74PqGmlaysr5uqmUqGsDQnFQ7AQEXW7gWRjWeDZb3ymiosNBEBgNAJj30RGE4PQ005gc/Mbx4wF92miC4qn2WAguMkuX7VQk9RYfgMhsq4J3PlxMFl7X6Ot6oZwoi0SsvmgNqHxFJ1WqtSwwZDY2PjoTC9Yf40JEpovBl+q4sIGArEQGHw3jkUEEpkFAnOs8K6ez/oXV9/poJ+Pxz2ZvbK6vGC8i6PWsHugaF9m3Tdh9juv1vxwIt0QasZKbcwpoL6cyvauUQDKEpMMtdraD5n+vshuzOlS/W4gpmnnXgpDfz083CAAAqMRgDExGi+E7keAh7dpVz7x9gtmk7/UOKhaVEVok26DdNn5yY+NwZL+mzB7xVHjGa68qVOWT62p3v7ZK8ZwftFppSQB1ht7Ac/hUkkuFOd6E0RHztZW1Rh8mYduuI7m+AWB4QhkGQrGRJb0p0R2pVw1nvBO3h6+Sidr8V2+ssVbVofpaD2pFFbkQ2d8vbSypMtTmZy0RUKNk9Cnlar0ZZrWGBJKHyEtRbVXm+iOl3DIddQxNhAAgfgJDH1Til80UpwOAr/8azIfekUihnmng4yT6dd7F4emwaRP6lpSKTh5yFso86C3SM/IC0N6geJoPVhe3DTeZTHsMtqeAin89BsvodkXKWgBEdNLADnrRQDGRC8q8BuaQKW8+k/1wM7c8m/oxza619erLxfnmdan3r9CtlF/0gwEaUsMUj4IqQLFMZ6hsn2nHSQq4cgeE6GW0ZZOa77zznxYthKQP17CGgWhCAhMIQEYE1NYqClnKahb5H1b/PjH//1vpSff6F0ZWmxpkVZIq5GF/FBOPhsb94zVOoNZChH9K9tVZT8EvnG0SKjuDWKOcc+oTzgbJFAwRocgFlyTJDABNEa0qSYFYfkiYNwY8qU6tE2LgOgjqFK+a9Tm9QlnB/QRE6t3OaKzTFzUm+OvsyDjp/qdc1rFQKC03no9de+oPIbVqVpioV8RBkkN4yjdsLt7Q+VBGTyaKUGi1Worf2wgAALJEoAxkSzf3Kf+sz/7935R9tAHVZOsleTXz5Y803XKek3z73pauHNEkBUiqXEtZ9NBGQuZE7v61F3ZrMpuiDCMLBc6mHDmhirGnY1qmwx0wrruDaXn8o2NoNVJFi/Vv/gsNL5UAGwRAjgEgXgIwJiIh+PUpvL8+bPf0zN3c/PQW4rZhlYJRmNcvoyFVaLs8KccfdTCU6TV6OLCfOr2BpU6IoDiVabNmKZrFkzYdQu7N0h9WAiIqWNsIAACqRAIbjypSIOQ3BHgqkbStH78+PHlzuJHp0Th06+b0ZiDC7fd9lWLqOl7D96z9ljRBiea3FmHFj1DzpegP3Vvbe2e3Zjnc9StS1XGTs8uLiiGT6W86zItHdtmb2iqSWeoqT8lVHpm/oUCIDDtBGBMTHsJx5y/lZVvntD6jRt6snE0o+vpDevWX06lqpBy+V572LgqXJtxYxEj5WfzJvQuGk1R/50bioHv3XKZ++WXv2kYH/650VhWfYUAAA2LSURBVPdma45tszf8/PSbEuqf1/dCWVu6B9wgAAITEYAxMRG+2Yu8Vmov6pWWINea27IjjAfoK4Ujn96NlSMbjX3jNdxXIuTAY2Xl9msn8s4N4ZIaz+DEob4a0Kin46byzhVd4vDuIuu9hLafAiPNKGK+L/YgAAJxEIAxEQfFWU1Ddm/UJ3jjZCzYZMUZpMPYwCqiyMLxBN7oyyBifh0rS/PGCpckjbv60/jeMVJaUAMaQz4Hz9J450oobxRXryW09fhCuzyYvHb1c3CDAAhMRgDGxGT8Zjp2LYZZApMCdC8vgump1zeRaLWJGGh3TKpWavE51/MkqBa3caelL6jTOZBa5kYUJHQUrqlrtAvk9dujlJZ8HzETCA4COSUAYyKnBZee2r0vkYv25Rfp6dBf0sGz3yz4Z5V5MHDchF7ZyJrRj5fX/XuLd0513V3GRhozosft5a5E3rny5tTeCjhqLEQX85pz5uaCPEo7Iw9Lvgf6wgECOSDQu6bIgeJQMS0CwYN/IFDei8Xh4aObgYdFjn7jJlRlo6v5+i291o/tc1+vkVjnwUBY1Spz0Ii9C0LZZ54iqsxtroDnnQXDWIgu5sX09TmwKqZXpvgBgTgJwJiIk+aMpFVvxtcnHwcyV29lYCyoAPW0i044OE9VvC9e7Bkvq9LD5scdZlVV9nHqHV0p1LYyj+ZVUFjugpHQz19ZnwOrYup44AaBWAjAmIgF40wlYtyorcj5RThuop8+nBHzz0lHkAffL9d7mZuDmA286PoitvMJTQmilsuN5jRnwPoctucL+oFAXgjAmMhLSWWmp3GJiJqFy0/r4yYUpui4iZ1y1RhL0KbLWBZzUrKy3qQdQbVmTKtcZp2ZMeXvlHc140FQdB0MIZsqxkwa0UAABIYkYNQUQ8ZBsBkkICutCQyJ5IFJ/QIhDkVqD0HGdd5oPMr9+hJ+Zi/bbWPtDN9/lvaMwnYJF+MhZqnokVeLCBg3WYv0giq2EJC1tCAh6ha2SOiIIksnM/+cmvEQVjUkc0IyR/7ZfO+F/OirgOY7N+Npv7NddfWYJ28PMeVTBwI3CKREAMZESqDTEJOEDGf+ZLFu60udtAw/f1V4qx3SzlanknHXeNgKIYhsH0io5yHqvnSFVnFKA8+CdT6iOqZ9LA3FwHBUpqLNM07SZgN5IJAmARgTadLOoawnT35wlge1T07uL0lbIVSVEfMOWHevDkS+WyUKhVJJ5uYPZVZeEPFflfuZ/kZnnNRyYPTOdIEh81NNAMbEyMWLCNYSkH0dvm7yiZW2tj4+Y7L29f0u3JYxENP3z8v+4ODX39YO9j6oNfbWa40H30lT70q5athqacruJytvM0765QP+IDANBGBMTEMpIg89CRQ5m9NPHB59VtSP4c43AaG9akVYZ+rkmy20B4FRCVhrTIyaEYQHgSgBIZyoF46niADTmp0Y5bsLa4qKBVmZUQIwJma04JFtEBhEoN58yIXWbaTCVsp3tQGgyie7zVvVUloQvgbuBVmjm68T9iAwQwTM+fezlHHkdRYIoH6ZpJTPW05kjAlnauyEv5mLRU0iabS4W1u7Zw6VFjRbgg6exf5ektGUQmgQmHECaJmY8QtgmrLPzs6MBZyY/nKnacpoSnk5Pn5QpEvR6teBwIh5xkW5fNfgnqR6qkWiyNm8LsO9ZpaO0NYwExhboaODO28ELNYXxoTFhQPVRiNQ+5PfMQZcmrFRjZg8hjuqHe8X2+z8clBoh7jjt1aY+11R2d5119aqLwfFH/ZcqfS1N1y2SOjhlW1w3XtJOCcWxsF1ELKACwTiI8DjSwopgUD2BE7PZe95DzVqWIOgB5XhvBqN35priULFZeIv1xp7TG2qEr8+tqzDGWMrS7RiGhlVET2+tXX9eIy10vKiTDEQqxok6lKfwKOHQ7VkkGZLnLd4pOuG8AGBKAEcj0EAxsQY0BDFXgLPnj2cd12zYb5Ng5+s7c2NPZo1m5/UDw72/6evkVeJt6Ok/bOj7zk3x2NEjQ11zBjXbQmqN/aN415SncgbQ72um14B4QcCIDARARgTE+FDZBsJMKOKEUI9WduoZ951qh0+dGrNPcZa/KdrsoVA356/enUi8zdcA4YMmNRXaOMlkpKBdMckgGhTRQDGxFQVJzITJVBD90YUSezHnx9978fRRF+//t1laVxwXiyuu8z5C9LNem1tEsl2O2gLW0V1xDEIgEB8BGBMxMcSKdlG4OztwIGDtqk7jfo8efLdFwcH93+/X94ajf1CdDxGL6Ojl1+/NOFvEMABCKRCAMZEKpghJG0CglxR+/L7c2nLhbzRCTQj4zFGTwExQAAEsiYAYyLrEoD82Am47LxVbzzEtR072RwmyPSFyxIcwpFDNFAZBOIkgBtunDSRlhUEMODSimKwQwljzIQxMtcO/aAFCEwJARgTU1KQyAYIzAABZBEEQMBSAjAmLC0YqAUCIAACIAACeSEAYyIvJQU9QSAtAlMkR6BnY4pKE1mxmQCMCZtLB7qBAAiMTaBc/ut/IG9wgTkhSGAE5tg0EREEBhOQ/2uDA+AsCIBAIgSQaOIEWh9QYEoQ3dw8mk9cJASAwIwSgDExowWPbIPAtBPgkXaIx48fYxGzaS905C8zAjAmMkMPwakQgJDZJWBMC51dDMg5CKRBAMZEGpQhAwRAAARAAASmmACMiSku3BSzBlEgAAIgAAIzTADGxAwXPrIOAiAAAiAAAnEQgDERB8W00oAcEACBngS2tu7Ud8q7bqW8Kyrlqrcxrs/lIFL+PSPDEwRAYGICfOIUkAAIgAAIpERgc/Mbx5XtjrGgjAN/K3LnFiPGiOSX8AEBEEibAIyJq8ThAwIgYAmBnZ3bDd14mHOKPzm+vRCZK2pJHqEGCEwDARgT01CKyAMITCGBUulv/wFrz28Pazyo9S1dlwQrnP/fWmOPyeOI9YBWiym8TJAlSwhkZ0xYAgBqgAAI2ElgrfTmA1I9Fz3UE/KjDAZ9qzf32MHTPf7557/153tEgRcIgECCBGBMJAgXSYMACIxHYHX14/9NjGtNCYJMw2Ef967x0CIWCIxF4LpI+Ie8jhDOgwAIpE5gZYn/vGZJkCso0mWRukoQCAIgMIAAjIkBcHAKBEDADgIHTbRE2FES0CJZAvlNHcZEfssOmoPAFBPArWmKCxdZm0IC+I+dwkJFlkAABEAABPoTwJn4CcCYiJ8pUgQBEJiYgDtxCkgABEAgPQIwJtJjDUkgAAJjEri1UW2PHhUGyejM4oyBtGaJAIyJWSpt5BUEckKAtZhhPPACjXSvWln58Lk5tTQnGYeaIJBTAiP9g+Y0j1AbBEAgZwRqx/tFIjH2dNDV5aVVfWppzrI/kroIDAI2EIAxYUMpQAcQAIErBMSYtsTW1u4ZMxa8upI0PEAABGImAGMiZqBIDgRAIBkC5fLutYMglpe/9brI2Xz8GiBFEACBQQRgTAyig3MgAAKZEbhsOca4CYcY2xlgUJRKH375E6ut5cwUhmAQmGECMCZmuPCRdRCwjYCuz+Hxg2KbhNEawaRBsb3de2bHWmlpXY+v3EK4Y4+7UPGxgQAIDEcAxsRwnBAKBEAgAwKNxr5DrvzTZBfYcDM71IvBhGDkfwTMCh8F9iAQOwEYE7EjRYIgYDuBfOlXe7rXNShCa+DWZjVosahs33V3ylXBegy65JxCa4JgTuSr5KFtngjwPCkLXUEABGaTgGdQaHYBd4jtbFfdSnlXkDQiNIshAPT++7/y70mL06bi/yF8QAAEEiEAYyIRrEgUBIjAIF4C0fEPjClLgfUV0r4o/iP9ZLP5yVf0Y7hBAATiIwBjIj6WSAkEQCBDApcuc9U4CX8Tor+hkaGaEA0CU0kAxsRUFussZQp5nRUC9eZDrgyFNgljyqif/6dPHzi+29sL3N48DvgBgRQI4L8tBcgQAQIgEB+BRmO/oIyK6BaVIBiaJqJMcAwCSRGAMZEU2SlLF9kBgTwR+Lmf+/u/JG9uQT+HwEyOPBUfdM0hAfn/lkOtoTIIgAAIDCDw/Pmz31HDM/0gNzePsMS2DwN7EEiAAIyJBKCOnyRiggAITErgvfLuERfm+zkeP358OWm6iA8CINCfAIyJ/mxwBgRAIIcEBFHRVFv6mB44AgEQiJkAjzm9XCQHJUEABKaXgCAeme0RDJ2Y3kwjZyCQMQEYExkXAMSDAAjES4AJ5uopqlkf+jHcIAAC8RNI0JiIX1mkCAIgAALXERBMnF0XBudBAATiJQBjIl6eSA0EQCBrAoxeZ60C5INA7ghMqDCMiQkBIjoIgIBtBMSXmkYYfanBgBMEkiIAYyIpskgXBEAgKwINTXBLc8MJAlkTmFr5MCamtmiRMRCYTQJciA+CnDM6CdxwgAAIJEYAxkRiaJEwCIBA2gRu3br3lwSxnw/kCjoN3HDMDgHkNHUCMCZSRw6BIAACSREoFN78vkz7j+TW+TJqdhz4BQEQSJIAjIkk6SJtEACBVAk8efKDs1pj7ytyY952sPfVVBWYLWHILQgEBGBMBCjgAAEQAAEQAAEQGIcAjIlxqCEOCIAACKRFAHJAIAcEYEzkoJCgIgiAAAiAAAjYTADGhM2lA91AAATSIgA5IAACExD4UwAAAP//rlLFhAAAAAZJREFUAwAnqbIwrQRmkAAAAABJRU5ErkJggg==','2026-06-22 09:35:09','2026-06-22 02:35:09','2026-06-22 02:35:09');
/*!40000 ALTER TABLE `self_eval_submissions` ENABLE KEYS */;
UNLOCK TABLES;

--
-- Table structure for table `self_evaluation_results`
--

DROP TABLE IF EXISTS `self_evaluation_results`;
/*!40101 SET @saved_cs_client     = @@character_set_client */;
/*!50503 SET character_set_client = utf8mb4 */;
CREATE TABLE `self_evaluation_results` (
  `id` bigint unsigned NOT NULL AUTO_INCREMENT,
  `period_id` bigint unsigned NOT NULL,
  `evaluatee_id` bigint unsigned NOT NULL,
  `topic_id` bigint unsigned NOT NULL,
  `indicator_id` bigint unsigned NOT NULL,
  `score` decimal(5,2) DEFAULT NULL,
  `value_yes_no` tinyint(1) DEFAULT NULL,
  `notes` text CHARACTER SET utf8mb4 COLLATE utf8mb4_unicode_ci,
  `status` enum('draft','submitted') CHARACTER SET utf8mb4 COLLATE utf8mb4_unicode_ci NOT NULL DEFAULT 'draft',
  `created_at` timestamp NOT NULL DEFAULT CURRENT_TIMESTAMP,
  `updated_at` timestamp NOT NULL DEFAULT CURRENT_TIMESTAMP ON UPDATE CURRENT_TIMESTAMP,
  PRIMARY KEY (`id`),
  UNIQUE KEY `uk_self_eval` (`period_id`,`evaluatee_id`,`indicator_id`),
  KEY `fk_self_res_period` (`period_id`),
  KEY `fk_self_res_evale` (`evaluatee_id`),
  KEY `fk_self_res_ind` (`indicator_id`)
) ENGINE=InnoDB AUTO_INCREMENT=310 DEFAULT CHARSET=utf8mb4 COLLATE=utf8mb4_unicode_ci;
/*!40101 SET character_set_client = @saved_cs_client */;

--
-- Dumping data for table `self_evaluation_results`
--

LOCK TABLES `self_evaluation_results` WRITE;
/*!40000 ALTER TABLE `self_evaluation_results` DISABLE KEYS */;
INSERT INTO `self_evaluation_results` VALUES (69,1,4,1,1,1.00,NULL,'','draft','2026-06-02 08:43:49','2026-06-02 08:44:47'),(70,1,4,1,2,NULL,NULL,'','draft','2026-06-02 08:43:49','2026-06-02 08:43:49'),(71,1,4,1,3,2.00,NULL,'ฟดหผพก้ะพ่ัะดทักืพ','draft','2026-06-02 08:43:49','2026-06-02 08:44:47'),(72,1,4,1,4,NULL,1,'','draft','2026-06-02 08:43:49','2026-06-02 08:45:01'),(73,1,4,1,5,NULL,NULL,'','draft','2026-06-02 08:43:49','2026-06-02 08:43:49'),(74,1,4,2,6,NULL,NULL,'','draft','2026-06-02 08:43:49','2026-06-02 08:43:49'),(75,1,4,2,7,NULL,NULL,'','draft','2026-06-02 08:43:49','2026-06-02 08:43:49'),(76,1,4,2,8,NULL,NULL,'','draft','2026-06-02 08:43:49','2026-06-02 08:43:49'),(77,1,4,2,9,NULL,NULL,'','draft','2026-06-02 08:43:49','2026-06-02 08:43:49'),(78,1,4,3,10,NULL,NULL,'','draft','2026-06-02 08:43:49','2026-06-02 08:43:49'),(79,1,4,3,11,NULL,NULL,'','draft','2026-06-02 08:43:49','2026-06-02 08:43:49'),(80,1,4,3,12,NULL,NULL,'','draft','2026-06-02 08:43:49','2026-06-02 08:43:49'),(81,1,4,3,13,NULL,NULL,'','draft','2026-06-02 08:43:49','2026-06-02 08:43:49'),(82,1,4,3,14,NULL,NULL,'','draft','2026-06-02 08:43:49','2026-06-02 08:43:49'),(83,1,4,4,15,NULL,NULL,'','draft','2026-06-02 08:43:49','2026-06-02 08:43:49'),(84,1,4,4,16,NULL,NULL,'','draft','2026-06-02 08:43:49','2026-06-02 08:43:49'),(85,1,4,4,17,NULL,NULL,'','draft','2026-06-02 08:43:49','2026-06-02 08:43:49'),(138,1,19,1,1,3.00,NULL,'','submitted','2026-06-21 07:45:10','2026-06-21 08:50:40'),(139,1,19,1,2,2.00,NULL,'','submitted','2026-06-21 07:45:10','2026-06-21 08:50:40'),(140,1,19,1,3,3.00,NULL,'','submitted','2026-06-21 07:45:10','2026-06-21 08:50:40'),(141,1,19,1,4,NULL,1,'','submitted','2026-06-21 07:45:10','2026-06-21 08:50:40'),(142,1,19,1,5,1.00,NULL,'','submitted','2026-06-21 07:45:10','2026-06-21 08:50:40'),(143,1,19,2,6,NULL,1,'','submitted','2026-06-21 07:45:10','2026-06-21 08:50:40'),(144,1,19,2,7,NULL,0,'','submitted','2026-06-21 07:45:10','2026-06-21 08:50:40'),(145,1,19,2,8,NULL,1,'','submitted','2026-06-21 07:45:10','2026-06-21 08:50:40'),(146,1,19,2,9,2.00,NULL,'','submitted','2026-06-21 07:45:10','2026-06-21 08:50:40'),(147,1,19,3,10,NULL,1,'','submitted','2026-06-21 07:45:10','2026-06-21 08:50:40'),(148,1,19,3,11,4.00,NULL,'','submitted','2026-06-21 07:45:10','2026-06-21 08:50:40'),(149,1,19,3,12,NULL,1,'','submitted','2026-06-21 07:45:10','2026-06-21 08:50:40'),(150,1,19,3,13,NULL,1,'','submitted','2026-06-21 07:45:10','2026-06-21 08:50:40'),(151,1,19,3,14,2.00,NULL,'','submitted','2026-06-21 07:45:10','2026-06-21 08:50:40'),(152,1,19,4,15,NULL,1,'','submitted','2026-06-21 07:45:10','2026-06-21 08:50:40'),(153,1,19,4,16,2.00,NULL,'','submitted','2026-06-21 07:45:10','2026-06-21 08:50:40'),(154,1,19,4,17,NULL,1,'','submitted','2026-06-21 07:45:10','2026-06-21 08:50:40');
/*!40000 ALTER TABLE `self_evaluation_results` ENABLE KEYS */;
UNLOCK TABLES;

--
-- Table structure for table `users`
--

DROP TABLE IF EXISTS `users`;
/*!40101 SET @saved_cs_client     = @@character_set_client */;
/*!50503 SET character_set_client = utf8mb4 */;
CREATE TABLE `users` (
  `id` bigint unsigned NOT NULL AUTO_INCREMENT,
  `email` varchar(255) COLLATE utf8mb4_unicode_ci NOT NULL,
  `password_hash` varchar(255) COLLATE utf8mb4_unicode_ci NOT NULL,
  `name_th` varchar(255) COLLATE utf8mb4_unicode_ci NOT NULL,
  `role` enum('admin','evaluator','evaluatee') COLLATE utf8mb4_unicode_ci NOT NULL,
  `status` enum('active','disabled') COLLATE utf8mb4_unicode_ci NOT NULL DEFAULT 'active',
  `department_id` int DEFAULT NULL,
  `org_group_id` int DEFAULT NULL,
  `avatar` varchar(255) COLLATE utf8mb4_unicode_ci DEFAULT NULL,
  `created_at` timestamp NOT NULL DEFAULT CURRENT_TIMESTAMP,
  `updated_at` timestamp NOT NULL DEFAULT CURRENT_TIMESTAMP ON UPDATE CURRENT_TIMESTAMP,
  PRIMARY KEY (`id`),
  UNIQUE KEY `email` (`email`),
  KEY `fk_users_org` (`org_group_id`),
  KEY `idx_users_dept` (`department_id`),
  CONSTRAINT `fk_users_dept` FOREIGN KEY (`department_id`) REFERENCES `departments` (`id`) ON DELETE SET NULL ON UPDATE CASCADE,
  CONSTRAINT `fk_users_org` FOREIGN KEY (`org_group_id`) REFERENCES `org_groups` (`id`) ON DELETE SET NULL ON UPDATE CASCADE
) ENGINE=InnoDB AUTO_INCREMENT=26 DEFAULT CHARSET=utf8mb4 COLLATE=utf8mb4_unicode_ci;
/*!40101 SET character_set_client = @saved_cs_client */;

--
-- Dumping data for table `users`
--

LOCK TABLES `users` WRITE;
/*!40000 ALTER TABLE `users` DISABLE KEYS */;
INSERT INTO `users` VALUES (1,'admin@ccollege.ac.th','$2b$10$f6g9QMzpdIjzUyckEbFLIeuSRKEGJdNSu.TZ3tmegQ5ioSop02og6','ผู้ดูแลระบบ','admin','active',1,1,'avatar-1-1782361838697.png','2026-05-20 04:02:17','2026-06-25 04:30:38'),(2,'eva.me@ccollege.ac.th','$2b$10$ycxCewoT/qjuiZiDb7hfP.aGEnWZu8rMF3UzRO6QgxgIO7lKLsRSm','กรรมการประเมินเครื่องกล','evaluator','active',2,1,NULL,'2026-05-20 04:02:17','2026-05-20 04:02:17'),(3,'eva.it@ccollege.ac.th','$2b$10$rCg8BVUQSVs51Hb/fwctneQcBfIE0RL5dVRm1bcX5CPyGKyRAxFoe','กรรมการประเมินไอที','evaluator','active',1,1,NULL,'2026-05-20 04:02:17','2026-05-20 04:02:17'),(4,'t.it01@ccollege.ac.th','$2b$10$V0GTPQ/2Ap5r0nzE49FjfOW7xmXuSPQ8m7P81jwKrFFltwCvBXTsy','ครูไอที 01','evaluatee','active',1,1,NULL,'2026-05-20 04:02:17','2026-05-20 04:02:17'),(5,'t.me01@ccollege.ac.th','$2b$10$gkmAZQmS5GjA3cgHAzZgN.HZzaH4gKeuTkeJnNoAEFT2OyczRibuC','ครูเครื่องกล 01','evaluatee','active',2,1,NULL,'2026-05-20 04:02:17','2026-05-20 04:02:17'),(6,'t.acc01@ccollege.ac.th','$2b$10$5FALWHRfgaBZC0Az5BAVdeelVK4LgRGyKOmSC0hNI3yU6.PRbCxnW','ครูบัญชี 01','evaluatee','active',4,1,NULL,'2026-05-20 04:02:17','2026-05-20 04:02:17'),(19,'krupayukub@college.ac.th','$2b$10$XiYTcrIIbJAjc8x7RrNeGucz6asU35SEjfHpteD01JCb7yiEEEuTu','ครูพายุเอง','evaluatee','active',1,1,'avatar-19-1782095636842.png','2026-06-19 11:25:11','2026-06-22 02:33:56'),(23,'dadad@cc.ada','$2b$10$FV0pGLea6QX/qHiGDngvJu.O4H1Oosg8nZboCWNiM1SmMjm.DW8vm','eva1','evaluator','active',3,NULL,NULL,'2026-06-25 04:40:11','2026-06-25 04:45:47'),(24,'dadw@fadap.ca','$2b$10$9/zHOmTxL4pYU06FpvBBi.L5I2T49m0VR0urxZ3GcOee8E8aOw2ou','eva2','evaluator','active',5,NULL,NULL,'2026-06-25 04:41:44','2026-06-25 04:45:50'),(25,'adlJPHO@dadadk','$2b$10$FgqYnP8FXVIQw0kh6Y4JyuaL1y6Qw33gEIyhHWul5jDm4.nDSURem','tee','evaluatee','active',1,NULL,NULL,'2026-06-25 04:42:00','2026-06-25 04:45:55');
/*!40000 ALTER TABLE `users` ENABLE KEYS */;
UNLOCK TABLES;

--
-- Temporary view structure for view `v_evidence_progress`
--

DROP TABLE IF EXISTS `v_evidence_progress`;
/*!50001 DROP VIEW IF EXISTS `v_evidence_progress`*/;
SET @saved_cs_client     = @@character_set_client;
/*!50503 SET character_set_client = utf8mb4 */;
/*!50001 CREATE VIEW `v_evidence_progress` AS SELECT 
 1 AS `evaluatee_name`,
 1 AS `dept_name`,
 1 AS `buddhist_year`,
 1 AS `topic_title`,
 1 AS `indicator_code`,
 1 AS `indicator_name`,
 1 AS `files_uploaded`*/;
SET character_set_client = @saved_cs_client;

--
-- Table structure for table `vocational_categories`
--

DROP TABLE IF EXISTS `vocational_categories`;
/*!40101 SET @saved_cs_client     = @@character_set_client */;
/*!50503 SET character_set_client = utf8mb4 */;
CREATE TABLE `vocational_categories` (
  `id` int NOT NULL AUTO_INCREMENT,
  `code` varchar(10) COLLATE utf8mb4_unicode_ci NOT NULL,
  `name_th` varchar(255) COLLATE utf8mb4_unicode_ci NOT NULL,
  `created_at` timestamp NOT NULL DEFAULT CURRENT_TIMESTAMP,
  PRIMARY KEY (`id`),
  UNIQUE KEY `code` (`code`)
) ENGINE=InnoDB AUTO_INCREMENT=13 DEFAULT CHARSET=utf8mb4 COLLATE=utf8mb4_unicode_ci;
/*!40101 SET character_set_client = @saved_cs_client */;

--
-- Dumping data for table `vocational_categories`
--

LOCK TABLES `vocational_categories` WRITE;
/*!40000 ALTER TABLE `vocational_categories` DISABLE KEYS */;
INSERT INTO `vocational_categories` VALUES (1,'CAT01','อุตสาหกรรม','2026-05-20 04:02:17'),(2,'CAT02','บริหารธุรกิจ','2026-05-20 04:02:17'),(3,'CAT03','ศิลปกรรมและเศรษฐกิจสร้างสรรค์','2026-05-20 04:02:17'),(4,'CAT04','คหกรรม','2026-05-20 04:02:17'),(5,'CAT05','เกษตรกรรมและประมง','2026-05-20 04:02:17'),(6,'CAT06','อุตสาหกรรมท่องเที่ยว','2026-05-20 04:02:17'),(7,'CAT07','อุตสาหกรรมแฟชั่นและสิ่งทอ','2026-05-20 04:02:17'),(8,'CAT08','อุตสาหกรรมดิจิทัลและเทคโนโลยีสารสนเทศ','2026-05-20 04:02:17'),(9,'CAT09','โลจิสติกส์','2026-05-20 04:02:17'),(10,'CAT10','อุตสาหกรรมสุขภาพและความงาม','2026-05-20 04:02:17'),(11,'CAT11','อุตสาหกรรมบันเทิง','2026-05-20 04:02:17');
/*!40000 ALTER TABLE `vocational_categories` ENABLE KEYS */;
UNLOCK TABLES;

--
-- Table structure for table `vocational_fields`
--

DROP TABLE IF EXISTS `vocational_fields`;
/*!40101 SET @saved_cs_client     = @@character_set_client */;
/*!50503 SET character_set_client = utf8mb4 */;
CREATE TABLE `vocational_fields` (
  `code` varchar(10) COLLATE utf8mb4_unicode_ci NOT NULL,
  `name_th` varchar(255) COLLATE utf8mb4_unicode_ci NOT NULL,
  `category_id` int NOT NULL,
  PRIMARY KEY (`code`),
  KEY `fk_vf_cat` (`category_id`),
  CONSTRAINT `fk_vf_cat` FOREIGN KEY (`category_id`) REFERENCES `vocational_categories` (`id`) ON DELETE CASCADE ON UPDATE CASCADE
) ENGINE=InnoDB DEFAULT CHARSET=utf8mb4 COLLATE=utf8mb4_unicode_ci;
/*!40101 SET character_set_client = @saved_cs_client */;

--
-- Dumping data for table `vocational_fields`
--

LOCK TABLES `vocational_fields` WRITE;
/*!40000 ALTER TABLE `vocational_fields` DISABLE KEYS */;
INSERT INTO `vocational_fields` VALUES ('20101','ช่างยนต์',1),('20102','ช่างกลโรงงาน',1),('20103','ช่างเชื่อมโลหะ',1),('20104','ช่างไฟฟ้ากำลัง',1),('20105','อิเล็กทรอนิกส์',1),('20127','เมคคาทรอนิกส์และหุ่นยนต์',1),('20201','การบัญชี',2),('20202','การตลาด',2),('20216','การจัดการสำนักงานดิจิทัล',2),('20406','คหกรรมศาสตร์',4),('20701','การโรงแรม',6),('20702','การท่องเที่ยว',6),('21302','การจัดการงานบริการสถานพยาบาล',10),('21303','ธุรกิจการกีฬา',10),('21305','ธุรกิจเสริมสวย',10),('21401','โลจิสติกส์',9),('21504','อาหารและโภชนาการ',4),('21602','การออกแบบ',3),('21606','การถ่ายภาพและมัลติมีเดีย',3),('21619','ออกแบบนิเทศศิลป์',3),('21701','เกษตรศาสตร์',5),('21709','นวัตกรรมเกษตร',5),('21715','ประมง',5),('21801','เทคโนโลยีสิ่งทอ',7),('21802','เคมีสิ่งทอ',7),('21803','เทคโนโลยีเครื่องนุ่งห่ม',7),('21804','แฟชั่นและสิ่งทอ',4),('21901','เทคโนโลยีสารสนเทศ',8),('21903','คอมพิวเตอร์โปรแกรมเมอร์',8),('21906','เทคโนโลยีปัญญาประดิษฐ์',8),('21907','เทคโนโลยีโลกเสมือนจริง',8),('21910','เทคโนโลยีธุรกิจดิจิทัล',2),('22001','อุตสาหกรรมแสงและเสียง',11),('22002','อุตสาหกรรมดนตรี',11);
/*!40000 ALTER TABLE `vocational_fields` ENABLE KEYS */;
UNLOCK TABLES;

--
-- Final view structure for view `v_evidence_progress`
--

/*!50001 DROP VIEW IF EXISTS `v_evidence_progress`*/;
/*!50001 SET @saved_cs_client          = @@character_set_client */;
/*!50001 SET @saved_cs_results         = @@character_set_results */;
/*!50001 SET @saved_col_connection     = @@collation_connection */;
/*!50001 SET character_set_client      = utf8mb4 */;
/*!50001 SET character_set_results     = utf8mb4 */;
/*!50001 SET collation_connection      = utf8mb4_0900_ai_ci */;
/*!50001 CREATE ALGORITHM=UNDEFINED */
/*!50013 DEFINER=`root`@`localhost` SQL SECURITY DEFINER */
/*!50001 VIEW `v_evidence_progress` AS select `u`.`name_th` AS `evaluatee_name`,`d`.`name_th` AS `dept_name`,`p`.`buddhist_year` AS `buddhist_year`,`t`.`title_th` AS `topic_title`,`i`.`code` AS `indicator_code`,`i`.`name_th` AS `indicator_name`,count(`a`.`id`) AS `files_uploaded` from ((((((`users` `u` join `departments` `d` on((`d`.`id` = `u`.`department_id`))) join `assignments` `s` on((`s`.`evaluatee_id` = `u`.`id`))) join `evaluation_periods` `p` on(((`p`.`id` = `s`.`period_id`) and (`p`.`is_active` = 1)))) join `indicators` `i` on((1 = 1))) join `evaluation_topics` `t` on((`t`.`id` = `i`.`topic_id`))) left join `attachments` `a` on(((`a`.`indicator_id` = `i`.`id`) and (`a`.`evaluatee_id` = `u`.`id`) and (`a`.`period_id` = `p`.`id`)))) where (`u`.`role` = 'evaluatee') group by `u`.`name_th`,`d`.`name_th`,`p`.`buddhist_year`,`t`.`title_th`,`i`.`code`,`i`.`name_th` order by `u`.`name_th`,`t`.`title_th`,`i`.`code` */;
/*!50001 SET character_set_client      = @saved_cs_client */;
/*!50001 SET character_set_results     = @saved_cs_results */;
/*!50001 SET collation_connection      = @saved_col_connection */;
/*!40103 SET TIME_ZONE=@OLD_TIME_ZONE */;

/*!40101 SET SQL_MODE=@OLD_SQL_MODE */;
/*!40014 SET FOREIGN_KEY_CHECKS=@OLD_FOREIGN_KEY_CHECKS */;
/*!40014 SET UNIQUE_CHECKS=@OLD_UNIQUE_CHECKS */;
/*!40101 SET CHARACTER_SET_CLIENT=@OLD_CHARACTER_SET_CLIENT */;
/*!40101 SET CHARACTER_SET_RESULTS=@OLD_CHARACTER_SET_RESULTS */;
/*!40101 SET COLLATION_CONNECTION=@OLD_COLLATION_CONNECTION */;
/*!40111 SET SQL_NOTES=@OLD_SQL_NOTES */;

-- Dump completed on 2026-06-27 18:15:26
