-- phpMyAdmin SQL Dump
-- version 5.2.3
-- https://www.phpmyadmin.net/
--
-- Host: db
-- Generation Time: Jul 18, 2026 at 04:44 AM
-- Server version: 8.0.46
-- PHP Version: 8.3.31

SET SQL_MODE = "NO_AUTO_VALUE_ON_ZERO";
START TRANSACTION;
SET time_zone = "+00:00";


/*!40101 SET @OLD_CHARACTER_SET_CLIENT=@@CHARACTER_SET_CLIENT */;
/*!40101 SET @OLD_CHARACTER_SET_RESULTS=@@CHARACTER_SET_RESULTS */;
/*!40101 SET @OLD_COLLATION_CONNECTION=@@COLLATION_CONNECTION */;
/*!40101 SET NAMES utf8mb4 */;

--
-- Database: `skills_db`
--

-- --------------------------------------------------------

--
-- Table structure for table `assignments`
--

CREATE TABLE `assignments` (
  `id` bigint UNSIGNED NOT NULL,
  `period_id` bigint UNSIGNED NOT NULL,
  `evaluator_id` bigint UNSIGNED NOT NULL,
  `evaluatee_id` bigint UNSIGNED NOT NULL,
  `evaluator_role` enum('chairman','joint') COLLATE utf8mb4_unicode_ci NOT NULL DEFAULT 'joint' COMMENT 'บทบาทกรรมการ: chairman = ประธาน, joint = กรรมการร่วม',
  `dept_id` int DEFAULT NULL,
  `evaluator_status` enum('pending','evaluating','completed') COLLATE utf8mb4_unicode_ci NOT NULL DEFAULT 'pending' COMMENT 'สถานะการประเมินของกรรมการ',
  `evaluator_signature` text COLLATE utf8mb4_unicode_ci COMMENT 'ลายเซ็น Base64 ของกรรมการ',
  `evaluator_signed_at` datetime DEFAULT NULL COMMENT 'เวลาที่กรรมการเซ็น',
  `acknowledge_signature` text COLLATE utf8mb4_unicode_ci COMMENT 'ลายเซ็น Base64 ของผู้รับทราบผล',
  `acknowledge_signed_at` datetime DEFAULT NULL COMMENT 'เวลาที่เซ็นรับทราบผล',
  `created_at` timestamp NOT NULL DEFAULT CURRENT_TIMESTAMP
) ENGINE=InnoDB DEFAULT CHARSET=utf8mb4 COLLATE=utf8mb4_unicode_ci;

--
-- Dumping data for table `assignments`
--

INSERT INTO `assignments` (`id`, `period_id`, `evaluator_id`, `evaluatee_id`, `evaluator_role`, `dept_id`, `evaluator_status`, `evaluator_signature`, `evaluator_signed_at`, `acknowledge_signature`, `acknowledge_signed_at`, `created_at`) VALUES
(1, 1, 3, 4, 'chairman', 1, 'evaluating', NULL, NULL, NULL, NULL, '2026-05-20 04:02:17'),
(2, 1, 2, 5, 'chairman', 2, 'pending', NULL, NULL, NULL, NULL, '2026-05-20 04:02:17'),
(13, 1, 23, 25, 'chairman', 5, 'evaluating', 'data:image/png;base64,iVBORw0KGgoAAAANSUhEUgAAAhIAAADECAYAAADKxcikAAAQAElEQVR4Aeyde2wkyX3fq6qH5C6579tdcmY4vWsltoxEyBmWbCGKJct63C5neIcglhPDARLDQf4L4DyQAMlfiv8JAtgIkPwXGDGCAPkjCizojkPurXR6WUqgSIckUIIkThztzYvk3r7IXXJJznSVf9XDmamaB3c47O7pnvkOu6erqqurfvUpztR3ftUPwfACARAAARAAARAAgREJQEiMCA6HgQAIgAAIgED0BOJXI4RE/PoEFoEACIAACIBAYghASCSmq2AoCIAACIBA1ARQ36sJQEi8mhFygAAIgAAIgAAIDCAAITEADJJBAARAAASiJoD6kkgAQiKJvQabQQAEQAAEQCAmBCAkYtIRMAMEQAAEoiaA+kAgCAIQEkFQRBkgAAIgAAIgMKUEICSmtOPRbBAAgagJoD4QmEwCEBKT2a9oFQiAAAiAAAhEQgBCIhLMqAQEQCBqAqgPBEAgGgIQEtFwRi0gAAIgAAIgMJEEICQmslvRKBCImgDqAwEQmFYCEBLT2vNoNwiAAAiAAAgEQABCIgCIKAIEoiaA+kAABEAgLgQgJOLSE7ADBEAABEAABBJIAEIigZ0Gk6MmgPpAAARAAAQGEYCQGEQG6SAAAiAAAiAAAq8kACHxSkTIEDUB1AcCIAACIJAcAhASyekrWAoCIAACIAACsSMAIRG7LonaINQHAiAAAiAAAqMTgJAYnR2OBAEQAAEQAIGpJwAhEfG/AKoDgaQRWM7kZdJshr0gAALREYCQiI41appwApM54P7GxwVnfMK7Ds0DARA4A4EJFxJnIINDQeBUBD52fxIH3OX0zg8ZdATDCwRAYDABCInBbLAHBIYmsJxxv8AmbMCdmfnrvyCEgjeC4QUCIHASgUCFxEkVYR8ITCoBzrU3gk/cgJu+/uwHbMLEEcMLBEAgcAIQEoEjRYHDEEinC/XlpYLnZgvSzeRlLltQg1a9X+ej/NJdfKORy731iWHqiCpPNq29EVHVFk09t29/9hwTUBEMLxCYbAKBtE4EUgoKAYEBBBYXP3egRQCtylxnBEsJh4YqRoMVpxdjFOi/suPdlJ+z1IzDpfdDsywdzmZXPDaG120acEXTPjZJr8bR/P4ktQdtAQEQCI+ACK9olDyNBNwbv3LkZvPSJQ+DXudS5+eIQ+huf4cJoevLZFYjFRTdA+6VK4Udam/iF8EZT3wj0AAQiBuBCbVHTGi70KwICbiZgsxl8r7Hgc3OzzDGhxyEOFOKMUYrLXrTd/UTKdswS4qrY0FxpzFM/rPmEZxbbb00ry6etcxxH59b0t4dq1njNgn1gwAIxJgAhESMOyfOpqVvrtZz2WPxwEk52OPpANOl8piUR57XKFWLvFRd4+UabWktU3zQWqL9JdrfWuvy+S9TGZ70tA5R9OqtLsVTznK2EPmNlBTnPJOJRsT0tjqYFO4I63tBCbYbTMkoBQQiJYDKIiJgfWFEVCeqSTABmj7wpy1mZlSK9MMrWkL+hpf79ZYAKFU3RLW64Wxt3SOvxSsOPWH35uZ3v0tlpCpbRVGurgstRkhY9Hgg6J+b5yIWE5zs1iKGNolcrl79q//eMpxkWrlcvGylIQICIAACBgH6rjViCIJAHwK5y5/bd7N5EhCregZCj5V9ctEMhWKKHZnCYV2Unnxrtm/mgBNJWMyUyGvBPGl5IchYnssUyO7PpgKuciKLuzD/4tfNhh164l+ZcYRBYCAB7JhaAhASU9v1r264m87X3WxB8QvnzzOavSCpwPq9pFf39CBOngFR+jAa4dDPDp1W2tpw5FHdOuGSk5pwswv1paU3DnQerP0JaG8E9/v5eD8Jw+3ttd8+jmEDAiAAAn0JQEj0xYJEEhCSCX7Sr3ilxYNeK1v3T8oXOczKh/dT/JnzkvwjzHzNOjNzucV8zxSImSeo8O3bnz3HEvbq9kaI2Z3fSVgTpslctBUEYkMAQiI2XREfQ9xsXpE1nNaeRdab3gcSELH+3/lg7+15fZKmbojZCJ7izq3snZdmWhjhxtFCou7DkE7/6r/mTPtuWjSUevDge19uxbAFARAAgUEEYj0YDDIa6eEQWFh4a8+lqQzGOLNfquN9eHg/Vt4H287eWLla5FIpS09I5YTiLTDroQ9WN8Re42KUkhIHf9s0p6GcC2Z86sMAAAIgMJAAfd8N3IcdU0RAX7L42hVvvrvJiql6qbqe6P+TSm1dSOMED845y2WCvzT0xT5/3uaXIBnhZvLSNleqWu2dRHlU2twRAAEQiJxAogeIyGlNaIXp9J2Dfpcslqr/54NydT2Sqy7CRlupFq3/ddIS/MKFt/aCrPfZs+RdJnlr8c3njPO2jtCum1J1w2IVJKMhy0I2EACBBBHAF0aCOissU2d4St/G2ii+OZXB2P+7bSQmPvjs+cELsxFXL/d6YMz90xBWKWlNYTieNxG3+J6GvkMbQSAuBCAk4tITY7LD1S7+9u9RbYSQpYRPZehW9Ft3d9+7yJTUP7r93brZy4sF61JRf8eUvLk0peE39fiNprHYg617V46j2IAACIDAUAQgJIbCNJmZstnVBuP0ZzSvVH3HMaITFyzVNkRbSVDrRIqJS5c+b3kqKHnil0yGBBTn3GqocP6hFUcEBEAABIYgACExBKRJzeIwZYmGUrVoDywT2vCd54eWcLhy8dxChE0de1U3buT/bYoz+7NP7ohy+Z3fZXiBAAiAwCkJ2F8mpzwY2ZNLoHmZZ8d+j3mNTmyyQ7u736ApDvt2VWFcxRFXiudn2d+wbCMXzbkLL/6mlYYICIAACAxJAEJiSFCTlG05S25tu0GqWr03YydNSGxAM0q13qs4Ll/4TKBXcQyoeqzJbkZf9trteJLqj//4O/9urIahchAAgcQSgJBIbNeNZvitdP6AOp2WzvGlrksjO3smO/TsuWMJh0uXL/bcR+MsBH72Zz/9m2c5PuhjP/rRz/wW4/TXVXCDpawrN7p2IwoCIAACJxKwBpQTc2LnRBCQgluXeu68OLAG0zM2MlGH7+6+rQdQcuw3zea0yWX1L3YKBLC82L30bwIoJrAi9l9c/P3uwlSD1XHzqW4qiIMACJyGAITEaWglPK9Lg6QeLFvNUJ6SOzvv6cG0lTR1W+2NaSsJaj3xoYUCoy7G5aX04TpbWaPa0Oe4W6+9+ZCMoaWzUzHFytvFibjhWKdVCIEACERNgL7roq4S9QVG4BQFZbMr+mRKcyBR5a1166qNUxQ3UVl3um5UdZYTL3f3xfM2HKJN4k3lMityefnOUTt9DAF1zrvRXW25uk4WdqciDgIgAAKnIwAhcTpeCc39id93mLBEQ6la/HRCGxO42bu7712kX+dtxwTnjOdyv/adUSrqd5tszgUXKjWjRYWbzauob4KVSa96jHHWeSnmKPXfO3GEQAAEQGB0AmL0Q6fuyMQ22M0u/i3TeNW81PP7Ztq0h588S720GHj7owstpdqixCrTj3Cmb4LlZgtq+abvJWJhv1JCWZ9z6Qn5k9r6z4VdL8oHARCYDgLWF8x0NHm6Wrmc1b9GzTYrVZ6ySz3N1g8K7+29vdDHK/HtQflPSi/V1gV5fLjH9O24B2sKMSMcmkZRS0t36yeVd5Z9bjYvreNJ41S21izvlLUfERAAARA4JYH4ColTNgTZewlcvfrxZ4LZv0ZLE/ocjd7Wnz6l2yvB5f5nTl9K54hqdYMExTrXokLyRl0pScN4Z78O0TQKm3WclBYUOfJSmGsmc5emJHSu0dZcbpWmL3QNneNJ5JhzHJ0dCIEACIDAiAQgJEYEl4TDLs4vXTLtfPHSfvqluQ9hxrq9EsQksEG3Unl3tlzbEOVqkR826g3GbE+FHu51Zeaa4o7ILRYoL1kywsKl+gvmYSnJHjC8QAAEQCBgAi0hEXCxKG7cBHJLeX2VgB6XWqaoJ0/eu9iKYNufQLdXws0Gd1+JVo3b2/dnStV1X1DYcqKVo7PlKeZPf7Q8FZ09J4d0fjOHdoX8/83iT5lpCIMACIBAEAQgJIKgGMcyHD5jmlWqrrxlxpMevnlz9dBNF7xcNi9zmbx0ac1lC+qs67UrXvfdLflJZZocT8rXb99saiZlHj8ozEkO0mJddzEor04n8ePp/DrcWpXk9rkSrR3YggAIJJRAfMyGkIhPXwRmSS6zag0kNILQD9+/sxZYBREUtLj4Rt0lceCmSSSQQHAzBUUDZHs9N6NmmWCCM+6//A3ZxQNYqQhrOalMM+NJ+U7aZ5Zx1nAul/8RdXbP5xonWJ6VLI4HARAYRKDnC2dQRqQnhwDn9gmWlRg/S2Nh4a295fSK1L/YfaGQyftiYU7/WieJQFJBj8GMNd8ZXoMJ/JmbK/+IS/5xoBrMCHtAYFQCOG4wAQiJwWwSuWeZXP2m4R7zyCFhpow/7C6teG664IuH12gqQQjB24NfJzSEofTbW+fSG6WYv6F4UFsqylj6l29kCLz+fu0w6+sO11Pin3en6XhDsdj9D2i7sIIACEwGAQiJyehHvxWvv/767wlmj8TV6j3H3znGN30Zo5vJy6bHoaCYIwTrNnSAfaQPGKM3qehd0bsn5UGdH+lLKkvV5qWVpVqR68say9UiD3I1TVKMq35lm3n67Q86zazPDLs09cPaaszcw1itVnTsFMRAIO4EYF+SCIgkGQtbTybw5NHy37NzHIZ2oyO7nk6s7W2gga01XaEvY2ScN4e55nvnAB1SpBX0lknlMS6PPK/RFAokDI5FQqVWFOXahihtbTgPH67N+dlDfiP9QpY1KyGzaWmG4/bupvOSDbBO0Stu9sIeEACBySIAITEh/bm0tHKDxhJajhtEv+BL1W+E/mRHN0PTFMbJkG1vA1lCy7Ex/Tc0SiuaeZElEgv6l3upuiGq1TVna+uedcVJ/6PDTz088qx7OCwtfeEg/FpPV8OtbGGPGTND3Ud7zJnqp7t280C8PwGkgsBZCEBInIVejI5Ncb5tmrO7zzpPoTR3BBTOZklAkNeBcZqm0GW+SjXoPKQcpMfU42fOfqk5DeF7GPSuOK4PH92zhFiKz1rxcdt8O/3mfyOk3Zerts2ifapWe2e/nYAACIAACIRAAEIiBKjjKFLYv0pVv6dQBmGXf74DeSAcJsQgd7pfjx7FaMZCKilL1V/6J1o4lMjzUNkqCn0HST9Pwt44veJishYRUsjXu+wh6p2U/QP1h50YQvEhAEtAYLIIiMlqznS2Zjlzp2G23GOHVtzcN2rYXXyjoU+W9M936CqkOQ2v/PMbfMFA3gYtGsrVoqjUNhzG/vE/6zokMVEllWwZy4fxurQyh7jtJyIkZyXSbR0LSVI8frz+pRDNQNEgAAIg4BOAkPAxJPtN8BQN1s026JGkGuC5Ebkbd+puNq9YaqZdR7Om5vuR5zXKNX31xLp/fkMzdXLey5vrVrvdpRVvnK3rJyKY5/3PuWfeY8Z07zP/RapurHb6RsTkDWaAAAiESwBCIly+oZeeztAevwAAEABJREFUy92qmZXQD1FazJRRwz/9f3PZvOSzqRQzBih2/NICQnsf4nJi5LFZoWyUQVQ54/NL5HKr73ZPZwjl/dfS1r2P1S87P9duPNlb3i5Sv7VTEAABEACB0AhASISGNpqCufzYkllTZfPd3zHjo4QzGf0Mi5/5s5z1DprTJCBa7IgCDc3NWD8mzT3hvmsRwaV6w6xFi4gHtXs/r9PIQK63/qr8e2P5wejfUCMIgMC0EYCQSHqPK2YOIEzKxpdHbVI6nT/IZQoqxZnoFEoz74wxeXjkTYsHgpprLfUxP/Dqdubu97lni4iGYu+3RAT1W8PsrzrzSlYDEAEBEACBEAlASIQIN+yic+l83ZARjHNZH7VOPY0xI/gcN0ckvzDl39Gx8ujrU+sq39xcs9ruksfGRxPBm/ZESO58ihn9ogS/X6sVP6Gr1+sM547eNlfFNjfv3W6G8Q4CIAAC4ROAkAifcXg1CG4NcB9UN059n4ObN1cPc9mC4syWEIq840de/bBUXcf/CPWgeZ4EI1iUFPpCU0x/ZHkiFGPkifheubx2p1X5a6/l3yZ7WlEmPU652lEEQAAEQCB0AhgkQkccTgXp9Mq3uF30qQaQdHq1oacx9OO4u8phSipZrq7zra375+wqpjdG3h7FWLP9JCq6kTV3BPh+e+nN92iK6ZfaIoF6VzDvP5En4tNmNfPn+JtmvLJVxGfaBIIwCIBA6ATwpRM64nAqSHH+y2bJDcXXzPigMAkIzyUPxIzovf6AxipVqhZ5ueuSx0FlTVN6XTqR3U/CXbr7Xaruc22+1DFaRDyo3ftL7TQKLC6+eWApGlKAlIwFBEAABCIlACERKe7gKuP0Mkur1dbeMuPdYUNA9OlzxQ7qvFGuxuvXbHcbxhnvPk8iLFuWlwvfZ47T8TqQiJDC+daDLhGh659Lyc7DyyhfqbbRp291TqwgAAIgEB4BfPGExza0krPZVetmQw3FrHh3xcvXCw3yQPT2NQ0+h416o0TTGA8frsXiQVndtk9TPJd767tCsU+ZbSa/0Vcrlbc73onjnW7mrtXnHpdtj8lxFmxAAARAIBICvYNLJNWikrMQEExZ/VarFa2TLs2yc/Of2xdzzDirX+9VzBcQtSLf3r5/LCB0OtZxEbiVyf+IS6/jiSBDlOBfLZfX/goFexfutP8HFAnCalXfirw3G1JAAARAIGwC7S+jsCtC+cEQSKd/7dvWvDhjNIwMKvvLgl89f97cS94LqT0QEBAmlfGGs9k7/0Jx/vG2FdSjkjtrg0RELpO3vA/CY0ftYxEAARAAgYgJQEhEDLxV3ahbh+9/xjy2oeTXzbgZdrM/tNzftE+R96LLO0GpWAIhsLh459T38bh166/9vGCpv8uMV4Oxd2k6w7oao7X72rVCkdOrFWfkjvhgu9g5V6K9AwEQAAEQiIYAhEQ0nAOrRfD2BYF+mbXaRvueAn7C8ZubtX+16uRSFSdTag5hrXOpzsPThq1DNV68z83MUmyT2LtrJpnhhfMsb8b3Dtk7ZhxhEAABEIiawJQIiaixhlOfm+k5ydJycbdqdTMrlM6t8YlEhBVv5cX2bASUMbNEMxKnYrycKZDzwahfcq+0+Y717BRjL1tcfPPQrEAxqR4/Xj/xah3zeIRBAARAIAwCEBJhUA2rTK6s/qJfrj3TFG6mIBknv0XLBnJ9P9/f2mlFsQ2YgCLAx0VyUhLHwVducpnCI+olq/9KXbfi7i5kLiVnzbRyFZd7mjwQBgEQGA8Ba2AKygSUEzyBW7f+8n/oKtUatq5fXzmkwUnRxIf5o5XtH6mjp0/fv9J1LKIBEZCcyXZRFvl2ak/g1q383+ecvdbeoRiTXHy2He8TcNMF63wXj/FOvX3yIwkEQAAEoiIgoqoI9ZyNgDw8+pJZQl3K77Tiy0ur3vysmKXBqZXE9El4+hLPR482cCJeh0rgoWp1I2UWmk7nD8x4v7Cs898z07mX+oNK5Z12f5r72mHOrM9qtbpmeTMYXiAAAiAwOoEzHWl9OZ2pJBwcKgGarbB+725ubvyKrlBPZQiHpjzMvfQL90g2PsQlnppQtGtKsRPvy3FreaVqCz7+vz7Y/tpvnWRlLpOX5GlqZ/FYfa8dQQAEQAAExkwAQmLMHTB09aZQIH+DPk57ImiAsfeQK6JUK+oHbt3UebBGS4A71CMDqvzIR77400qJTGu38vtq7c+14v22uRt36pxerX2kEVW1ev9CK44tCIBAAglMmMkQEgno0FvLd16aZnLFGuSJ8HxPhLHDo3nzUnUdfWowiTpIA/3AKr2DuffNnYrP/EUz3i/MZ1PW1EkZl/D2w4Q0EACBMRLAoDNG+MNWLVXKOs/hwHupXd1W33lMepg3H5ZosPm0Z6FVImect8Lm9lam8LuKq4vtNM72K5Wv/aAd7xNwswVLlzQUnqfRBxOSQOBVBLA/ZALWYBRyXSh+RAI0MtHSOXgudb4jLGioqUtOIsI+6a+TG6GwCSh5cg25zJt/IDn7B2auo8bciVdp5JZWPDM/I7VSq+F5GhYTREAABGJBAEIiFt0wuhH6qY9RPeJ6dCsn+0jBJcm5/m1cXPyNj3Auf9NSgop/c2vrD3/Y/wjGMpk357kjrM9mqYa7kg7ihfSYEYA5U0fA+rKautYnoMHujS8MfCAT/Uhl1Sp+pY67G6VQhvfA1hSzMzsbpn1CqX9Zqq193kzrDjtcvjDTDuri1M/wMI9HGARAAATCJAAhESbdIMqenbVOtjOL3Hl+aA045j6EoyNQqbxr3HGSM/9yTap++eYdjyv2MxT0F/JK/MmD2vpv+5EBb9nsF/cpHy3NDIrU4sOH7xjlN9PxDgLHBLABgbETgJAYexe8yoD2mGJnpAFmd/e9i3YiYmERSKdX7edidFdEI34ridNLh8VMyvp81VXKv/eH3jdoddjseWa8ypjSMGggCAIgEEcC1hddHA2ETayvkni841iXhIJTuARmhDrxs6IadUto5LL2A7nIM/Gfa7WvlU+yMpPJG1MklFO96jROyoMlWgKoDQRAoIfAiV+OPbmREAsC5IxQe3tvL8TCmCkxghwObUGn+Xc3u/zw6zPMOD2CMjtmniPFP2nG+4VTnFufx1Jt3Sqj3zFIAwEQAIFxE7C+uMZtDOofjsCTZyl4I4ZDFVguTsqgVRj3SFa0IuZWMWlGzbD2aOj7QiwvdnkdjjPlsvrR78cR2kgmbe8EpU3hgiaDAAgkgACERIw7yV203ePaVBqp4I3QICJcu8+PKG31v1KmtFkkD4Lhluhjo0hxcfPm6qG5K5vNe5yJtlTRJVSquC8IwwsEQCARBCAkYtpN9Ou1wVKMBibDQCVlBbdINoBEE9TehFPUpHXAidnPzaj2VRi5xYLnMHtKY+f5+R+dWEBYO1EuCIAACIxAAEJiBGgRHeJ011Oq9f8l3J0P8WAJ0ESG4S2g2AnFlwY860RJ8wwKxnKZu/L69Ts7PMWMzyBpEMnk7u5//IUTqsAuEAABEIgVAeNLLFZ2TbUxy/QrdaoBxKzxvC0jGBt4fgQzXtIWDXpPeVPfmZKEgo7QyrnDz8+lLlGwvdSlkM3pkXYSAiAAAiAQewIQEjHsIpE6+VLDGJo8sSa5GfskyEHnR1gADvetS0Fb+yT3rDtUGvqENRSTm5trPV6o1rHYggAIgEBcCUBIxKxnlpbu0iBkDjExMzCp5oxqN++cBDlsEaUn32qfA2Eeo++AKWXvczm0n6JW0ydqmrkRBgEQAIFkEICQiFE/6asDZoWDX6Xx6ZO0aUr3eQ7mvmHDlc2Nns8cyUatJYYtAvlAAARAIFYEer7UYmXdFBmjRcSMUA6jUaXVbEUz8q1wwrYTYS5Na1TNhpQ3d+6Z8dOEl9MFqfO7mby/1WFj5ctLzf1GGoIgAAIgkAgCEBIx6SZfRBi2HHmeV66uDXxgl5EVwbAI9ExrfC8/alU0QcIzmRWPcW5IxU5pQjDuLr1B01qdNIRAAARAIAkERBKMnHQb3Yzxa1QxpkXE1ta94UXEpAMaQ/uy2ZUGdUWnZtV7bkNn5xAhkg8pTnLByHpQ5x3hQPuZmHGa58gYmRAEARAAgZgTgJCIQwdxxltmSKYURESLxvi2DhNOu1PIjFKt99wGSh55IbHYePhwbaahvM5UB1WIc2RGRooDQQAExkRAjKneJFcbqO3uzbx1SSATXudXaqA1obBhCeSyBcsZwdgZvRE9FfticUYn12r3HJrvsMSEmy54eh9WEAABEEgCAQiJcfdSillTGJXKu7PjNmma63ezeUmOAQtBqRqsN6LUdffLarXr/hGc4XPJ8AIBEEgKgfh/YSWF5Kh2WufeeV2/hEctFMeNQmD5eqGhmNUhrFTd8z0Ho5TX9xjVN5UmtIy+71Yy/Q9BKgiAAAjEggCExBi7IZ1etVzYpeo99MeY+mNx8VP/Q8wx67yII69O00zfpvV0Rrn9L/FsFkIiwc30Tl2Ua3bfLy/Z/xvNg/EOAiAAAvEj0D1wxc/CCbYoJTpedHXys6B8CktLKzf8AN4CJzCXuvrnzUI9JtXW1v1TeyOuX//Vb5JTg+SCWVpPuP/nzvBWcEf2z9NTFBJAAARAYLwE8GU1Rv6cRpxW9Zy/WknMOmK7lR/b4AjkzMtvqVgaz1V1xPMizs+9/CwVYS+elB7j1gmVN2+uHtqZ9CmdnZM66X+DXb6c/5PuPIiDAAiAgE1g/DEIifH3gW9BXTqdgcZP6fvG+6YicWQCueyqxznjZgHlanH0z4XijIRIe2WSSf2gL31CpU5v1XMuJXu8Hd23z750gX+klR9bEAABEIgrgdG/MOPaooTatbnZ/y6WDWXctIjals2u2peLUhqWUQl8WdCw3/kM0Ej/dHd3b9TS9HHlWlGQEOGt1XosuPL1hc7GGOf8ypXVJ6zrRX4psqKZqNWNe9L5Fs1seAcBEIiQAKrqJdD5Eu3dh5QYEKjV1qxfro6S1uWiMTAxsSbksv/FOpFSHjHv+fM/uhBWg/YOHm6ZZV+al1fMuA5rIcIMvcE449eufel/631YQQAEQCCOBCAk4tgrXTaZv1IZ5117ER2FgL7Uk1swlao8KoYq0p48+WFG0atlr+KcX7++0nOuhHjGH3fEBGcXzu1/tHUMtiAwXQTQ2iQQEEkwchpsvHr1488GtbP5K3XQXqSflsClS59/LmaZYx7XUE5ongiznnJtvf2Z47RjfpbP0sZaHuwVr3eLx9xiwfKeWAcgAgIgAAJjJND+UhujDaiaCCycX7xEGywRELhy8dwFpkfx47okY7JWe2f/OBr6RkqSCa1aOGfL17/YIxK04GifLEF5eUpZwoeSsIBA4ARQIAiMQgBCYhRqQR1juLkF58bQFlQFKKebgJstkG7opNKQrirVYqSDdGWz45XQlvDZmf71N5in9zdXznLZFcv2ZjreQQAEQGC8BCAkxsh/d58/N6t3M3eNgcPcY1EVe34AAA3iSURBVIe1a95OQWwYAstpfyA2BJti45o28phsiwLOOev3oK7ydjFln3cpDNuHaTHyxJsArAOBySAAITHGfnz2rHjZrt4Zqj9817x9IGInENDnn5AnQglhDsSK7e7x3RMOC3VXtbpheyF4/wd17eypnzDjtZzOtwWIkYwgCIAACIyNwFAD19ism4KKlTVfztgJ3gZzypx+weJ+EsP8e5CAkBfnl7oEG2PyiHu9Qm6YEoPLI+uNjgeKfA1uxveYWBXs7Kx/hJlTYILcF1YORIYlgHwgAALhEICQCIfr0KWWu+bLL+sTAfscXarO37aShQr1UkWrrgRG0un8gZvNa/FFQ3SnATqhoaSsfEjTBp3ksYQqD99NKW1Qq3YuLFtbyXXFjlphve03DaLTsYIACIDAOAhASIyDem+d7eFEjyT9n/z4lRJloqVzsJvpfYpkZ+90hpaW7tbdbEHNCD7HzEszNDnJVLla/Ke1Wte0Ahvfix/sW3cqzfXxSmxurp9jTDegaacS/adBmnvj8g47QAAEpoUAhEQMerpUtZ/tIBwlaEDsvSSwKx+Nk+g/6r/mORArkoSVmnWcvp6ap89390qbPucv0yGxWUpPvjWrDJHABnglPCba50Zosak9LrFpBAwBARCYagIYiOLS/S/tX6azwnHcpbuNHvPq9rM36Nd3e4DpyTvBCU3xUJDUftU8B4KmBfQIa7RZTxuoo0aDhBoP89bXRpUjBZ88S7XvYaGbkMn0epr0Q7/MwlOcWTeyMvchDAIgAAJREhBRVoa6BhPQv0z13H3bga1HFBIT3Z6J0kP72RtUIk+nP29dRkppE7k0xUPeEA/kk+nXUoJYl1yWa0Ve/vBd61kl/bKPO21v7+0FMrltBomEvp9LaZx0yTnjly+vPGgfhAAIgAAIjIlA3y+sMdky9dXquXtPSdkeVDhj5Kp39K9uEhTtufTn+8y6bHFGnLswqfD0MzHcjCkeaAg9obHkhVAlEhCbm2vOCdnOuCv4w5XHLc/SlStvPuqu5eBo58edNM4uL3C3E0cIBEAABMZDAEJiPNwH1qrFhGRcdmcgQZFyMwWl7yOw4LAFpTp6Q+ddTtt3bNRpSVu1xyGbXfFcaosWT3oVc8xhnJOkOrE16unu7p6ewiAvRCL/pytbtvC5NO9d627xo0fff928FFRzgVeimxLiIAACURNI5Jdu1JCirk/Ph1v3GGgZQMOpEJzrwZXeKdbawZgQjKY4CjudlPGGFhbe2tPPkFhezHvLWd+jIHN6S96FXLagrJUEkhZJ+lwHR7dEMG5a3x0mrwOTUqrn+1s7WjzQKuJ8DkS3/SfE284oxjm/du0XK915xQ6z+hheiW5CiIMACERNQERdIeobjkDl4bspGiDJNdG5lfKrjpwR7JIeoN3sirx5c/XwVflPu1+XSd4Cz83elblMQeayeeUerzkSB66xvnbFmxdzs45Ica1xtDDgnPkLvTHGGeusrQgb8KLhVYsHWpWY2TtPXgde2dwQT5++f2XAEYlMpv6mzyM19tj6C+euZ46D7c2DvfWrlIOW4yTOca7EMQpsQAAExkOAvrjGUzFqHY5Apbrh0ADDtUvbukxwwOF6TGZM8HMzalYP7Dka6HM0wA+/FnxvgZvJKzdTaIbpeF2WLpMJ+mMODV+Mc8bJiuaq3ykS3EKNlQ0mxYxK63MetHigVTx48O2D4CqJX0lScUskXOvjlXi6M/vYtPzyvMC5EiYQhEEABCIlACERKe7RKyvV1kW5us5L1SLX5wMoqX+fK/12YqGcBntOOU67MpIJjA6ihY4OalGs+de8vZIeMfWqRZKUUrGX+3XdPn+tFUVlu+g8eLC+FVTtSSgnNbs3b9rZzyvx4sVXbxBHH52fV+AKDp8D3kAABMZCQIylVlTaJjBKQJ8PUN5cFy1xIZXsPLNhlAJPfYwew/TqCwIdUJJJ5TEp5eGRx596L30xQKLH3q7zMomhMqWbq26HnqrQl8Ce2pQJO+CB9rhI0lvH7VKc80uXvmCdF6F3Pd2Zs70SuIJDY8EKAiAwBgIQEmOAHnSVldpGikZyPaC3iz7y6od+mqIXpeqdp1kZHaboTR+q78lw2Hh5WCIB0FzXyTOi1yIJg6KgNEFTMEI/0bLy6OupD/bvWb+qqQwspyAgnfmFVnbtEbp8cfZSK97a9nglSHBcvrzyQWs/tiAAAiAQFYEpExJRYY2+nvJmUTSU8rRYqEvlbW3dP6fT9K9989f/sOHmceT1qBaFvifD9vY3z0XfqumssVL5yktzzorTHJO7tNLjder2Sly6IHLTSQytBgEQGCcBCIlx0g+47lptPaWFwubmet/nTQRcHYoLkUC5pp8LomXhcSWO0J/VO8cxf9PtleCMcdf99fsMLxAAARCIkID+cgqtOhQMAiAwOoGjRsN61oqbLWx0l0ZeiSdmmmrsfsGMIwwCIAACYROAkAibMMoHgREJbG3fnzGnOKgYfdOx9q3SKc7IK3H9+FwWHWWcXn4AbyAAAiBwegIjHQEhMRI2HAQC0RAo1+ZfN2tKcdYzbdXtlXAzd3vOpzDLQBgEQAAEgiQAIREkTZQFAoET+MqPVYO1n73COWPZbL4d19Vpr4R/Ia6O+Kt/PoUfwhsIgECMCUyIaRASE9KRaMbkEihvFx2avmg3UNAExrVrv1hqJ+iAokkQvdWrVht6ixUEQAAEIiAgIqgDVYAACJyRwM7zo92W14GcEmzh/A3rUs9SbcP6LC8vrWJ644zMcfjEEUCDQiJgffmEVAeKBQEQOCOB3d1vXFbGczi0mHDT3feW6Fwuyh2Fz/YZmeNwEACB4Qjgy2Y4TsgFAmMnUO6+t4QQ4sqVtzrPIjGmN7TQGLvBMGC6CaD1U0MAQmJquhoNnQQCj5+l9s12XJpvLLbipa7pjWwW0xstNtiCAAiERwBCIjy2KBkEAiewt/f2glLSmMPgzF18w7pxVatSwTC90WIxBVs0EQTGRgBCYmzoUTEIjEag3OV5YKkZp1WSYh2RgemNFhVsQQAEwiQAIREmXZQNAiERUA1mXZXhZlf8e0vsHzSsO19ms595GZIJ010sWg8CINAmACHRRoEACCSHQHm7mGKdCQ5Gsxj82rVPPnj8+OtzZisctmDFzX0IgwAIgEAQBCAkgqCIMkBgDASevTh81q6W5jEWzr/m+nHVkRhKTcTdqfxm4Q0EQCCeBCAk4tkvsAoEXklgd/cbV0kztP0S3L/j5ScfSE910khHXL58t/LKwpABBEAABEYkACExIjgcBgJxIPDkWco6B+LCuetuZXu9ffKltvHSgsjo7dArMoIACIDAKQhASJwCFrKCQNwI+JeDso4HgpFb4tq1T/5Eqk4ap1fc7IY9IAACk0MAQmJy+hItSSaBM1vd65V47dZhfeGSWfByJu9f1WGmIQwCIAACQRCAkAiCIsoAgTES0F4Jqr59XgQjD4TnlX7MFP3RDr1QEtdbrCAAAiAQNAEIiaCJorx4E5hQ657vpzrP3KA2Xjh3/dbOnlejoL9oFbG0dLfvHTD9DHgDARAAgREJQEiMCA6HgUCcCDx9+rUM+R8MrwTjjvO0ziixZeeMI/B5b8HAFgRAIDAC+GIJDCUK6kMASRESeHHw6AOzOu2VYMZJl6QptGPCzIIwCIAACJyZAITEmRGiABCIB4EnT37wU4qUQ8saxRknj0TbS8E5RVs7sQUBEACBgAhASAQEMhbFwIipJ7D38nHbK+HLBm5PZ2Szq9YzOqYeGACAAAicmQCExJkRogAQiA8B7ZXwDK8E004J1nk5TOEz38GBEAiAQAAE8KUyOkQcCQKxJFCtrgvz1IhYGgmjQAAEJoYAhMTEdCUaAgIdAk92UvudmB3C9IbNAzEQAIGzEUiOkDhbO3E0CEwVgeObVPVtM6Y3+mJBIgiAwIgEICRGBIfDQCDuBKTH+98Wu30dR9xbAPtAAASSQGCQkEiC7bARBEDgBAKVrTWn727/co6+e5AIAiAAAqcmACFxamQ4AASSQ0A1GC73TE53wVIQOAOB8R0KITE+9qgZBEInUN4upgZOcYReOyoAARCYBgIQEtPQy2jjVBPwpzhwXsRU/w+g8cETQIkdAhASHRYIgcDEEni84+xNbOPQMBAAgbESgJAYK35UDgLRENjbe/uCkgx+iWhwo5bACaDAOBOAkIhz78A2EAiQQHmzKBSkRIBEURQIgIAmACGhKWAFgSkhIPnzgylpKpp5BgI4FAROQwBC4jS0kBcEEk6gWv3uecYk/BIJ70eYDwJxIgAhEafegC0gEAGBUnUDn/sIOA9fBXKCQLIJ4Asl2f0H60EABEAABEBgrAQgJMaKH5WDAAhETQD1gQAIBEsAQiJYnigNBEAABEAABKaKAITEVHU3GgsCURNAfSAAApNOAEJi0nsY7QMBEAABEACBEAlASIQIF0WDQNQEUB8IgAAIRE0AQiJq4qgPBEAABEAABCaIAITEBHUmmhI1AdQHAiAAAiAAIYH/ARAAARAAARAAgZEJQEiMjA4HRk0A9YEACIAACMSPAIRE/PoEFoEACIAACIBAYghASCSmq6I2FPWBAAiAAAiAwKsJQEi8mhFygAAIgAAIgAAIDCAAITEATNTJqA8EQAAEQAAEkkgAQiKJvQabQQAEQAAEQCAmBKZUSMSEPswAARAAARAAgYQTgJBIeAfCfBAAARAAARAYJ4FIhMQ4G4i6QQAEQAAEQAAEwiPwpwAAAP//HOLj8QAAAAZJREFUAwD1jX1MC8wPKAAAAABJRU5ErkJggg==', '2026-06-26 17:05:10', NULL, NULL, '2026-06-25 04:46:16'),
(14, 1, 24, 25, 'joint', 5, 'evaluating', 'data:image/png;base64,iVBORw0KGgoAAAANSUhEUgAAAhMAAADFCAYAAADuW3A/AAAQAElEQVR4Aeyde5AkyV3fM7O657W3t7d3ezvTz707o0NIEP5DPISxgNDp9na756SLkLB5BA5sh0OYwMZgILCxsSIgjDGPwJgAjMNhsHGA4yTg7rZ7Zu+EBIKwUAD6Q0g6PfYeW/2a2b3b3ZvZxzy6Mv37Vb+yuntmemb6Ud397anqyszKxy8/WVP5rcyqaiXwAQEQAAEQAAEQAIFjEICYOAY8JAUBEAABEACB4REIb0kQE+FtG1gGAiAAAiAAAmNBAGJiLJoJRoIACIAACAyLAMo5PAGIicMzQwoQAAEQAAEQAAGLAMSEBQNOEAABEACBYRFAOZNEAGJikloTdQEBEAABEACBERCAmBgBdBQJAiAAAsMigHJAYBgEICaGQRllgAAIgAAIgMAEE4CYmODGRdVAAASGRQDlgMB0E4CYmO72R+1BAARAAARA4NgEICaOjRAZgAAIDIsAygEBEAgnAYiJcLYLrAIBEAABEACBsSEAMTE2TQVDQWBYBFAOCIAACByOAMTE4XghNgiAAAiAAAiAQBsBiIk2IPCCwLAIoBwQAAEQmBQCEBOT0pKoBwiAAAiAAAiMiADExIjAo9hhEUA5IAACIAACgyYAMTFowsgfBEAABEAABCacAMTEhDfwsKqHckAABEAABKaXAMTE9LY9ag4CIAACIAACfSEAMdEXjMPKBOWAAAiAAAiAQPgIQEyEr01gEQiAAAiAAAiMFQGIiS7NhSAQAAEQAAEQAIHeCUBM9M4KMUEABEAABEAABLoQGKGY6GINgkAABEAABEAABMaOAMTE2DUZDAYBEAABEACBIRM4oDiIiQMAYTcIgAAIgAAIgMD+BCAm9ueDvSAAAiAAAiAwLAJjWw7ExNg2HQwHARAAARAAgXAQgJgIRzvAChAAARAAgWERQDl9JwAx0XekyBAEQAAEQAAEposAxMR0tTdqCwIgAALDIoBypogAxMQUNTaqCgIgAAIgAAKDIAAxMQiqyBMEQAAEhkUA5YBACAhATISgEWACCIAACIAACIwzAYiJcW492A4CIDAsAigHBEBgHwIQE/vAwS4QAAEQAAEQAIGDCUBMHMwIMUAABIZFAOWAAAiMJQGIibFsNhgNAiAAAiAAAuEhADERnraAJSAwLAIoBwRAAAT6SgBioq84kRkIgAAIgAAITB8BiInpa3PUeFgEUA4IgAAITAkBiIkpaWhUEwRAAARAAAQGRQBiYlBkke+wCKAcEAABEACBEROAmBhxA6B4EAABEAABEBh3AhAT496Cw7If5YAACIAACIDAHgQgJvYAg2AQAAEQAAEQAIHeCEBM9MZpWLFQDgiAAAiAAAiMHQGIibFrMhgMAiAAAiAAAuEiMJ1iIlxtAGtAAARAAARAYKwJQEyMdfPBeBAAARAAARAYPYFBionR1w4WgAAIgAAIgAAIDJwAxMTAEaMAEAABEAABEAg7gePZBzFxPH5IDQIgAAIgAAJTTwBiYuoPAQAAARAAARAYFoFJLQdiYlJbFvUCARAAARAAgSERgJgYEmgUAwIgAAIgMCwCKGfYBCAmhk0c5YEACIAACIDAhBGAmJiwBkV1QAAEQGBYBFAOCDQIQEw0SGALAiAAAiAAAiBwJAIQE0fChkQgAAIgMCwCKAcEwk8AYiL8bQQL+0TgxIn330knsqbbmopf1H0qBtmAAAiAwNQRgJiYuiaf3go/9IC3sFftpVQyDUGxF56pCEclQQAEjk4AYuLo7JByjAj0JBRIUIxRlWAqCIAACISGAMREaJoChgyKwP33P7Ep2oSCW8pJXo0Rxi43Fc96th/ufhNAfiAAApNIAGJiElsVdQoQeOC+ufvsAE/opmCQVdN0cxwpBf4nBD4gAAIgcDgCOHEejhdijxmB1NJFT0jLaGNMqbQSaYS41/JRcgdGJ8g/9gsqAAIgAALDJAAxMUzaKGvoBKSjAse4W84H/GyQMXiQgzlgBQEQAIGjEug4sR41I6QDgbARSCWywRGHXVPtr43IDQRAAARAgAlATDAFrBNHIJXIaHt2Q2hh6lMaE1dXVAgEQAAERk0AYmLULYDyDyRw2Aj8GKgUUtrp3Epun2N9n112JnCDAAiAAAh0JYCzaFcsCBxXAktLF6qi7TFQGfn8y+NaH9gNAiAAAuNAAGJiHFppKDaOfyHnFi7cnXEcx67Jna2dnatXr77DDut04wbMTiYIAYHhE0gnlj9qve5ep5OZy8nkdyWGbwlKPCwBiInDEkP80BLwTjlztnGmKvSbb740a4d1d7f+DYJ3bHaPjVAQAIH+E0gml79ZCPNBK2cpjDyvzN1CKpn91CNLzzxi7YMzZARaZ9GQGTap5qBegyOgpJDN3LUwhfVcYJSiua/NIaWVDmqijQ68IDAsAvN/S/+JX+xSmpRGvEc7u6+lEsufTiQyj3eJg6ARE4CYGHEDoPj+EDh3MrNFJ6JWZjr4ZsvWjqBraen8NTtEVmk8ww6AGwRAYCgEisVn77nF3Dv5NfcntmfjpOs/TgXThr7rCw1VvNsR8svpROaj9SBsQkJgQsVESOjCjKER8E7KGbswd91/s6Ud1NUddSJn7B1hf3z05MknC4uLF3fp6sxLxrNeMpbRqXhWpxL+atLxrEknrLXd39hH4ZSmI249THOelI/m/NPxjE7GM15i6UI1mXxqh22wmcENAv0m8PIbf1gplHJPkqhISCE+SfkHRIUQ8oPpxMVnBT6hIQAxEZqmgCHHIRCY4mj78a598zU0ydGK0HbCau0YtYs7dOrczen7Z5KzERWhqzNFdVb0JaUUtPirEFIEP+3+xl4Kp6Xhq20pgBZ2Syn9nCTnL6SUihaHPspEomwD2+ILDxIlJDR0PI4fSGNwWPtLgEXF1VLuvZaosApQH0rFl/+PFQDnCAkcS0yM0G4UDQJNAucST91retjhSY83B63x+PlrUlqxjAzVYx333ffBcppGBbjjFlLallpGj87pG0RfSkoZkUKxnUGBcaGndhD4gMABBBqiwjHiJ+yoUprvfSSx/Lt2GNyjIQAxMRruKLWPBLSIBJ7YcNcv8Y93HViCIyMP25Hc8qXmD4DZ4cN2P/TQk9tpuuI/fWortreIoEEUQ6uwV7LUUKCmVZDDeDRGQ25ysrfrKjzaqykTSkQujkOJeEOZCcqddpHL//a/yLPPQtpCCPqqCQzHFxhcFxIa+sEHP/hlgQ8IHIPAa+XcL7ULCi3MP0ols//jGNlOS9KB1hNiYqB4kfkwCFDfRUu9JO4J6879Nun0Ux+X3Os1IvWYrhG939tHY5lzicTFKne8J+ZmZtg0uW8hvFdSp88dvqRuXhrtSb1VVZ5bySu3lFeF8qriHzbbdy2tUrwVir9C27wfv1DKy0I5L91SThbI7frbnHTLtJKb/TueV/WodCqYln0NFVwXIYS8b37rcR65SJ59qirwAYEjEugmKOg/4J+kE5nfPGKWSNYHAhATfYCILEZHILXw3ruB0j2vt6F1L/KEnW7znti0/cNwpxfPV1PxjH8TpKfk645QTr3jFT19SE9IKTmJpPhSOUbNRU0knajdgJlKUN6xrE7Hsr0xoUx6XdbWVqMlFiylHAmRlsjwhKYPDWjQ0k1lsKEqGnHqNupk8rvmey0T8UCgQaCboBBC/uC5ePa/ilF/prR8NaX1RrUnhIB8YH7Oroq7vhq1/d3cPCoRCKdRiZs3c6cCYQP0pOIXNHemIhJ1pOTudTCFSZYZir5U7X4GLjMVvzjQ+0JKpRWnWGGBkadRjZrIMIKnUbrWUSpz926KxE88jtGKroQQuCeBboLCSPHDqfjyL+2ZCDsGRkANLGdkDALDICBbhXS7Em7ttVxtoxK3t4YzKkGdueaOU0rHstqyy3IaroypfWgiw/gzCuS1tzQEQNF4qSXkJDXX3t9SKkl2GFoHKipsCwqlFX/0wlS7qwqGEZGN0YrM0OyybYR77Aj4BncTFFKaf51OLv+2HwFfQyMAMTE01ChoQAS4L+o5645OlHrgGzcGNyrB0zDpeKY2EiHEvuMQPEXg1u9JKJTpqr6cr93HQNMJLrnb12JlRRX8fRSX0hVodWnVsrorjCaVQXMNYs+PLypSS8N74qKwnnPYxl1ttmmsgsh3s036dqUTEBXd6CCsk0A3QSGM+WedMREySAIQE4Oki7wHT8Dqkqj3tHydRadq9w4ExAffVNgZ8/ghsdjybpqG7+Xp+XmSEIEy23Onfl+zCOApgvZ9R/EXi5dn3DILDZ5uqAkNc/PePTrBdvCRjqNisczWUco5appKJT9XLNdsE90HKyhrKVPxrOEnW8iDZVQExqRcFhRRJf+9sPRzOpn5szExfyLMhJiYiGac4krY3XRHV9niElu8uC2VCBzvRs3931aM/rj4Sp87wagyBz5mSrMWhkVEoZJ3+lP63rkU7n5iwaXRjW6iIqJE4NHavXPp/x63PgWytSuroq39eBiHn2xJJwZ7n0f/a4UcR0HglcKln1NSbjTKNkZ+e8ON7eAJBE6ugy8OJUwrgccee98pvlL319oIQd9RaNneHdWKSC5mvGhEzdR8te+q8aqFwse+u+Y7/jc/MZGmK2m+0udOcL8cjRE1EUGd+37xBrGvKSr4HRT1AqSQIjXiaYVr1y5FeZSIxVWbpiAra/d5LC6+d6gjKFTwsBaU0ycCxqk+0xidkJRnKrb8OdpgGQIBiIkhQEYRQlS3Zm42OSgxkOPO82Tg5r2zZ5f9lz+piAyWR0MC5fLqgU99NO3dxxGLZf3pDKqRoj55n5i1Xbc2710t0BB/zTe6b34Hhd1pSyFlMrHc90dIj1LDQiknhacDbcn5zEbmZ5MxjFIwC6zdCVy9evmTdCy3HheX5uu7x0RovwmofmeI/ECgGwFz0OV6t0SHDJuZ8d7eSEKjBHouamaEbITUtzwq0IcRgXMLF/xHGqNKHDidIehj7ppdlzrJjY1PPELeUCzcaduCQgkTmvOBu7biMC/bPobGP0bC00ixo9znwRlgnXgCRppXG5UcwmmnUdTUb0Nz8pj6lphwANSn01KrZHsHUQs9/HeMRgXsVFtb99b56pqnUkhENMvz4/iFakND6cc65vklS9SZaXPamQ8W4JcS+KLpDLHjeR53ioWb+ZnAzpB4aCynYwQgJKb5ZrDgaR+l4A4iquQsflzMR4QvEAgFgWOdWENRAxgRegKJtvn42fmtn++H0Y62rqSNEfMzJza7Xl1LYapCnXBLK8c63nmInV+yJCVJlY4KkAG+YKnvIDdNZ8i1tdWeRi7qqYa+2dxab00/9af0vuey1ygF/7gYv4K87wUiQxAAgUMTONbJ9dClIcFUElDUsdoVv3LlT/6t7T+qW0W0bKalHr7pthxaertuMafK5Rda86jW/l6c/hMaiazhIfb2+CwheORB8L2fLWvYG+or/kY9bt786zNsbMO/uHh+t+EO27ZQ6ryXwhHKWVo6PzE3Zsbjn5uN+QAAEABJREFUTy8kk8tvW1x82uUbh9MkxFPxjE7HM4bcpratvS49Tcdk9zVjKA3FveCFrQ1hz+QSUJNbNdRsUgk8+OATm3QSpc56vzdJGv+JiWJx9cjTC9SxnqByjP+ERheYNzc27tDog0qdzuwIoaQdxa3kHNvfd3cfMzTWQMusEwm13TxKsatNoJOccaKzPP3URyRDzyp59qndFImDiNR3lDFfmY3olPJvHJb+R0g+vGj1tweZJym6FEI6io/fdDyr4/HzLwt8QGCABCAmBggXWfeHwLvf/f1Pp/gHqxJZnU5kzH3zc/dRznS2pO8uS2R257+5pfyxj+1ZJ3q7S/aicTPl5uafsx1CLojAkyG7Wg79R8O62dlrmDRWTNttBYfJWankI56QJCZbVvH0U8s3Pq50ovY7LSoaoVmbAdkthYzI6NvTiayhaaEAtwGViGynkMCxT7hTyAxVPiYBPqm1r6lERjfeI3D27PIuDdOScMgajlcu3HheKiGpWFppIUf74veBxlR5yuHVV1/6wfb9h/VzuUKKZjKazuh6M2Xt5NyySWtjKpVL9zcTjoWDa1c3VMpWZepBYdyUSpdoBMWym4xMJbJj01GmExf941uI/UbXqFI8fWaonnRcefy2UE9rZ3unwMf5Xqv2ur3rlPOi0mgEjY/t5CQ/YqvV2VptaQLP+OeNhhfbARJQA8wbWYOAT8BUlec79vmSQkp+jwCf6OaiJiLps0/0jl2SQtxyPjBCQEFHWlI0LBxISCfzQjnXcTPlqVPLLztkdzOuEaJYOf6ISDO/YTkk06sXFhimqIeFdMOjT4S8aR3VQqYG/KuozcKO4Hj04SdfSyX43ocsma3I3GAmdJiJqhHbQZGQl245r1w6rkqlFcXTPK+98VI6mDLoK67lVIGO1+2qdM0euoLv/2FbTp364EvB1OPvozo3xQT9e26Pf43GowYQE+PRTmNtZfHapag21eqelehxB52B6dQozM4dscEnXGM0B/WYurdoKZpOob41cKJ36WTeLfXJBe9rhWhF1TviQNEkwvlpVcK0nOE0NWhVgW/KtIKkVDI9oDesWsUcyplILFe54/ZmZh6RQnakpc5P7OrIFwrlvCyXc3MdEY4YsL5+6VyhlFfMqGo8zf88dlaSbDl139b70ksXx/W4tavTcsuWM2L0r7V8cA2SAMTEIOki7yaBYvly1KUTf/sqanPfe4kCPs9qt3T3ZzgdnxQL5Zxau9X4lc/+Hr7peNaTis6wovVxS9/0aMsXdEmlWgE0El18Ixfqx0Bbxu7jklSRfXaHcRcfGwG7lLAaJrBnqJ50/IJHo1zGEYbmMqwejq3gI57EsCfmf7VQystK5bmBvqmxXF51XBIrLv0PctFsQnN1VCh4Ne05hiOVWL7aJE0Vfa2c/8ljZIekhyAwMQfRIeo8rVFDWW+X5r7dUk7RKne83W2hJYmHnGQ/rcot81MRn/zZ7sb3b4o8Fluukoxo/T/QiejW5tamEB95vXvZFGooBW14IUsMb8d9NdXgjY3jUh/jCWqCmrWjbojk0rKXTtBUhnQUjXLVjLK+Sa4ZOq5p+mJFlUof/VFr11CcLMrbXwSWSGS/MpTCB12IMa0pICV2Bl0c8m8RaJ08W2FwgcBICKytvTjnVvjGut6KN30akn/ooSe3o8o4dql3d/TOxsaf7Hsjpd1RGNn+Ng07t/C602cz1nsljCisj+foSlV6zXo0r0yHjJ2nyFhEKMd6mVrTBiM0CR4SyLJQzo38vMv3XvC9nQ3z6OD/moZ7XLfJ5IV/av9PaqF+Z1zrMo52q3E0OtQ2w7ihEejX4OyJuZkZ22h+BfYbb6zM2mEHud96a658UJxQ7o/I1tRMn8TZKOpZqawG7jWIxTJDe5FVKpbxn8xonyJjDsYIseuPtuVlcY1H2Tg0JKth6xq2jHHj16ugtPrvdaevk4rFFz7c8GM7eAIQE4NnjBIGRMCI1nWIab+7rMcy07Hg44TG07qXV2DH409V7SJu3/5oyvaPgzt55smqCFzG253LONQgaKOxvFFj+vJkj5Vlh5MfC07RdIbsMpnBJElEeDQKISuHGG3rKGSAAZ6SV1rZS5F+8P03Wv7xcqXTy/9ZSNk8mpWRmOIYchOOq5gYMiYUF0YCzTMHG2f3JOzvdVWilY3RprC2QiO+ByemWRHViMUdR8M9Tls1OxOoayz15kBvAhw0m1ZDCqGFsr19LToZu6jT8SzNi6lW72WVYImI1qiPtT8szlIp97jwr+HrFs1XH6i7xm9TNT9hG321fOlQI4t2WriPRqB5QjxacqQCgXAQkFo3b8Dr1SLqEAJpovMn/levaelqtBV1YN1Wq4h+u5KJ5cDjgEYL85nPfOaL/S5nqPmZVmnSsTyt4GO50g9fuOXfE6GUtCSonycLShYRfE8EjUSEWkT4Bje+qN0bTmO6aqPG7tBuz8WW/9JuD23UG6E1doIN219MTHDFUbVxJ7D8q3YN3LXIr9v+g9yPPPLdf0gnINmIp2n++JVXPvoDDf+BW2OaaaV1Qj4wXTgi/H0lgjcJFiqjvynwuGhIGTYVhDTUusfN0Eqf5OmwGeeUFdR0mqq3U5/OGB8RUbfeEKi6U4ynlKCxFWW+pVEH3hbLLzzMW6zDJQAxMVzeKK1PBJJnvR8OZnXpXwX9+/u8nc1n7Bhnl05lbP9BbimbWkLQ3LM5KH6Y9tPV9adse0zVBEYp7H3j5FZWx2hEq32OU4fHHvu2n0onMkapYIbGUCe2W93lkYjC+iqG1I8D+RhpU/HlwCiENOYvj5Hd2CcdZQXUKAtH2SBwVAIqal1Z04n9sPmQFmj2NtQxmM9+9vdXD5tHI/44PclRf8qhWXeeMi+s58fuirrB3t7S4FLTS+3bdB/VkUxmdna3H/h5EdARRpiq0DwSUbh2OfAUkMBn+ASkeahZKJ0Hrpbz39r0wzFUAhATQ8WNwvpGYHu72syLusZE4tvvNf0HONKJizQi3opUOORz//aTHHT+ErfH5EmO1MJ770aVDFxFy1tez9xaxMbBxS1zdDv5KR9lZJQOrUAm21X1a4X1kD3iGbDwOJ7jMTtOyUdJm0pkt+328aT+5aPkc/g0SNGNAMRENyoICz0B941PBq4KlTgZ6CT3r4BqnoN4VGL/uJ17pXSa/zfNjDqjhSokFctsydPz87ZRWgtz9e7qgh02Oe6jtcyjj37g4/wKbKFEMwPuYrU2hqc01tcv/cjkMGqvSbPK7TtC53/kkWceIGtb5wAaliqVVn48dIZOkUFqiuqKqk4cAZIC9TrRiYWWumefTTIWHJU4+cDC3D7Ru+5SrWK77g9bIE9tyLYRCbLRFCfgpkuqR98W/i2N6k71CWkfSdTWcsfZKFbG8Ndg+0ZmNBntVWo6/YEP693dm/b+Bc95v+2He/gEICaGzxwl9omAJ6RnZ5XsYapDyuAh/8UvPjvRL7dJ0YhE+9QGMeOr7CAICpzmhYbMtaARp4COEEa45bx0rz/f9SmOSeBlWg8lUXV4DIY2IV5YSAiv+lu2iVSHe19af+GSHQb38AnghDJ85iixTwRKpVzgLYdS3Dd7UNbUWdBSi2WECf/Zs2bqkb5TSxc8qYL3SAihISQsmqnUP/jZNL/FUojmcSHoY2hao1DKB8IoeOIWpVpVNEEEoatrNyEhhKkWypcmdKoudE2wr0EQE/viwc6wE6CpUtOwUQop+RXHDX/XrWyFGt1yT5Lr5Mn33E7HM0Y6rXs7/PpRB+mWVvA/78Oof3l3/l3dVdvQ0bRd9b5YqEzHtAZVt/kfIemfqQYhfN9fczbz/e0jEqSLq24pH7igCJ/l02MRTizT09YTWdOqCU51OEKRoMjsLRPo7NkAoaS2fI3Q8d4mYxl9+v77T5CuClZEC+NOSQcZrPjevlSCBFezK6V41JnyT4Ovr6++k3x9XcKamaSpnKZtIf1v4BGJnahsfzttlY5nCIlm443eoUZvAiwAgaMTqFRyUU/IgHhwqCdNxoM3WjZLsDoPrY76sqbw/dssLp7fTVPnqJS0alirta4a7U7FzZa9t0syltVSyBog+qZ+1Ljl6RiNoOpaS4uB7h2flX6wTh6RMG33SAghd9y2KU6Bz8gJhPDwGTkTGDBmBEqlS067oFBSyWTbkxsPPvjNrl21YvHysu3v2U09T89xBx7xl388lcjq2UgkIqzOkeaSBa2GTrofKq7nHfJM/mJ6q2Iisewp1YLFd84USjnVW+rJjWWECtWRzUJim0YkWnKH2bOQwI94MYmwrVP/DxS2BoE9RyPAgkLvVj07tVI85dEaoZifP5No7K+fNV9s+A+z7bz2P0zq/sVNJjI6nfjEL9LJtrZYWe94mueT+f/7Y1bwZDuDA1Rd65pazGw5wnp7KsUqlHPEjxxTvpzYkH8TFgSNqY1gwxg6piEkwtJG7XbwyaY9DH4QGEsCxWuXI6YqAoLC8e+haPxCZus5uMBc8SFrq1W19fbNQ6Y9bnS+uTIZZxGRpR6xU9YY4z+tIdfWVgc2n3zcOgwqvZRq36wXFy98QUZaT7ewoJyZ35raRwqTyWe+YgP7yuYL32z7R+VmIdF+s6UxiqY2cLPlqNqkl3L3/+/rJQfEAYEQESis57oICqNS8awODuIGr3kOUwWaHmm9eY8S8rA5bQa6pOJPVdOJrDl9/8kTSsoO47lj9MTtrUJ5qp/WaHLp9tjvrKPeYTeS3HFuXbnyJ0/bYdPk1nrr74Stvt2EhDRyp1B+4cDHvsNWl2mzB2Ji2lp8CurLgmLH8wIjFNT9SrpybXY2x8bAvXc9EyUGceuaEKnTmR2+UTBFIkLKSP2+B7sKNSN4eofm/GWp9GeB12XXzZuKTXIpq+2KVrUIvIyMf2tDSIud8bR7/fnTdpppc0ekagGpHUojRdBNSPCIxNUypjZG2jA9Fg4x0SMoRBsvAjTMH7m7rQMdSj9rELzybZ2Tj1tGcmnZ43dE+AJiQUaVCnSBzew1GXBzY/OOW8pJnt5p7phSB3Oyq16p5JuvSU8kslcFcWztN8Ytr9bFWSt02lzGBNTVSOUEib1Xuk1tYERifI5KNT6mwlIQOByBN95YmeXOVtjP0ltZUIetLe+hnDc3ThQaCVhKnDtxfr3hP8yWRx/SsYymaRjD0xjKqd0KwXl2z4c6QhYQ5Zza3Pzz+7rHma5Qf5rJBrYrAve0kGpI20Tc0jQ+AmoTqLltKcGPD9dCh/udSn3gR9PxrCGx95hdsjEKUxs2kDFwQ0yMQSPBxOMRoM6DuhrdceVFgZI78FQio9/xjvOH+sXB27efPWdb5d3vPGz793Z/77tqow9Zk+LpCxp9EErSZ+8UJIaMJza3WBhRXfA/24ZKCRJg9TBDrexea71mPd32vpFdLW7Xo071JhWzpoUIWvHaSmTYQNKxbFXq6q8I+ke0y9ZaVjEiYRMZDzdOTOPRTmNu5ejNd0sryujuQ4XGNNMAABAASURBVBRSSHn7regvsrA4zGrXih9D7S3tW39dG30QQoo9PmynFromHnLSpSvpUulTU3s/xB6U/OCHHnpy2+Yotdb+Dvp65JHvnBNt9wVUKrmTAh9BB5+FTZIEE0P7pONPX+H/FaGE015o1Yi/KVYuTd2TSO0cxtEPMTGOrQabj0SgKszA7qE4kkGNRHwqN8Js3BEbvoCo5JRbyXWcaBvRsW0RODE3E3iyxl1baXLb3V2424opxI5Wv2D7p9ktLSlhtNcUYINkkkic/2lfREjd8RSJMWqXj/1yOfeNg7QBeQ+OAMTE4NgOPWcUuD+B2k15NKa7f7Qh7WU7jMcnULdMow/lnLp1K3dqSIVPaDEey7Jm3RQjbvqEWFt74acs79Q6A1McNFhXWFsd+BQHT2k4IvpzHdCpxWY854doWiMgCjviISD0BCAmQt9EMLCfBHjKoD2/G2/Nfb2Wzt/1O/YSdeyHWO28aICdX19N0xK95JFXZMvAT+K2fZPmTscz1BW1auWWVnE+a+HY2yVpkqO+V9OIWN05kM3eUxpUsHK+wEL6ytrzvzmQwpHpUAngn+/QuJFg7AlUdwPvoDh96t7fFovPf+5I9dJ0aVdPSEPHsu7EZsAE/PdKEPBGMXvdD9PYj22NQDL5gVctbILGcgYyxeFPafBTGt2mNAS/FjsvC4Xnv75mFb4ngQDExCS0IupwKALu+osR+5JWCin5VzcPlUk9MnVizZOxfZKu78ZmAASSZ56sKkfIRtbcloUKfqirwWO/rTTVRxv7mRtN/fV9dCwVz3oOT2nIRkmtrYw4P1ko4bXYLSKT4wqtmJgcxKhJGAls7755xbZrNhI90kmV37Zp5xOPXwiMetj74D4+ge/4ju/452p2xrFzOv3Q7E/bfri7E0gtZj27f5fWqFr3FIcLPZfI3iMhYUhUd/QrFPBVl6YPr159/hcPlytijwsBauNxMRV2gkD/CFy79pdvo1EFvjhrZppKWM/eN0MP53DsRxEPlxSxeyDw2ldP/IYdbVcb73Of+8P/aIc13FLg9CbsT8QCYoxw+zCaE4s9/SupRO2H5+ifaY6EhF0izwH6jzi/Xso9HtgBz6QRsA6uiasaKgQC+xNoHxqnqzb/JVZpOjnun7JjL51Ha2FSSJlaWsboRA1HX7/b75Pgl3ntN0y/ayJuw4BmAzUCpmzLHb606lwVwd+usXb15EzHL77JoxBRpX9U0jHfnsiQjKga52cLJTzi3M5mUv2Q7pPasqhXTwS0rO52RpS+qEgkLvYkCrS8e8POQzpGJc9eDLzS2d4P9+EJtN8nwTm4pf1fi12pPPcICQ6OKiR9J5NPh/M9I2TbIBc6jqtSWGMG1NOXy5cPPa2XTD7xfenEskdi2wipHpSy02rKWijjfbZQysty+fmf6YyBkGMRCHFiiIkQNw5MGzyBYvHyzM2NjTvdSnKEUulE1qQefqqL4GilKBY/eWZXy4DwkFHlJBLvm8rOq0WmP6700kWv/T6JW5vV8mFzV1pH3/729/zAYdONe3zStq17TIwQbvlwN6umly58nv8PlJn9PRJnSohOFUGzJt7M/M53soh4vbz6LoHP1BGgA2Pq6owKg0CAAP9gllvKyV0d/IGoRiQ5E4mkWFQsvDfwRsXGft5WKpciQtMfe2jl060jZqPnTpxfE/gcicC73vWuKHMXjgqcpzxh9MbG5URvmUrqPusxqVHubt7/P9PxrJ4WUZHiKTuqd50AHeC9v+0yGctWWUQIx3lnLb2VkR9geJ78Vf7fKZRzkStXXvozP3j8v1CDIxAI/JMeIT2SgMDEEKhUclE+Meqq0e2V4tOoPD03n4pnOvY14roVnh+ma7RGAG3NA5FF2mA5JIE0jUZcryztMPdgUm1KpXzrSju4s8NHA0bXOwKlkCwqkvu0ZUeaMQyIx58m8duajGBVVS6v7svusdhyPh3P1H7BVnX+dgaNTAg6ws2sjn6Yppnk66Vcx6uxxxAVTO4DAYiJPkBEFpNFoLied1hU0ImTz79W5agXkrX7KfwrPmtPw0knWGX4dNsIoCFh/+qu6YfjIAIpGgUSjlKELhDVE1q7pRUVCDzAUyyuLnpCvFRrkmBzqnpbJmMZinJARmO4OyL1vLTsNnJhwfI2necWL/xFikZrUiQiqspcFNJO1YhmhJL6mlvKSxqFUF+t/PFvN/YceYuEE0XgUP+YE1VzVAYEDiBAJ061cPKVP6AuiJZgZElnXBYJKRpGXlp66v/ZewulzhsDU9xB2pHg7iCQjmU9Zirb9xD9zbszr5dKrR/xao+yn79Uyp13y3npzFR/l4ReR1SlpH9vTCKRnZgpKeKo7YrSaIIuFp+9x2GJxFO/TMLBn8KgeMZEnG8j/SDpw7ut1Qj/ddtO5N/Q/4J8vbiCUTaLDpxBAhATQR7wgUCAwJe+9KXvKZRyyhObW8LQX2CvEFJIOeNEvjVFomJx8YnmK7nd0hMXhfWR5KYTd+AET0FYiMDjjz/+RykWW0p0nI8MDUe45Zy8efOPmm9upCRHWl577cUfIKEntZzJdcvAEWIxHc+axx578re67R+XsHT6ya+QrXzI0Ub4By15drhudAwaR0R+jIQDVdff3fVLSbPh0ihEsZxTrvvcf+oaCYEgYBHo+Oe19sEJAiBQJ1AqfWqeOjV1c2NjkzQFXSvXd9Q3kkTFbGTuG1IkKr72a5+mju/HVu9sLXy6vruxkYkE3kHRgLG0dH4rlcjqe3fe9oxsBDa2RJhHIwpruX07vUb0w2yLxT9adks5WTX6Gk1lBZOSIdXtmQ+zXalYtppOP/0vgxHC7zPezNtsK6lKQkgxR6vY80O8jRG7s9XIjzCb14t5/ILtnrCwoxsBiIluVBAGAnsQ2Nz88/sLNI2xeTdSoSh0CqZva5FCynu39aspEhVnzmx9370dvWXtFo4wiobzp3aEgh+zTcdrb0yccaKzUhAwEfxoT2oSbn0ZjQjmHPSVyyuLfPUtDI1/UE9q7/XtUtRcnv4vfDXP677iwk48YPejj77v5x6NZ64nl5Y9Ps7SNJri25fI+jdOku09WMCHrtEyIv7AJWHFvAvl3MxX15/7tR4SIwoIdBCAmOhAggAQOJjAzZvPxekkrG7fe+N1is1nZtq0Fkl9JIuKuRk56wkZFA9K+C/FasWeaNdp6uw8Wmsd3UwkQmjkXjW+s3Xjy8W1S85e+wcR7pbzEVqloc9++UtliQu/A88Y6sxNmsRRKnFRp2JP34vH3/9X++XRy76mWIhlqpS/TvtlZU2qLha8ndmf9qQ8oxyjJMEUspZrfVPzdHzTIWq0EZ53hY5bySKKVufq1dz3dERFAAgcgYA6QhokAQEQqBO4ceMzj9LJWc1vO/fTkDmdses76hsppOTRiLo3sOHOYWnpwq1A4IR4UvGsptXQFfMNIYWiVXT7+AMCWpgdz6sSR/nmm59+e7d49bCBbgrlvKoa9TCJvy0araC2pGWvEiXvkFQtKYSkj1BSKj0Xkd43Up1NTQC0iY2l7BaLjWQy86v1kYX9xYKSjhSSFuF/pP/d+xdZT0MP8k3mSsJBuuUV5a6tBqZAes8NMUFgfwJq/93YCwIg0AuBL7/x/CadsH1RQR0knccPTsWdw4zjnOLOp9bxZqgT4ivcrOZXIB+cQ7hiJGMZzXXhlbtAWvc0UGttbm1WK4VyTrqVnFpbW43uGXmIO8rlF94olS7NuyQsqD3pCj5HAxLiraZQ7KllyWBuXCH9PyHpw2LDEbMsNpSRP1IfWTi6WCA7aBFkV32ljbUYEmiFUk4Vi5fOWMFwgsDACEBMDAwtMp5GAl8mUVEo59TOW/os1b92vifHQYuUHIO+JF/hCukI5XCnbK/8kqV0/KJ3buHCXY49sPUQGadjtcc52U5Fpu+ZlBWWNtotkXigtVhZURsbl+N7xg/RjtdLuQfcUl75tpdzNGcV/Zj05AZ15DQxwhWrGdtzY9ei9/RNuQtNpfhlaXWnapy/aNhRII7aUzSFRseNlZvW2rT/iJ21G04QGAgBNZBckSkITDmBtdsr1+mkr25tvvw4D+HT0Dmd9KlrOEaPQ321FFIpc9qZ5847Hc8af0QjnqURgYyOxZarQnzkHYNGnzp7ofmOAqHob48CqapG7wqPOEi3nJeFSu9vrtwjy1AEF0t//KGra5dOuSQweGrEJYHBdSxQ585bGZH/whPqTSG0JwQrgfrzPwQkUIG6n/dS/2+k8G4LZzfPeTTWAuVdrI2SqELlhfvK5eff08iD2l4rxwTP4Z7WLNQacbAFgWERCB6IwyoV5YDAlBDY2Hj1qzyET0PnjkudT6PjcUs5ubUrq/X+5Gg0pKARdCGEpD8hZVQZGs34qy+k4xmaLmlfszXhkcgYFiIp3pIISdKaivvTEzoZ4ykWcscveIlExkueyVYfeujJ7dOnnynwY5w0CkGiJWtk1HHEHh+qjxH37u5yZ1jgYfZrucgeUSc2+OrVS79eKr1wxi2tRFxq80KJhFSZRmR4rQsOl7d1f4HiFCt5dbW0etJ1X8z2AiadyGjpt3stNnEXenvHc9eO9mKvWi74BoGjE4CYODo7pASBYxG4du1SdPaePkXjFR35sNC4s7WzY+hKk8e5/TcPdcTaI4B6GdIWIrjWvPQt+OP3Q/SlaJX0oTCpeJ5CSQpxlCPIOyucE3MzMycXdpMzTnRWKCEpXudCF99VU/VHIAokINwbn5zpjISQfhFgISiEbLYFC4ldb/da8Y2Xpk64CXxCQ0CFxhIYAgKDIBDyPK/cWNngoWx/NNyydS5qIgtz0WiBrjRdumq1RzRcuqoV1V2P+nDqR+j7UErDKuSYTk/wb2XwFXdelcuX0ZEdk2cvydMJGhkSTR3hJ9namXthbe1FvOrap4GvURGAmBgVeZQLAhYBl+bF+Q58K4i6jNqPiqVpSNsOZ7e7/mKkQGlcGiIv0DC6SwKjtj747l29u71dlVVRFZ6p8sS91JSGVIfhNw2QACHpQgs7KFx01SLNnX6M5hdlYNzSN30dl3XU38poZgZHzwQSiYseT18FExjB7XD9+sfeHwyHDwSGTwBiYvjMJ7FE1KkPBAqVnDI71WpnVjVRwfc2dO5rD/nfn6lUXpxbX78UdddzkcJ6zqndr5FTLD7831qgqYiCL0JoVIFFSLm+ZXdj7RZG+wo0SiLER77UXir8gyEQjy9vkZg0jlBKtGY2SAAaEnX54BDFYExAriDQEwHVUyxEAgEQGAqBwvXLUbeUm6fCOsYGJH3SNMydjmU92o9lggksLX3nH9BIhI5IMytEUDMYoQ2PZAl8QCBEBCAmQtQYB5qCCNNCYIsEhYrOzf2OMF1uz1RCpRMZkzx7scsoxrQgmtx68su/os6JfyhIPLbXcru6Wy2UVnDebgcD/8gJ4KAceRPAABDoTuCVVz72j/kKVN6qVjqGKYQUKsovtsqYs2eXdwU+Y08KHaE1AAAISElEQVQguZjx0jTypFSbiiA9yU/1uDQ9tb7+YijeFDr2sFGBvhOAmOhEihAQCBWBq3cuxwulnNzVostIhBT85AcNiZOoePp2qAyHMT0RSCSevJeOZ42KyG7nY1O+9i0X+KkeyqxTU1IgFhAIA4FuB28Y7IINIAACbQQqlRzfTyE9wc9UtO2UUsxG9Yl0PKPvv//859v2whtCArX7IrLaETNzNNAk2j8zb0Ve5tGIavU/XG7fBz8IhI2AGplBKBgEQOBIBEqlvFMo52S7pvBv05NSPnAy+s5UIqPj8fdfP1IBSDRwAjSdoWf8+yKCMoJmNMSuNv4LwK7cfm7gr0YfeEVRwNQQgJiYmqZGRSeNgFteUTT9ofh3HdrrJoWUEemdoU7LxOMX8fRHO6AR+ZMx/h2VLE9XyKAJRhgacCqQSKxU8ngBWBAOfCEgcJAJEBMHEcJ+EAg3AcO/63Bm8cbbuDvqZipNxSsWFbTqM2c+9KlucRA2KAIfUf5vniSyJp3IGKVEh4ggFWFU9O58gcThoKxAviAwaAJq0AUgfxAAgcET+OxnP32lUMqrO1sLn9ZakK7oWqZcmL33nnScOrbF811u5uyaBoFHIJBILHs+5/hfef5vnvh5BHWEoTmNezvqllvOq9df/9MtPwq+ppzA+FYfYmJ82w6Wg0AHgTfffPbvFSs55ZZzUng8AcIj6m3RuE+LRJ1UIsu/JKqFePIn22LAewQCsdhylZmmiasjjPLHIJi1lZffGiT2+IfcCuW8vH790mlrN5wgMLYE1NhaDsNBAAT2JcA/R80dVuRW5Krmy+C22NzPSSlkOjHzCykago/FsnhfRRujg7zJ5IV7/JpzFhD8E/ByjwQsInY8zyuUctKt5BT/YuweURE8BAIoov8EICb6zxQ5gkCoCLx657lHijSU7lJHZnT7z4nVTJV0GR1VIpImUcFz/EKIt9OKpQuBr7nvA19M+zdSZowyzpykT5do/lyTrhrN3FlErK2t4sbKbqAQNhEEICYmohlRCRDojUChknfcck5uV7c3aLCCLphpCSSVguf404nsy2kSFulE1tDcv07Fs3paX98di2WuJZeymgUEj+DsnKp+nVCkvngR7R8jPFH7afZCKS+L63mnPcb0+FHTaSKgpqmyqCsIgECNwPr6x08V/NGKE5HuYxUcT/KXoD6Tr71l7fXdJC5YYPBKAiOduDhRIsMXDrGLmkSDJgFlWExFlXxYOURBCSmFFJ0fww9kGJdGflwSEKXSitMZByEgMNkE1GRXD7UDARDYn8CzHv/0OXeE4t69HU3DFfvHt/ZK7llVm8jIGB7JYJGRWsxWhfih77NShMrJwiEVy2gWDun6KIwvHJRi0SCl3NtcQwM6hMrseHc+ygKChdnesQe7B7mDQBgIQEyEoRVgAwiEgIB74xOzfG/FvZ2Fk2anWqXherrkpotuf/a/VwOpB5Y1kSEjwkknXv+9dJwFhrXyqAatKQ6nTjxF7jSNcpBfswjxX+xE/kTiopdauuD5T0mczm6dPv30p9mKhx/ObtC+Ku/jRzBT/v0LNA0TrwkDzo9XytOkKW/fTds0lZX2tzS6Es8aFg6SdAOZKwWbLLp/SDfUCBhNPDzNAqJAU0UsINbW/vS7uqdCKAhMFwGIielqb9QWBA4kcP36s7cL1y9HabieHzFVBRq6L/hD+Dm543lVrWn8QtT6V97snyH3021rPYGUFE6dOH/zRtJHCBrpUOwT0hE0ROA4NLtiHLkgZk8u6HezGJifESdpnyNpHz+CKRXFF0IqSR/BK3kEfSSttNQ3AZdoBVJ4+0KagYYdSEw1b54slPLSLa8Qj1UHAqKdF/wgIIQCBBAAARDolcDa2mq0WFkhgVF7l4VLQsMloaFlddcYzwhNIsNf+Hq+11xHF8+wrZqVg+cLB64L14lHHUhM4d6H0TUNSh4zAhATY9ZgMBcEwkigWLw8UyivKrdCIoMFRpmu5ElkuKVz37vj7dysTZvwrZ6epg8pDerAuSc31JPzTApXyghRG+ng3RzAq+1mv73SPhIDnI0fSl5aOAv/lgbKmbxUDjmqRmhTFd6uFtWbGwufr4mGnCywrZW8KqytQjj4EPEFAkcjADFxNG5IBQIg0BOB3/j9tbWXHqxNm/BjqasOj2zQ1b8qlEl40NQBdejKZeFRzkkKr62+u+5vutlvryxY8jVBUE9fqG39kZOi/7QKCQUSC+Vyzims5yKVSi66ufnsN/RkOiKBAAj0TABiomdUiAgCk0IA9QABEACB/hKAmOgvT+QGAiAAAiAAAlNHAGJi6pocFR4WAZQDAiAAAtNCAGJiWloa9QQBEAABEACBARGAmBgQWGQ7LAIoBwRAAARAYNQEICZG3QIoHwRAAARAAATGnADExJg34LDMRzkgAAIgAAIgsBcBiIm9yCAcBEAABEAABECgJwIQEz1hGlYklAMCIAACIAAC40cAYmL82gwWgwAIgAAIgECoCEylmAhVC8AYEAABEAABEBhzAhATY96AMB8EQAAEQAAERk1ggGJi1FVD+SAAAiAAAiAAAsMgADExDMooAwRAAARAAATCTOCYtkFMHBMgkoMACIAACIDAtBOAmJj2IwD1BwEQAAEQGBaBiS0HYmJimxYVAwEQAAEQAIHhEICYGA5nlAICIAACIDAsAihn6AQgJoaOHAWCAAiAAAiAwGQRgJiYrPZEbUAABEBgWARQDgg0CUBMNFHAAQIgAAIgAAIgcBQCEBNHoYY0IAACIDAsAigHBMaAAMTEGDQSTAQBEAABEACBMBOAmAhz68A2EACBYRFAOSAAAscg8P8BAAD///KBe+sAAAAGSURBVAMAPZCaqBqTuqgAAAAASUVORK5CYII=', '2026-06-25 14:34:59', NULL, NULL, '2026-06-25 04:46:16'),
(16, 1, 3, 27, 'chairman', 1, 'completed', 'data:image/png;base64,iVBORw0KGgoAAAANSUhEUgAAAhMAAADFCAYAAADuW3A/AAAQAElEQVR4AeydC4wkx3nfq3r2cXyYEgUd73ZedyT1sMIksBUZCpIoomDqeLe7JwqxaFhhJAWBYkQIIkdJAFtwEthB7MhKIsGO4yBOgBi2kjiRTUt3O7viWZLlxDJtEbQNGCZhySC589pbHp/mY+9uZrpcvbfdXb07szuPfvevd2a6qrvq+776Vc/Uf6u7ZyzBAgEIQAACEIAABGYggJiYAR5VIQABCEAAAvERSK8nxER6+4bIIAABCEAAApkggJjIRDcRJAQgAAEIxEUAP5MTQExMzowaEIAABCAAAQgYBBATBgySEIAABCAQFwH85IkAYiJPvUlbIAABCEAAAgkQQEwkAB2XEIAABOIigB8IxEEAMREHZXxAAAIQgAAEckwAMZHjzqVpEIBAXATwA4FiE0BMFLv/aT0EIAABCEBgZgKIiZkRYgACEIiLAH4gAIF0EkBMpLNfiAoCEIAABCCQGQKIicx0FYFCIC4C+IEABCAwGQHExGS8KA0BCEAAAhCAwD4CiIl9QMhCIC4C+IEABCCQFwKIibz0JO2AAAQgAAEIJEQAMZEQeNzGRQA/EIAABCAQNQHERNSEsQ8BCEAAAhDIOQHERM47OK7m4QcCEIAABIpLADFR3L6n5RCAAAQgAIFQCCAmQsEYlxH8QAACEIAABNJHADGRvj4hIghAAAIQgECmCCAmhnQXmyAAAQhAAAIQGJ8AYmJ8VrGVrFZX3xqbMxxBAAIQgAAEZiSQoJiYMfIcV7ds8d31yuqHctxEmgYBCEAAAjkigJhIbWeqf5Pa0AgMAhCAAASKReCI1iImjgCU4O531MorP5Sgf1xDAAIQgAAExiKAmBgLUzKFpBT/VoifoI+SwY9XCEAAAnETyKw/Bqo0dp0Ui3th3X2q8vin99KsIAABCEAAAqkkYKUyqqIHJe23+Ajsf+WnSUEAAhCAwMwEMBA6AcRE6EhDMGirP3GtKCEW65Xli24+ifUdd/zA5+qVFTsJ3/iEAAQgAIH0E0BMpLCPbOvWrwopX3JDk0KecdNxr9/85g997tj81U9pv1I/eUAAAhAYlwDlCkQAMZHCzm63v7gj7YF3ekPPTiwkEaYjJG5e3HGERBLu8QkBCEAAAhkhgJhIaUdtdjd+3gytWl0+a+ajTt91131fuHnhdYRE1KCxD4FZCVAfAikggJhIQSeMCkHPSAzcfSUlP+amo15XKh/4dP/q4kP6VEvAVfXEihdPYAcZCEAAAhAoNAHERJq7X8kXjfD+tpGONFkSvZ8SQ66QsOYEx0uk5DGeYgKEBgEIHEKAweEQOEnvklK13Rj0LMUJNx31WinLlxLacdT+sF8MAvXKyv/Qz6dPV5a/pxgtppUQKA4BxESK+1pJ+YofnvQHeH9j6Km77nrwR0xPtlDIidApF89gtbp6r27139fP07aS/02vhz/YCgEIZJIAYiKT3RZd0L2rr37etC5VLBrGdEk6hwSUUuZsxNtz2ESaBIFCE0BMFLr7DzZeSv8UhxJCPw6WYUvmCcTeACml962u+qC6KfYAcAgBCERKADERKd7ZjEtlG/2jP4JnM3dk7VOnHvhls5AtSs8KyRdfmkxIQwACEIDAQQLGYHVwJ1uSJSCVuMWIINLzDfX6yhdUv/8R358Snc6Fk36e1MQEqOARKCn1d72M5K4gwQKBnBFATKS4Q+2SeMoNTwkRmZhwhIQYqIeEsdiKUxwGDpIzEDh+/MFb9fF7u2vCUuJ5N80aAhDIBwHERIr70bblr7rhRaUk7rzzvp8TfUdIGB6UEu3uelaODRcR65QSODa/8x0ztM1u4w4zTxoCEMg+AQaMFPdhp9P4ohnenXd+MPQf/OpfW/wnQgaFRLO7bmwwIyANgckJSKm802V6wqszuQVqQAACaSdgpT3AwsenZwlcBuradec+fTc787peXlamjtAnNtRIITGzNwwUkUC9vPK02e5WZ71q5klDAAL5IICYSHk/KqmH+L0Y+0L+tb3kzKvqyRXbnJHQ/zGKZrcx5HgYsmlm7xgoDAEpTou9RR9j3je67m1iBQEI5IQAI0W6OvJANNK4N9OyhDddfKDgBBtqtZXnrZKQZhX9H+PwY0GZpUhDYHwClcrq/zdL62OsZuZJQwAC+SEwfADJT/uy3xIldrxG2Mq8VdTbPEmiWj3zK9IWbzLr3PoG9UGdV/p58BGQHAd3swUC4xAYfnCNU5MyEIBAFggUU0xkoWfcGKXwfp9DCVlyN0+zrtcf+FlLzf89v64SojT4nSeeWP+yv21/yt6/gTwEIAABCEAgQAAxEcCRvowU6roblZRuavK1PrXxC2LQ/6RZ0xLy5WbzK+8xt5GGAAQgAAEITErAmrTCBOUpGjoBPZMwhc1dIWGLT5hVlRL2M53GG81tpCEAAQhAAALTEEBMTEMtxjq28H94SwSvmRTjLI6QkAP1CXNSQwsJ1eo2xjxlwiEyDmfKQAACEMg2gdmiZ6SYjV+qa5fLK//LERLCOD+yJyTG73eV6iYSHAQgAAEIpIDA+INKCoItaAhjziAE6ThCYk6KD5tCQpdwZiQm63NzSkMb4AGBcQnMCfut45alHASKQiCv7ZxsYMkrhRS3y5LK76MxZwlOLZ354q6QCLZLNTvDvpQqWIgcBMIioIT0foNDKsltQWGBxQ4EUkjAH6hSGBwhCWFL9ccehzFmCZwZCdua/5BXRyecXwCdWkgobYAHBKYj4B2xylZ/Mp0JakFgGgLUiZsAYiJu4hP6a7XW7zerVKvn32vmzfRbjp//0ZI+teF9guudSijV7s4wI2Ea0/Z4QGAcAqerq98yy7UuN/6qmScNAQjkiwBiImP9aQ3Uvx8V8rV5+zOBsV8riVZnnT4eBYztkRGwbfXOyIxjODUECAQCLgEGGpdEqtf+uQZZUn9pWKjVpRXbuGlD2Eqp4T/cNaw22yAQMgEpvAuH9XH5omCBAARyTQAxkYXuVdbADVOfe77ZTbvranXlTy1LBCYl2t1wZiQk1825mFmPSeD0ibM/axZVlgh886q5j/Q4BCgDgfQTsNIfIhEKqa56FGRQNFQqP/iPpBJv8/brSYzFXulHvfysCSVntUD9ghFQpbl/aDa52Wx8wcyThgAE8kcAMZGBPpVS9f0w/cH9dGWlXRKv/hd/i9C6Qz7/nWcvfFaEtUhpmtdSJSzD2MkrASXtm9y2KaF6bjrta+KDAASmJ4CYmJ5dojVr5RXbFqIizIkKfQ5kc2vtzSKqxRaIiajYJmC3XF6265Wz+jAKz/k99zz4FmEckyUlviZYIACB3BNATGSwi+uVFaXnC8wZA/3xbfWa3Y2Q+/PBkyaenZ2+/50X5g7SGSZQks7xpMWpCkNYvPLSa4+aMJ7prp8z80KQgwAE8kgg5MEnj4hS0aaAcDAjUnquwOrLX93sXFwwt4eRLpdff8a0c+WlR77HzJPODwEtTnVjHGGxrEXFuelnK1Tpdm1o96EPzd01LxCAQP4JICYy0MdaMHi32Znh6g9r57c25DPbax82t4eVltL2BYp2FpZd7ERPYHoPjm61ZF2fRpvGhhK2d6wqJY1rfaaxRh0IQCArBBATWegp49bQ3XBt9UelXulkK+Lf2rCUcXg4Y8yuc17yQqA0UFeFGqESpZDO6Y9J2yrNCpZqmlnSEIBAfgkYo0V+G5n1lknLHiihhC2tbzQ7DdncWv/ep5+9sJ31dkUZf61y7rdqlRU9ZT/86ew7XTn7W7PFkO3are2Nm9XAHi0odPMcTvX6ubFuNb7rrvd/WBhqotcrfUqb4AEBCBSAAGIiA5282V5/U6uzLtvti++LNdwR/7TGGsOEzur1+z9aryzbUlj3GuOa2L84+2xRutcZLE9Vl/3v8dhfMOf51vZXbtKC4tqoGQqHkxhYn6kvLV87CsX16wv/0S2jdGJ7+8IFveIBAQgUgIBVgDbSxIwTmCR8NZj7Z0LcuJxQjLE4g6VScrHuzGKUl+27Kmc+N0a1XBXRguLYYYJit7GWXKhrkbab5gUCEIDAPgKIiX1AyGabgBTqVbMFAyF/uemcGtp7Hj95+bhS4rrzn7NZbjctpeyL+U/VtbCoVpef3d1WkBdHUDS76xqf32DlfJOJPr3mb5G711HceeK+L/nbSEEAAhAQAjHBUbBHYMhK+kOunxpSLkWbpBDXjXDsTmftY0ZePP7448+1uo3FVqchlSUvjWqXpeRxR1Scrpy7bNbPe1oK65rHRApbzslvKA1VGIs9t/iAc3qoUlkxWQtpqyWjGEkIQKBABBATBersSZuq/1H3hhEvMamRmMvrgfA5z6VUAy89JNFqrd3viApn5kLv7uu6ehV82MI6EdyS79xm9+IxWRJvEgP7nlZ3o7S52Xhfq62FlxDKbbmTcI6HkhDzjqiolVcG1er5/6qPF7eIs3aKOWueEIBAAQhYBWhjqpqY1WD0qYFMDA56kDMuppSHigmzL7SgmHeEhS3F/9vfUD1DYdg0a+Uz3Ww2Xmxe3njCbJ1mY9m2vR+N0LyFlMLSuu2HhbvoUra4+gE3yxoCEMg/AcRE/vt4yhaeO2NW7PdE4FoEc1+a0kpZHSOeI+9AMMruJtvtxnv1wOmMkbv5vZfFvXWhV+2tDUvO9f6TcE5oiOAihfQ22EKpTudra94GEhCAQO4J5FRM5L7fIm9guSw2TCdbVxq3mfm0pqUcvOLFpvypeW/bmAlliZ8yi9bKy4HrA8x9s6d/4i/Xl1ZsPQNy2Pdi2LP7md3C5ualTzY7ayVHcEnbbmrdEDCqJyVEu7vO50qAChkI5J8Ab/r89/FULSxJ6f+r6aemshVnpZ5a+BV9et8Z0xy3b6xWl886iUmfrVbjXwbryPlgPpxctfr+a/XKY38sLONf+yGmdRfox5AdCW7a3No4JZUKCgqVCs2TIBVcQ6CYBKxZmk3d/BKQwhcTyh2aM9DcbvfLLaGsn3FDtZT8oJuefK282QifxuRWRtU4ceK+Fy214P/+yaiCe9uXlh4IXMewtznRlSMomt112ew0dp+t7oZMNCCcQwACiRBATCSCPWNOb3zhQGaCnjt29TM62C391Oc51O856+me0b09yuUzTy7OLb7RjMvRbD1b2u7A7KzN/fOy/91mnjQEIACBCQhEWjS6T8tIw8Z4lAROnjzrX3egHd36hpf/p15l5vHUU199WZTEPbu3N3bWfyltgTu/yDkn54PCQEnlXIewtbVWMuNVevHyUsh6/T2f9fIkIAABCKSEAGIiJR2RpjAWStYtZjxPPvm7HzXzWUgPu71x0rj16f9Q3x/V6v3Xa+UVJbQoMGPRp5FUs7s21JelVM8sK/q3/YtAngwEIJAuAgWNZugHWEFZ0GyXgDPcuWnWoRGQdmluyLUXqtVtjHwfbm5tLOoAlH7eeGghUr5jNSgwbuzhFQIQgEBiBEZ+iCUWEY6TJyD9EPQoph9+ntQsBAyw2ozd7/WbndFCQhfZQxWz9gAAEABJREFUfegygdty5+bV3O4OXiBQXAK0PGUEEBMp65B0hOMPekr1udcvok5pb18a93bTVwdCn3Qx4qiVV8f+dk+jGkkIQAACkRBATESCNbtG63ec3TGjv3r97T9m5knPQmD6SZ5OZ70khF9fSsV7d5auoO54BCgFgTEJ8IE0JqjCFJu3nHP0XnOfe+7n/oOXKV7Cn6JJQduVXlIQBiFAAAIQOEAAMXEAScE3KJGqATRfvTErWt6u+ToevNaQgEDmCfDplPkuDLkBwfFOhWwdcxCAAAQgkEMCiIkcdupsTfLVhFKCiy9ng0ntNBEgFghAIDICiInI0GbP8P6LL3v2/Mez14o0RzzrRM+s9dPMhtggAIEsE0BMZLn3wo59oeRdfOkMW5cvfyl1X0UddpPjtefP+kzl17adbpmqaoyVcAUBCBSQAGKigJ0+ssnKv/hSCjWyGDuSIXDr7YNPm57vvPMHzpt50hCAAASSIoCYSIp8yv0qhZpIWxc9+eRv+j/ypYMb7Ow8rFc8IAABCCROADGReBekI4BTb77vZTOSq73XvmTmC5mWdvreH+aEUUmWCtkvNBoCEEgdgfR9WKYOUTECshcXv8ts6ZUrv/13zHwh01IaFzmYo3hyNJQRkX9SKrl48AwBCEDAIYCYcCjwdMYlY5hKx8CZdLeY143YSoYAZXYTupM8I/pUlM4mTQn/EIAABIRATHAUDCEQ/FGpIQXC3ZRaa9KLzLLldS8TUuLkyTNXJzfFV39MzowaEIBA1AQQE1ETzoD98lLwFyibnevvyEDYkYZYq93/j00Hx26zf9LMT5Oee7l02ay3YM17t+Ka2w9LK+P3vXypc1gN9kEAAhCIngBiInrGafEwMg5LBs7E63Jf+7Z+KfRD9q3AD5x9+9vr/25WIE+/drEszB/r0mqgXl7xTlvMap/6EIAABJIigJhIinyK/OoxTT/2AuKW0F0QSgZ/PXV3Ywgvze66857zBYQmX68sT3DuYoKiU8ZbqaxerFdW1MHnsqotnZ/i1MyUgVANAhDIDAHngy0zwWYi0MwFuXKf1AOaG3ZfyIGbTsu6XJ5ksA0nas3Eo6L1lT/4h2C+2WncFDQj5amllTEH6Wjfsvr0zv8pCbUajM/NSSEte9ERGYgKlwlrCEDAIRDtJ5PjgWeqCVQq8hEzwG53bd7MpyFdElLUyivR/0tuNNZUDwfOAhnlpkxeU1L1zLrKEmNePxEdhkrlnC3suR804xqVdkTFqaVzfz5qP9shAIFiEciqmChWL0XY2pLUw9iefXMA3duUmpWUQtZinKGQRssHUjSNbCjJVnt9QekpD9OY8x+/mR+eDv8tW6utPOH4LglLY/a96vCUnkWRzlMI+5q/50ZKWdZ31Wrnnr+R4xUCECgyAavIjaftmoChIPYPbnpvqh5SL3EIimr1A39mNrzTee1dZj6sdKvbOPD+qx95/US4MxPV6vnr0hYH7t5Rwlatzu71HbvNbXY2jjU7DakD7uxu2HuRtvWmev3803tZVhCAQEEJ6M+GQ1rOrlwTOH78vv9sNrA32Lli5tOT9hWP1hOyduSAO1vklt27K2jhG88F8+HlnAE6aE3KemVFLS2t9oPbw885wsxSduC0lnOzyUCo77Q6G0M/G57pNKp6R0BQiIF9+vTpe48JFghAoLAE9OdCYdte+IYvzs9/woXgDNfb218/4ebTtXai8yOSQko/F0FKymjt7wu5Z6sDYmXeUqVaJbrrROr6lJHUix+KEsoWqtVdl53O+tv87QdTrqAwe2XQu2XnYEm2QAACcRJI0hdiIkn6CfuWwu/+WEdPMdkipXUgvFqkF2T67mxhm2PmZIGPWXpra/34QPQe319cR+HOUhh32Ph9tr/8OPm3v/09n3BmPkRASAhhS+v11tbB0y6jbDqCQp8e8djoWEW9tro1qjzbIQCBfBOY7ZMp32xoXZoJSCGjCK9SOfdl025/56ZLZj6qdKdz6V3NTkMKJb0B2vU1bylLiyd16tQH/68e9t3NE6/L5ZWf3Hn1tl8wKzrOerb9zXZ77RZz+zjppiM+HANuYds+effd33/WzbKGQD4J0KphBBATw6iwLTUElpbO/eKwYBwlUVs6F+7ViNpRScjzeuU9Lr/wcKyDY7O7Zl29Puh6AewlpG6w6vcelENmafaKHLmak+JfBwsp0dICZmtr428Ft4+fsy35a35pKXo7xzb8PCkIQKAoBBATRenpjLZzTsqPjwpdWgdPf4wqO/Z2JfSwPXbpSAo+e+UrFWeWQgmhH+G4cK6RMC1pw6rZWZ+5rXpG40Hb1ic8XOPaYr18/gU3yxoC0xKgXrYIICay1V+Fj9bu2d71A0ovoQPRg6Fr07ajv17C9TVs3eo0rIG4fk0oPfQPK6C3Odc/DH0urXicauWztpDSb5m259jW1UN5tLfWSgHZI+3bQzGMEQhAIDMEEBOZ6SoCdQi0n92Y66vSmi3Vs62u/z0Izr5Zn9XqA18Xwhhz+3O/LRJeOp3fPNbsrsvXri4+OlpSHAxSWWL3vX36xLmulCW/UbqoY0+vQn3YVul3XYOTxOnWYZ0UAfxCIBwCux844ZjCCgTiIdDtXjjfbq+HfhurZffuNVvQuXLxfWY+yfTzzz/8N/RsglRqvNkSqaczTpw4c8tgzloy4+4r65tmPqx0u33hb7q2HOVSry8/5eZZQwAC+SeAmMh/H2e8hc7QFE8T9H/UnjOdjsfpjF6UVarYsvRWOVd6p/NUlrxfnwk62+ysWwtz8694DXL89EWv27049cWWjonDnz41uy9PH162WHtpLQTyTgAxkfcepn1jE5BSemWlLWwvk+JEq3Whq2cF/mxz88IfOs9Wa+3S1tZXHqlWV5/RrdGPG8ErJVRzu7FwIxfNq62k962dllSe72i8YRUCEEgTAcREmnoj5liMsTNmz+O7i2tEqlbPB37Iqi+vvXf8KOMsOd5b1lLqlBlVa8jvgJj7w0hbQr7u24mr53yPQpCGAASSImAl5Ri/yRPwJ6WTj2VUBNLuXw/u+6HvDebDyVlqEPiNim73q78TjuX4rVRPrnp3cjjelSVeEnEsMnBPRxwe8QEBCKSEAGIiJR2RRBj6f0f9cD2rVGqLzcuPBH5Aql5+5VtuxOGu/XkapZdwbYdnbZzQrJLtv691r7ZajVBv1RzVGqnPDY3ax3YIQCDfBPwPnXy3k9YdScDQFUeWjbuAHhFdl1KURMhL7cTqo6bJni0iEiyml+nSwe/pMrjsmatVnG8F9fvyum39zN4uVhCAAAQiI4CYiAxttgz3lQxMjacren9w1MOnnwkpSDk3+OumqcuX1wN5c1986ZGejPZLjSNYTgpjhkUodfnyxR8LliAHAQhAIHwCiInwmWbC4vHj59pmoKdOPe99T4C5PRVp41y81AHdubT6hF6F8qjX7/+8uPH9Trv2lB6AdxMZeNl/YqpWXraFkMJdTpZv+qibjmOtFB8ncXDGBwTSSIB3fxp7JYaYjpVKgS8zevTRR1M7tS/7yrvl0EEzkOodzjqMpxhY/9S0c/X6wifNfJrTqt/X4sGN8KHvk3pxc7ZWRY899utfcPNxrPU0SS8OP/iAAATSR8BKX0hEFAcBKW3vX1g9CMThcmofm5fXF3SM+rFnQkdeK68YA+ne9glXB2clhLpy5Us/P6GZGIt/LDB7ZM/Nf9V1Xl166ffdtHNPxVJl8R94+fgSfh/F5xNPEIBACgggJlLQCYmEYEk9JN/w7CVuZCN4nd1kq9PQx6ofqY7ez0xr/sCsxE2fndZUHPWWlp4P/FZIt7t29obfj7zbsvwvibL1qZrHHnv4l27s4xUCEIBA9AT0B3T0TvCQbgJKL+mO8EZ0at/pjnrFuUbgxr5JXw/OSig9K/Frqb5YcV6YFyX4kwDVpRceFca1Eu2QfwBNjLlYQp9cGbMsxSAAgXwRQEzkqD+nbcpAOBPj09aOr15ruzHvD6GOXz0/4aymeQ7mAtdKvLaz+OvTmImzjpYS3myM8sTDvlmJBIWhLSwvvji54AsCEEieAGIi+T5IIIKPvNt0qtTV0O6OMO1GkrbEtml3mtmJ/XWc8feFF37jQdNuGtPmSC33ZgHqlecCsxJLlXjv4DA5SSWVmScNAQgUhwBiYuK+zn6FkyevfNNsxdbW1/+KmU9zutVqnNTxGYOWlPWTH3hVbxvrUamce02I4IxGq7tujtMijcvS0tmWGdfr1256SoiHvk8YswH6JIOK+w4OMyYlReD3Tcx9pCEAgXwTQEzku3+Htq5UsjLd7z174Z8HGlYa3BLIH5IpCetmc7ctxXfMfFrT89KqmLE999zDb6lXjDs49M52DD/mpd2MfFhiMPMdNiONswMCEEg1ASut0RFXdASMC/+jcxKh5a2t3/i8EsGvbKpXVozZiuHOD5ZRdrvdeNvw0inbKqUcEpG3zZmVGLKfTRCAAARiIYCYiAUzTsIm0OqsHzh2HbFQL58fOtVeL58dBGJQtmh21kP/nY+Aj4gyA2Xb1d1vu/QdlKuLP+znkknZximXZCLAKwQgkBABceADOalA8AuBiQmUZOArwXfrS3thV1TomQpzLWQpcKw3uxvef/W79VL8Uq2sBoRQf/DnP25J6cXvzEp861sP//fkm6CSD4EIIACBRAgEPmATiQCnEJiSQLO5VhsI+8cnvbG1Z4tXpnSZSDVLKU84OAEslN7w087afSZ9rYQbh7Xv1JO7nTUEIBASgRSbQUykuHMI7WgCnc7GTze7DdlXe/dKHllFqa2txm1HFktTASmkG47Si5DSy+vxm+kAFw5rCEAgMQKIicTQ4zhMAt1uo9TqNGTzyOfBay3CjCNsW3fcsfqL+236SkKIgez/wf79SeWV4uMkKfb4DZUAxqYgwLt/CmhUgUBcBBZL6uOmL6kXN6/0nESnc+ldbj7xtTV4zYhBR2fkSEIAArkmgJjIdfeOatzBz/m77z5Tq1dWlXnR4qh0bd+dBKO8sD0EAnL0VzfoMx79EDyEZkKJ0sEDKzTrGModARqUKwKIiVx15/SN2dmZ2xRjXsmo/zmWtRl+ZGv6KAtYc9SpAz1st7fW5wtIhCZDAAIpJICYSGGnJBGSUv3/PYlfKaRkhmISYlOWHTUzIZ2THFPajKiaHPca2Ij8Y3YoATZCIBYCiIlYMKffydbWpYeu9XsnlCXvd54DYX2/nCu903wKW/8ZTXFmKJxTIcYmkrEQUM4XbqXuvStV8PiIBQVOIACBVBBI3QdSKqgUNIjt7UvPtlprl5xnp3Px65ubF/7QfDa3GiX9/7CeYC8ooJQ021Zjno+KO14pXjRcFus4MRpOEgJFJICYKGKvz9RmxoiZ8E1cOfgWlf1+r91N5+2ttlKX3Obpo2TbTbOGAATyTyD4SZX/9tLCGQjUyqsD59TGDCaoOiEBuXfNhFLWTrPTkJvbjyxMaCK24qX5nc8JKZ7QDkxngnYAAAQXSURBVF+SQvyIXof9wB4EIJBSAoiJlHZMkmHVK8t2fd9vWzh5KRXHS8wdI/tzdzsiotW9eHPMrid298wz37jabDfu0fHerp9fnNgAFSAAgcwSYHDIbNeFH/jS0vuvOaJBCKn/sRRHL7Yc6EFjvLJHW6PEEAKb2xefHrI52k1YhwAEIDAhAcTEhMDyWrxaPfN789bCWFPotq12RURza20urzxoFwQgAAEIjE8AMTE+q9yWdGYjLDX/7v0N7NnSdmYe9j/bW+uIiP2wJs9TAwIQgEBuCCAmctOV4TXEuf3TERBbW2ul8KxiCQIQgAAE8koAMZHXnj20XaMvc9CnMFSr28jPcXEoB3ZCAAIQgEAYBBg0wqCYMRuOWHBmHoY99SkMjomM9SfhQgACEEiaAANH0j2QD/+0AgIQgAAECkwAMVHgzqfpEIAABCAAgTAIICbCoBiXDfxAAAIQgAAEUkgAMZHCTiEkCEAAAhCAQJYIICYO9hZbIAABCEAAAhCYgABiYgJYFIUABCAAAQhA4CCB5MTEwVjYAgEIQAACEIBABgkgJjLYaYQMAQhAAAIQiJPAUb4QE0cRYj8EIAABCEAAAocSQEwcioedEIAABCAAgbgIZNcPYiK7fUfkEIAABCAAgVQQQEykohsIAgIQgAAE4iKAn/AJICbCZ4pFCEAAAhCAQKEIICYK1d00FgIQgEBcBPBTJAKIiSL1Nm2FAAQgAAEIREAAMREBVExCAAIQiIsAfiCQBgKIiTT0AjFAAAIQgAAEMkwAMZHhziN0CEAgLgL4gQAEDiOAmDiMDvsgAAEIQAACEDiSAGLiSEQUgAAE4iKAHwhAIJsEEBPZ7DeihgAEIAABCKSGAGIiNV1BIBCIiwB+IAABCIRLADERLk+sQQACEIAABApHADFRuC6nwXERwA8EIACBohBATBSlp2knBCAAAQhAICICiImIwGI2LgL4gQAEIACBpAkgJpLuAfxDAAIQgAAEMk4AMZHxDowrfPxAAAIQgAAERhFATIwiw3YIQAACEIAABMYigJgYC1NchfADAQhAAAIQyB4BxET2+oyIIQABCEAAAqkiUEgxkaoeIBgIQAACEIBAxgkgJjLegYQPAQhAAAIQSJpAhGIi6abhHwIQgAAEIACBOAggJuKgjA8IQAACEIBAmgnMGBtiYkaAVIcABCAAAQgUnQBiouhHAO2HAAQgAIG4COTWD2Iit11LwyAAAQhAAALxEEBMxMMZLxCAAAQgEBcB/MROADERO3IcQgACEIAABPJFADGRr/6kNRCAAATiIoAfCHgEEBMeChIQgAAEIAABCExDADExDTXqQAACEIiLAH4gkAECiIkMdBIhQgACEIAABNJMADGR5t4hNghAIC4C+IEABGYg8BcAAAD//xKPt08AAAAGSURBVAMAnSEKA6Mhx/AAAAAASUVORK5CYII=', '2026-07-01 14:18:42', NULL, NULL, '2026-07-01 07:09:48'),
(17, 1, 24, 27, 'joint', 1, 'pending', NULL, NULL, NULL, NULL, '2026-07-01 07:09:49');
INSERT INTO `assignments` (`id`, `period_id`, `evaluator_id`, `evaluatee_id`, `evaluator_role`, `dept_id`, `evaluator_status`, `evaluator_signature`, `evaluator_signed_at`, `acknowledge_signature`, `acknowledge_signed_at`, `created_at`) VALUES
(18, 1, 3, 30, 'chairman', 1, 'completed', 'data:image/png;base64,iVBORw0KGgoAAAANSUhEUgAAAhMAAADFCAYAAADuW3A/AAAQAElEQVR4AeydC5QkV3nf71c9s7valXal1Uq709Vds5JWGCICHJngJBbOHiNpNd2zAo7j43AMiWwfjLFjCMdyTk5IYs4x5zjExybxK6DgEAJ+gR1AO92zEjghloORCFYQQRIgtDvdXT27GL13tY/putdfdXdV3ep59bNe/e/p6vrurVv3++7vTtf9963qakPgAQIgAAIgAAIgAAIjEICYGAEedgUBEAABEACB6Agk1xPERHL7BpGBAAiAAAiAQCoIQEykopsQJAiAAAiAQFQE4GdwAhATgzPDHiAAAiAAAiAAAhoBiAkNBkwQAAEQAIGoCMBPlghATGSpN9EWEAABEAABEIiBAMREDNDhEgRAAASiIgA/IBAFAYiJKCjDBwiAAAiAAAhkmADERIY7F00DARCIigD8gMB0E4CYmO7+R+tBAARAAARAYGQCEBMjI0QFIAACURGAHxAAgWQSgJhIZr8gKhAAARAAARBIDQGIidR0FQIFgagIwA8IgAAIDEYAYmIwXigNAiAAAiAAAiDQQwBiogcIkiAQFQH4AQEQAIGsEICYyEpPoh0gAAIgAAIgEBMBiImYwMNtVATgBwRAAARAYNIEICYmTRj1gwAIgAAIgEDGCUBMZLyDo2oe/IAACIAACEwvAYiJ6e17tBwEQAAEQAAExkIAYmIsGKOqBH5AAARAAARAIHkEICaS1yeICARAAARAAARSRQBiYoPuQhYIgAAIgAAIgED/BCAm+meFkiAAAiAAAiAAAhsQiFFMbBANskAABEAABEAABFJHAGIidV2GgJNEwDQXH7LMsvKXQvlikuJDLCAAAiAwFgLbVAIxsQ0gbAaBrQgQqX2h7Yp2htJIgAAIgMAUEICYmIJORhOjI6CEEpZVvjE6j/AEAiCQIQKpbQrERGq7DoEnkQBxUNKh9/AKTxAAARCYGgIQE1PT1WhoVARIqKNR+YIfEACBIQhgl7ETgJgYO1JUOE0ESIr8+vbSzevzkAMCIAAC2SUAMZHdvkXLoiBAYv96N/KK9XnIAYGpI4AGTxEBiIkp6mw0dRIElHuZRE/FtEFeTxEkQQAEQCBDBCAmMtSZaEq0BHbtut0iQdE6hTcQ6CWANAgkgADERAI6ASGkk8CBAzu/slHkrry47rofw3UTG8FBHgiAQCYJQExkslvRqKgJuAKCfSpe2s/Z2Zff2DbwkhUCaAcIgMAWBCAmtoCDTSAwEAGlHK+8YeRu9WysQQAEQCDrBCAmst7DaF8kBKTrhYzL7spdSEqc5nBBDLqgPAiAQCoJQEykstsQdCIJKKW9n6iQyBgRFAiAAAhMgIB28JtA7agSBKaJgOFfMiEEiWtFch+IDARAAATGSgBiYqw4Udk0E1CKalr7r9RsmCAAAiCQaQIQE5nuXjRusgRoR6h+RY/6aSV2Cj8BAwRAAASyTQBiItv9i9ZFSECS8u87QUJciNA1XIEACIBArAQgJmLFD+djIJDMKkj4XxNNZoCICgRAAATGRwBiYnwsURMIgAAIgAAITCUBiImp7PYhGo1dQAAEQAAEQGATAhATm4BBNghsT0DNbl8GJUAABEAg+wQgJpLVx4gGBEAABEAABFJHAGIidV2GgEEABEAABEAgWQSmU0wkqw8QDQiAAAiAAAikmgDERKq7D8EniYBtV/6jEHROCKH475O8xhMEQAAEpoLAJMXEVABEI0FAJ1Czl66q2RWj1qy8R8+HDQIgAAJZJgAxkeXeRdtAIGME5guLny2a5e+ZZukVGWsamgMCMRMYzT3ExGj8sDcIgEBEBAqFxaNKqbeQENcZgj4akVu4AQEQ6IOA0UcZFAEBEACBpBHYnbSAEA8I9EMgq2UgJrLas2gXCGSMAM9KvM5rEs9O4DSHBwNrEEgAAYiJBHQCQkgnAaXETDojR9QgkHUCaF/UBCAmoiaeYH/FubK0zLKaxFLMl1RxruQkuPkIDQRAAARAYEgCEBNDgsvkbiQn1iwiEmSQ0RYq+YXJOZpYC1BxoggogWNXAjoEIYCARwBvSI8E1tERYFXRERU8E2Ld8e3oHMNTmgkQ0REvfiUELsD0YGANAgkgADGRgE5Iagg1u0LjWJRy+Ni/QSt5skI4O24uYqZiAzjIAgGPANYgkHwCEBPJ76PUR1hvnjRcUZJ7QX5LKLVOWFB7pqIkU99QNAAEQAAEppQAxMSUdnxvs/fuvf1JwYN6b/4406fOLb+y1qwaG4sKosIcBMU4eWe6LndWa8wNRHUgAALDE4CYGJ5dpvbcd+XsK0hrkdxgBkHbPJLpiQoh+U+ryTCIivn0CApD0k4tfJgTJpAT4tWBC4VjVwADFgjETgBvyNi7ICkBBP8K7k9eNngGYdKR1VYrOZYTodMbxA/TTMm3PQzF41uHEq07edPJx2svgRHSUr7K25t1Z8uzsQYBEIifQDCCxB8LIoiNwLHXEgkK3Ec3NLqCYk2Gv5OaEwYV58ohkRHEliQrUBCK1l8LkqRIJxmLZZY/HsmPbxl0jd8OqZ7zbRggAAKxEzBijwABxE7AMmce1YMozr90VE9P2l5dXdpghkIXN5OOYLj6SQ/RkC8OV8tk9oqqVhYSp9jXPSQm/+NbSqpZ9tV5GsY3OwZeQQAEkkAAYiIJvRBjDNaeO55h9zwW8Cs/FT++/OW/+As2I326MxShUx4cUT5//FykQQzg7Ia58sN68d27L/2sns66fcMNi28o5EtPcDsP89J+cpf9UduY1Auxh27d1HI+0zWxAgEQSAABiIkEdEJcIezbt/iEunrHft1/PYJrJXR/ut0WFCI4dZAjZ7e+PUm2YxivFyKI6Fvf+l+fDlLZtYr50h/ybITjXFYPG0SvDFqqLtbsyn1BeryWdbD0Hr3G02eW/7Oehg0CIBAvAYiJePnH6n3vHucHgs96Qij3ystYI2LnUlMTSvsoypuS9FRCBu+dQP8kKcSxxlIsvvlYsVB+iYjexhUHbeeE+1SCJvu7K7MUzPzwP6rrEwsIgEByCKw7KCQnNEQySQLF/IKknvtK1JuV2P8flHbtJ3WVziQ5DFt3KDSlCaBhK0zwfofzi98Wcu0kd82VepiK9Senm5LUe+t2JbSN88f7lMo/nSKIUnBx7nibj9pAIOkEYh88kg4oi/FtJCSS2U6VzLB6onIMcbknK/XJGw+Vf76YL3+/mC9JFgs3kyC/Tdwr/BR/zQLCvbOp2WhUf8vfOCmDjCu8qhWJC56NNQiAQDIIQEwkox8iicIVEXy+W1HPjETHOV77JVAslr6hl1Vqxyf1dFrtfL70ZhYPq8V8WbZy4nd5Zuha4ofeHp45Wu2KiB/U8yduq+C0kpKiPnF/E3JgmYvfKZqLTj6/cOeEXKBaEIiFAMRELNiT57RmV4KPnskLL1ERkTRu8QJyP6I3m599p5dO29qyFo5bhfIzxXxJzRB9jrXDISJBve3gjEuOcO6pN6r53m2RpDkozw8Lmqpnp2ltmeUXhVBHSChjhow/SVPsiBUEtiMAMbEdoTFvj7e6jbs7SUKChBaj4iFMJPGhBeaqiSSGuEVMllX+8fnC4rOugBCOcb9QYj/RetbKvRaE1AuSjA+t2JVdtn3yE1tUO7FN1qHyv9Mrt+3qL+npNNhWofQIx3kVL50niaWOgVcQyAYB7cidjQahFZsT6B0vXBHhLpvvEf0WhygYntePb9EH1OOxULjjvXoWkWzp6aTahcLiTwYCQnxaKXUN0XrALCCE6AoI94LcWqN6daNx4l+JGB/KkO/y3bcD9FOpMCyz9KBQ9Pf8YJV6staovMNPwwCBDBDIqJjIQM+MsQlW8a4vWGbZHaTXjx5j9DOOqmx7yf+9C7e+a68t/am7TspiqNkPB7EoUbOXg7syBhtitw7nF36vmF/8Gytfdor5sjKU+tRmAoKn3lk/qJclrd3HAoKSICB0gCRyh4T3IE1senkJXTP7/1003fcd3RGEyP8zzar/GyNBPiwQSDcBiIl0919/0Tu52/srmLxSu2forUmKij8YB4JMBWacMc7P3/Wr8+biGStfarnCwRWOkox387h7QJAwaF2Y5N5ThDfRS46gX6vZVVppVvc0Gg8GMwAiOQ9F+i+EqheTE9nGkVj58uNuHzDgH+lFL4VY3ngv5IJAugmMJCbS3fRpif7oDB/UQo1dk+TUEn3BpTuJ0g15RvYej7sb4lh9IE8UhKNyMrKBzTTvfF+hUP7OfKF8oTi3oIr5knIHLHdRrdy/UUIdFEQ5LbxNANHzNOPc685ArNhLe3km6F9vUjAR2YcPH38baZGQoz6mJRNlWoXSU25/CBIbzTy0SMlbG3a1lKigEQwIjIkAxMSYQCa1Giu/J3QPhJpt/vPV1aWZpMbbjotHxvaaX/hDqT6WcE58z+LcV2u693p9eZ+eHpdtWcfus8zSOVc08LotGnJi9jcNJY7wzMguMgxBRNu4Y0HWebYkyafW5O4FV0DW7KVrVlaWf2ObnROz2bncCsW6cmb53sQE1w1kvlD6ruWezlB0UzdLXzmGMl5VsyuzK83l0A/q6YVgg0AEBCbqwpho7ag8VgKFwtFnBfGfF0V7kL7vd71kUtc8BgahJegUuRKO9n4JRRnEO6C1kXAQzsw7haA9rmjgtej3wREp1hjPzkj1EffURa1ZoToPYo3G8s2rq5852W89SSpHIndQBA9uYpCI27LypSeLLCKUoht7Y+E8nv+TJRYRM6ebJ57s3Y40CGSNgHZwzFrT0B5D7rlGp8CDS0r6Wx8zSG9CvDbp14YOF5dl3fUpa67cviiy/Wl2IOHAapDRKF4YhPvFl+ckGVVj9vwVPGi5wsFYaVSufXq1+m7enomn4qmpoCHJuF6CRcRX231HFPptm26czoxhvKHeXMrxLAquj+hCmarVlDY2JYPLlPbOCM0uzpUcbU7CrakzBLkWliEJ6Aj7FxNWfuEZHoDapyuEk/tJYYgNLorUQ3L9uItwL5RsGYKevNRau7JmV6nuzjbwwuJhZqVR3d9onCifPv2li/reWbHn59/yYzrluK+XyOfv/mmeiWgJotf3MmaB16KWcaPbL0/XT3y1dzvSIJB1AkbWGziN7bvm6jeeIINCfcsHuVA60VxUMkNlpP7YJpXsjPYbgDTNYx/kT64tXjoCgoz9PABtUJKzurXwSglFL69J+jNXNHQWPk3RrMyetpdedfbsg+e59FQ95dpl7Wu4QvAn/diulzicL7+Qo9bv8z9ATu8E7jd5NQs9FnmzK2dPnNK3wZ4oAVSeMALJPGonDFLawrlqz96yHjNPUbT0dOLtxP4oJA8dPjwSxTyfrjDLbcHgCQd3nRMz7+dioUGH0/7TrUVKakkSH+JTT8RCr32KotZc2rO6uvSP/YJTbrAc3ush4E/+nhnpulA49rBllhT31V4S5PtWgnuR5DN1u5J7bAqFng8CBgh0CUBMdEFka6X8ox4f8oRtLyXyxkrpY+7S7ERtpbyK6QAAEABJREFUkCAiPl0h+nsoKQXv8kxXOFBjdWm20ajEemfJ/iKPrxTz2ul7j+FINW+WLhtq5g2Ce05oD0Ootdmda+VaY/mAlp1NE60CgT4JxPAW7TMyFBuKQHFukWchyN/XoNaan0iJoQItlLCISQRyYrvQ3M+uSjnSqLYFxOoyrdhLGHy2w6ZtV4ICEay0DRM2zfzC/RbPOCndP/t0/y0NpU6etqs7nn76C6n8sTFuBp4gMBECEBMTwRpfpWSo0PT6SuOBHfFFM5xnw1DD7RjTXo6Qf+kKhvBS5VMXVcNePRE65RRTiOl0K/WLZza/RmWcjbMKpcs5Mo731sn/kefqjQqdblYXereNIY0qQCD1BCAmUt+FQQOK15RCN6gSIpoDcBDBmCxtDOGD+JgqHX81bmyugLDt5TeOv3bUyGcXgik2Rc4kiRQK7t0rSzydpM2GdB2SI3+jbleCX/zs5mMFAiAQEICYCFik3qLd4QNhzV5OZ/+SO6Hc6Q7Fj46VgNdgaEtAMNMQgivXuu0kGv10XbcqfWWax/5rsVBWhqKbBKsXoT3Y+3lXLMb5LRItHJggkGgC6RxsEo00nuAKB+5o9XjmY2FPThqTMhkj+E37F359gAsm0kg62TEr8fI4AzxyZGGne++PnMj9FG3wTjGc1kfqduXKcfpEXSCQZQJGlhs3TW0zdu4IXSvBn6hel9r2BxMTQhrJOFXj7FDrzqOnlu9kAx9f7dogrwz53LgqLuZLly5fMC4KcoWqu3Rq7rp7md87dPrMA5m5i2indXgFgckSgJiYLN9Iarfy5dD5ZOneN1GIxyJxPgknwfFdOM6OsX4iHTZcKWYKw+6L/YYk0B7sO/sS0cg3hLohf9dD8/my4rrWXZSslJA8E+He82NPxyNeQQAEBiEAMTEIraSWJRHqx4ZdDaVFuh5zerhnz8p79HRctiS52/Wt6Rzh2pZ118fd/MiXKXNIZDw6SpPnC8cvO2TcptxO66mopZyP1ZuV0MxeTxEkQQAEtiGQ5kFnm6ZNx+ZCviT1lpKSLT2dNnv+2uN/HY75xJ+F0/GkDP44u5Fn2aJ/tlE+8sZLQCm1NEyNr3nNO17dvmeEkrNChJUEd+kp95RGs3nynQIPEACBkQhATIyEL96dr7/+TS/1DnIrzWU+aMYb1yje5eza9d7+3XPYXjKOte9T/0TLU+J+aIbIhUcofw8YoxA4ct1C6Lbi9XrloUHrmzdLzeefefYb4f0UnwRUl2t2hVYaSzeGtyEFAiAwLAGIiWHJJWC/XbM7w+d3c+LFBIQ1UghEhj84+8ZINY5l5yAoro6kvMirzpOUKBTu/p+dBF7HRUDO5o6OUlfRLDtKUOiUGc9uCEnOUr1ZDW7TPYoT7AsCIOATgJjwUaTRoNB4W6tV9qWxFUIPmgR5Sf4M6Zmxrq1Dx8/pAdTOLLevn/DyDOmMNPB59WAdEOC+f02Q6t+64brjH7PMkjuRpB3buDalJIsIajQewLdy+seJkiDQNwHtDdf3PiiYSAI8+Z7IuAYMStNHSibjzg7ScHb5rehKHcnjk5bXzfVzYIxIYM0QRwatoji3cM7Z4fyMCPSoe0pDkKO+wkIiJ/AAARCYGAGIiYmhjbhiR4YuxNzAe+qyHKEmctfDQUGQCBSOJ9kUyScHrQfl+ydgSPJvGKXrts1qsPIlSYbBp/3IL8L7KRYRtHJm+R/4mTBAAAQmQgBiYiJYJ1+pNbcYGmhrZ07OTN7rZD0UrzseuqfE6upyIs5tB1JCCOIRSvBjx449/4JX/tM073y/n4AxMgEylH8vCBK0ZX1WvqwEkVaIhEFytZ7ur0gLPEAgTQQgJsbdW1HVZ8jUi4deVCong9MJvRtjSufzCw/orqUx+3k3ferUnz7orr2FxMy7PBvr0Qkoqfr6/7ZMV0gE/tyZo2sO7L/1dGM5H+TCAgEQmDQBiIlJE55A/cV8mU9paB/ElHsInYCjiKs0DOV77E4A+Om4jBkSdwS+lWg0PvdWLx1EK0SO6JCXj/XoBJT2rR6ds15zW0hoGe7boN6s0Ne//t9HusGVViVMEACBPgmkVUz02bzsFSvOlRye0CW9ZbVmNRv9SIK8dlFCLr4ULBO8mIQi32wb2ignHfemSO1cvIyBACnl/0+TEiyeg0rn84sv9QoJwX3hXh8RlIIFAiAQJQH/DRulU/gajsDeva99hD+whfqMyLkwXG0J3EsfrEny8JCEGINxTLoffbWQyHCHsG4GK7yuhdU4CLCC8Krhf4v2/8INN9z+QStfUoqUf3GmW0bx1hrPSLg2FhAAgXgIhAamdSEgI1EE9l1lvj4ckFQrjZOhex6Et6cspX3wv+Kc+GLc0Zvm4iURTJaInRfFfUJ7kFC8vZNBpAXfycLrCARcgaDt7hTNBelc3vl+0cOZdYSoQ0hoqGCCQDwEICbi4T6UV1LhI2nNXs5M/xWvX7isQ/nWiyeP6ek47Fz79xw6nt1Jie8+V/25TqrzuiblpzpW5/Xw3OKvdSy8jkqAqCvOWC2wtYNE6Cakwn1wn6zV7QpvdlNYQAAE4iSQmcEoTojR+P7AK0T4sMmH2Wg8R+GFZkVw9X5SWkbkE1eCVC+HpvsDUdpHaMeQ7+stg/SQBDzafg9o9UihavbumXqz6n99VNsKEwRAIAYCEBMxQB/GpWk+ErpJkiT50jD1JHUfFfrkqY3QMQU8P39X+NdLDRWaOfHD0gY7Nnf6+TBGIqAYZviyS8FaWglH5L5cW63wceszjsADBGIhAKcbEeA35UbZyEsagZwWkPuhrdFYTv/vcHTbNDe3cMEdO7pJcVnSE54d11q1jNfpvhuN6ob3wFCG8UxQTm9FkAtrcALuPFDwfY7O/nv27dlp2/f/cCeFVxAAgSQRMJIUDGLZikAw5c5Dlqsntiqcqm2zZGgDtRJnzlRuSUADGHM3ii1oS3nhnm6p9qpolh5rG3gZioBlLqpi90ZUQQcIofjx+OOf2Xh2aChP2CnpBBBfughATKSgv0zz6AU9TKncz216Tnrt22770Xfw/LXfAOnE3zbLOv64EPpbQ0k/wB7Dtv98ST8pQ4KSIIR6okxH0jTLF1k26P8O7cAltX6xnpV7qbRbhBcQyB4B/YiZvdZlpEWG2uOfi3c/JDeaS/pZj1S3cuXpXZ/QG9A4454P13Oit5XjvNId1NqeSYhas7olby4SiA0VUiHtKvAyGoFG44HfGa0G7L05AWwBgfEQgJgYD8eJ1sInOHi86riI/3N7J45xvept47nscVU7Uj0kOCqvBqndmMrL61mTQaf9LBJi/tAdJT8NAwRAAASmgADERNo6mfRJ9bQFvz5eJXj07Wb33mGymx3pqlBY+J7ukHH7N6bS83V7pbF0k55WuZ1/oKdh90eAaO2X+yuZvlKIGASyTgBiIuE9PH9ogc8jB0HSmnoxSKXbsqzyQ4GUEGLffueX4m6RIemAHsPKavUKPb25rfxNSqir/QSMvgk0Gg/+NrPTyrv/HUpLwwQBEEgqAYiJpPZMNy6Vo9CNeVa+t5ydgaolg6/58ZjxzW8++OFus+NbEbkjWNu/DI9s7bzNXog/VnvbeDbDM7EekACfxuP/BG8n1xzkEOXthzUIgEDUBPBOjZr4wP7IH9y2P3s/cOWx7qBE0DZF8beucKgsPSCKjR27Lv0hr/p7Xjb+xC/IzSrmFxt+GkbfBAyiWriw2xPhHKRAAASSRwBiInl9smlEMkMfeefny18k0nQSqdjv6GnkWNJ06fMnZPH00198eze57WrleyfeoV/NQqTMbXdKaYFJhn3arhzulQ9WfvH8JH2ibhAAgdEJQEyMznBiNcwfdH+1Mqj+3Hn9botBfhottSbepMfdaFT36emo7fn5Y08IEYgbh2ToWhXR30O7G6YQc3Ol9/W3G0rpBFwhp6eVkNn5ZVy9YbBBIEMEICYi7sxivvw/LLP81Hy+/A+3c61mVOh6ieefX7puu33SsN06dPy8Nm4LxY+443bWcj/gxeDOMNj2cp8XXnp7CfensA8IrWGzhhjhV0TFVD6uvvrw1R2EgbAjIlEoHPuXAg8QAIHEEoCYiLBrDhcWj/Jx8a3s8iYp6Bd4vemzOFduhTb2cb+DUPkkJ3LhT5pJuLshn6sPRi+WN0PjU0r/AaqdQ9czpTvu2fPqv+o03T3ZEXRJTsx8sJOPVxAAgSQSgJiIsFekkld67shQr/HsjdZkiJyeX1udf7eeTqvNMzNSj501Ulg06RsjsF0X8/mSFpPiGYbq0O8LlaM/d+vsLCSKxcX/27Hx2g+BnFBHgnJBt0ipZoN8WCAAAkkjMPRBM2kNSUU8yvg7fpxKvNoqlF8wzcXQtQPudisffKvATfMhlZ+/91HXTvNy89V3/z7PzFDQBiUadjXWQSKfX3AUkR/TIF8HDdoRWPX60jH3NImXQ4661bOx3p6AEmrGL+VOTnQTRCRM8873dZNYgQAIJIyAkbB4Mh0OzYqHhBLBJ3El9vInsS9aZlnpC58z9gc3F0jDroRmKdy8dC1C3HTTj9x7aY/z03rcuR07TujpqG2X+QwZ/ntAMfVGc/hZCS9+w5DnPLvTl0cP+WkYWxNwO6FbQgnjsmCAovuYoR3/vmtiBQIgkDAC/oE0YXFlMpyVlaW/kkbrII9ZXx+kgTxTcWaQ8kkse/niVb+uxyWlUKdOfe5uPS9KOx86tdHxzLMSY7k3xBVX7ghdXGuZVzzZ8YDX7QjwBIRfhKT6f0o4/vyEUjJ0QbJfEAYIgEDsBCAmIu6CRuOBZ1fsyuvY7bt48Q+UbG/+JHHQ/RRdNBdDXz3s3SGp6aJZliygtPCUaqxWYv7fy12vBeRecqlsu1LU84a1n3zy899Q/PD2V8rY59lYb07ANBfer2+tnan8EEnjiSCPxHyh9EKQhgUCIJAUAjEf0JOCIfo4anblPl4MXkhftoqEhNpvmZ1TIkWzpHiRvFyYN8unrEMLf7zVvnFtKxSOn2chwc9uBDzI1uzRTyV0axt61Wye+L7LXRk5s6WM6+rN8YobSfSoF5zb+Pnryz/vpbHemACREXz9syuza6uVW/jUoL+DUmKvn4ABAiCQGAIQEwN3RaQ7KD6QBuffNdck2n88K0y7+Lh7WOSMn/CEhuUKjXx5zbLu/g/aLjGYP3oTqfDXQGvN6p4YAtnUZb1+f9MVFpsWGHIDz3L8oL8rsZXDPSeYQt9P7dIJwe+Bx4MdScybpcz82F3QLlggkG4CEBOJ6r9fuU0Pp6VI1pqVq9qfoAU9p2/b2ibBKmNGOM4vW+5MRr7Umj9418e23mf8Wy1z13dIq9YROfc0zQUtK9OmkrLlNVCR2uvZWA9GYN3shBBXDVYDSoMACEyaQGLFxKQbnsT6LfORL+lx7dt3yT+HXLeX9rui4rLj/BQpVSFS3+UZifM8deHeJInNzp6+0Ul2Xolyaib3M66wKJqLzuGDd/1RZ8OkXz5AsagAAAmfSURBVFnSeC749IZt33/AS07DWuXoy347GYV16C0f8NMwBiOgRHh2ooBrJwYDiNIgMFkCEBOT5TtQ7UoFX1N0d3ziiS98yF3ry5kzJ//bSrO6uNKoHqnblSvrdnWmZlf8ay84j4ctuaLvo9sklCFncv/E4hmL4gSERaFw5yetfLn9VVfdr0Pq23p6GuxGo/qPQu001u4NpZHom8C62QlcO9E3OxQEgQgICIiJKCj36YNVgH5WoM+91hdbsZcPs8BoX9hJoj9hYbG4GMdiqNm3i55WuLMltr38yvWRZj+HhFrzW0lij2kufsJPwxiMwPrZiecHqwClQQAEJkUAYmJSZAest3jwrvP6LkqS1NPD2iFhQWpVuCP7sJUNvZ+KxevQ4Y5xR4dmPq1XlxPqn+ppFnAf5+XUYbPkfl1Y3wS7h8AGsxP4ym0PIyQzTiDBzYOYSEjn0Exutx5KfXVp7He95FMj+Vqz0p6xkCSeUq6ymNwwr9zZkZxUh+sJ+CqozjZKu9G4/+2kZOhmWFahfNmNoVBYPMrre3g57Aj6MK/x3IaAkuqxoAiJ+XzpbJCGBQIgEBcBiIm4yGt+i713Y1ST/yTfaFRu5kGePHFRszsiY9R1S81YktTf53ra/1unVqubXr+hIci0udJcLvKZn7aAaDdUiVkWFHbbxotPgP/rZ/zEJkb9TPW1rgb2NisSoZuPeflYg8AIBLDrEATaB/wh9sMuYyPws79A/AiqU6LWjP+mTkE8g1nN5ufrjUb14cH2yn7pFbuyk1sZzAMpkefB070LKme7T5Wo+2+4ESV2UfTVIDbMTgQsYIFAfAQgJuJj3/Zsmo3fbhvdF9Uaz7US3eqwShKBnPhV977dXkg5JX/Cs0mJ6zwb660J1FaX3hCenSDMTmyNLJlbEVWmCEBMxNydRvBZtR1J/Wxl7NdKtCvGS+wEarXKr5AjP+gHQsRnP7opoke6Flb9EFDi/+jFLPN4U0/DBgEQiJYAxES0vNd5u3D5JX8QUfxYVwAZmSKwcvbkv2X9+Je9jVJG63d685DenEBttXKbEPosnpwTeGxEAHkgEAkBiIlIMG/u5Pvff8i9WJE6PzaV3mslNm8htvQSqNuVNwpB/m+uuPeiqNcfeEhM+SMn1K6BEOTov+jlLbP8N3oaNgiAQHQEICaiY72lp0n82NSWDrExVgKOoDs4AJ6kEEIqof3MNudO7ZP841Fw/mdzGLXaiZ8TilpeCYYZ3+3avSCwBoEpJeC/eae0/Wg2CMRCwLZPfIUE/abrnN+E97nr6V6Ohr4WymLrpX54SEP6tygn3sEqlHFXTOaAJwhETYCPY1G7hD8QAAGXwIq9dK8i9diBubNTLyasuStecJl4i20v7fVsbb3ObDSq/4lI+PfwUErtM827f3xdQWSAAAhMlADExETxonIQ2JpAvfHyD33ta18Lfr9j6+LZ3UrG7mEb54jcLXyKo707CRI5cj4l8AABEIiUAMREpLjhDAR6CXzpYm9O7Ok4AqDAKc8utILU9lajcf9TvPt3/ZJK7LDypS/4aRggAAITJwAxMXHEcAACILAVAT4tcUbfntth/KKe7seu2ZUjXM6boBCC6E0CDxAAgcgIQExEhhqOQCBEAIkugZxq+Xew5FkJcfr00ke6mwZaGYpOaDvQ4fxiSKRo22CCAAiMmQDExJiBojoQAIEBCRDxWYrOPkQUzC50svp+Pd1cejOR8K8/kaQOWmb5a31XgIIgAAJDE4CYGBoddkwFAQSZaALz83c/qgeoDDnSPTdaynmn/vsnXPetVr6s/TAY5+AJAiAwdgIQE2NHigpBAAT6JSDXWq/1yrpTEvX68i1eepi1bZ/8RPv3T5Rbm1eDer1nYQ0CIDAZAhATk+E6bbWivSAwJAE+MdHdk09w6Aqgmzv4yv39E6GM3/L3ZBfz+TK+3eEDgQEC4ycAMTF+pqgRBECgDwJzcwt/IPyrJQSfnTAu9LFbX0Vqq0vvZWXi/1aHInG7VSi/YJqlV/RVAQqBAAgMRABiYiBcMReGexDIEIEZMt7maQke+EV99cSecTZPEb1LKCH9OpXYawj6qJ+GAQIgMDYCxthqQkUgAAIgMAABPvh4WoKnJQbYsc+ijcbSZ4Uj38LFuzMedI7FBcQEA8ETBMZNgN/P464y9fWhASAAAmMmcOONt++zzEVlmWV/UYGUEETy0phdtqurnV0+UbMru3mhmr10Vb1Z+eP2BryAAAiMlQDExFhxojIQAIGNCFy8uPOZzacflKjZy7s22g95IAAC6SAQn5hIBx9ECQIgMAYChqF+eNNqFLmXTGy6GRtAAASSTwBiIvl9hAhBIPUEGo3qw5daa1fSTO5Wb1GG+LsttWbVmhUch1Lfw2hA1gls1z68ibcjhO0gAAJjIXD27IPnV1buf9Rb6vXK/282H6yPpXJUAgIgECsBiIlY8cM5CIAACIAACHgE0ruGmEhv3yFyEAABEAABEEgEAYiJRHQDggABEAABEIiKAPyMnwDExPiZokYQAAEQAAEQmCoCEBNT1d1oLAiAAAhERQB+pokAxMQ09TbaCgIgAAIgAAITIAAxMQGoqBIEQAAEoiIAPyCQBAIQE0noBcQAAiAAAiAAAikmADGR4s5D6CAAAlERgB8QAIGtCEBMbEUH20AABEAABEAABLYlADGxLSIUAAEQiIoA/IAACKSTAMREOvsNUYMACIAACIBAYghATCSmKxAICERFAH5AAARAYLwEICbGyxO1gQAIgAAIgMDUEYCYmLouR4OjIgA/IAACIDAtBCAmpqWn0U4QAAEQAAEQmBABiIkJgUW1URGAHxAAARAAgbgJQEzE3QPwDwIgAAIgAAIpJwAxkfIOjCp8+AEBEAABEACBzQhATGxGBvkgAAIgAAIgAAJ9EYCY6AtTVIXgBwRAAARAAATSRwBiIn19hohBAARAAARAIFEEplJMJKoHEAwIgAAIgAAIpJwAxETKOxDhgwAIgAAIgEDcBCYoJuJuGvyDAAiAAAiAAAhEQQBiIgrK8AECIAACIAACSSYwYmwQEyMCxO4gAAIgAAIgMO0EICam/T8A7QcBEAABEIiKQGb9QExktmvRMBAAARAAARCIhgDERDSc4QUEQAAEQCAqAvATOQGIiciRwyEIgAAIgAAIZIsAxES2+hOtAQEQAIGoCMAPCPgEICZ8FDBAAARAAARAAASGIQAxMQw17AMCIAACURGAHxBIAQGIiRR0EkIEARAAARAAgSQTgJhIcu8gNhAAgagIwA8IgMAIBP4WAAD//59yMsYAAAAGSURBVAMA6L1jIWqWR8AAAAAASUVORK5CYII=', '2026-07-15 16:49:14', NULL, NULL, '2026-07-15 09:46:30');

-- --------------------------------------------------------

--
-- Table structure for table `attachments`
--

CREATE TABLE `attachments` (
  `id` bigint UNSIGNED NOT NULL,
  `period_id` bigint UNSIGNED NOT NULL,
  `evaluatee_id` bigint UNSIGNED NOT NULL,
  `indicator_id` bigint UNSIGNED NOT NULL,
  `evidence_type_id` int NOT NULL,
  `attachment_type` enum('file','link') COLLATE utf8mb4_unicode_ci NOT NULL DEFAULT 'file' COMMENT 'ประเภทหลักฐาน: file หรือ link',
  `file_name` varchar(255) CHARACTER SET utf8mb4 COLLATE utf8mb4_unicode_ci DEFAULT NULL COMMENT 'ชื่อไฟล์ หรือ ชื่อลิงก์',
  `mime_type` varchar(100) CHARACTER SET utf8mb4 COLLATE utf8mb4_unicode_ci DEFAULT NULL COMMENT 'Mime type ของไฟล์ (เป็น NULL ถ้าเป็นลิงก์)',
  `size_bytes` int UNSIGNED DEFAULT NULL COMMENT 'ขนาดไฟล์ (เป็น NULL ถ้าเป็นลิงก์)',
  `storage_path` varchar(1024) COLLATE utf8mb4_unicode_ci NOT NULL,
  `created_at` timestamp NOT NULL DEFAULT CURRENT_TIMESTAMP
) ENGINE=InnoDB DEFAULT CHARSET=utf8mb4 COLLATE=utf8mb4_unicode_ci;

--
-- Dumping data for table `attachments`
--

INSERT INTO `attachments` (`id`, `period_id`, `evaluatee_id`, `indicator_id`, `evidence_type_id`, `attachment_type`, `file_name`, `mime_type`, `size_bytes`, `storage_path`, `created_at`) VALUES
(74, 1, 25, 1, 1, 'link', 'ลิงก์หลักฐานแนบ', NULL, NULL, 'https://www.youtube.com/', '2026-06-25 07:24:29'),
(75, 1, 25, 2, 2, 'link', 'ลิงก์หลักฐานแนบ', NULL, NULL, 'https://www.youtube.com/', '2026-06-25 07:24:29'),
(76, 1, 25, 3, 3, 'link', 'ลิงก์หลักฐานแนบ', NULL, NULL, 'https://www.youtube.com/', '2026-06-25 07:24:29'),
(77, 1, 25, 4, 4, 'link', 'ลิงก์หลักฐานแนบ', NULL, NULL, 'https://www.youtube.com/', '2026-06-25 07:24:29'),
(78, 1, 25, 5, 5, 'link', 'ลิงก์หลักฐานแนบ', NULL, NULL, 'https://www.youtube.com/', '2026-06-25 07:24:29'),
(79, 1, 25, 6, 6, 'link', 'ลิงก์หลักฐานแนบ', NULL, NULL, 'https://www.youtube.com/', '2026-06-25 07:24:29'),
(80, 1, 25, 7, 7, 'link', 'ลิงก์หลักฐานแนบ', NULL, NULL, 'https://www.youtube.com/', '2026-06-25 07:24:29'),
(81, 1, 25, 8, 8, 'link', 'ลิงก์หลักฐานแนบ', NULL, NULL, 'https://www.youtube.com/', '2026-06-25 07:24:29'),
(82, 1, 25, 9, 9, 'link', 'ลิงก์หลักฐานแนบ', NULL, NULL, 'https://www.youtube.com/', '2026-06-25 07:24:29'),
(83, 1, 25, 14, 9, 'link', 'ลิงก์หลักฐานแนบ', NULL, NULL, 'https://www.youtube.com/', '2026-06-25 07:24:29'),
(84, 1, 25, 10, 10, 'link', 'ลิงก์หลักฐานแนบ', NULL, NULL, 'https://www.youtube.com/', '2026-06-25 07:24:29'),
(85, 1, 25, 11, 11, 'link', 'ลิงก์หลักฐานแนบ', NULL, NULL, 'https://www.youtube.com/', '2026-06-25 07:24:29'),
(86, 1, 25, 12, 12, 'link', 'ลิงก์หลักฐานแนบ', NULL, NULL, 'https://www.youtube.com/', '2026-06-25 07:24:29'),
(87, 1, 25, 13, 13, 'link', 'ลิงก์หลักฐานแนบ', NULL, NULL, 'https://www.youtube.com/', '2026-06-25 07:24:29'),
(88, 1, 25, 15, 14, 'link', 'ลิงก์หลักฐานแนบ', NULL, NULL, 'https://www.youtube.com/', '2026-06-25 07:24:29'),
(89, 1, 25, 16, 15, 'link', 'ลิงก์หลักฐานแนบ', NULL, NULL, 'https://www.youtube.com/', '2026-06-25 07:24:29'),
(90, 1, 25, 17, 16, 'link', 'ลิงก์หลักฐานแนบ', NULL, NULL, 'https://www.youtube.com/', '2026-06-25 07:24:29'),
(91, 1, 27, 1, 1, 'link', 'ลิงก์หลักฐานแนบ', NULL, NULL, 'https://www.youtube.com/', '2026-07-01 07:12:37'),
(92, 1, 27, 2, 2, 'file', 'overview_report_current (2).pdf', 'application/pdf', 14305, '1/27/1782889957822_overview_report_current__2_.pdf', '2026-07-01 07:12:37'),
(93, 1, 27, 3, 3, 'file', 'overview_report_current (2).pdf', 'application/pdf', 14305, '1/27/1782889957940_overview_report_current__2_.pdf', '2026-07-01 07:12:38'),
(94, 1, 27, 4, 4, 'link', 'ลิงก์หลักฐานแนบ', NULL, NULL, 'https://www.youtube.com/', '2026-07-01 07:17:38'),
(95, 1, 27, 5, 5, 'link', 'ลิงก์หลักฐานแนบ', NULL, NULL, 'https://www.youtube.com/', '2026-07-01 07:17:38'),
(96, 1, 27, 6, 6, 'link', 'ลิงก์หลักฐานแนบ', NULL, NULL, 'https://www.youtube.com/', '2026-07-01 07:17:38'),
(97, 1, 27, 7, 7, 'link', 'ลิงก์หลักฐานแนบ', NULL, NULL, 'https://www.youtube.com/', '2026-07-01 07:17:38'),
(98, 1, 27, 8, 8, 'link', 'ลิงก์หลักฐานแนบ', NULL, NULL, 'https://www.youtube.com/', '2026-07-01 07:17:38'),
(99, 1, 27, 9, 9, 'link', 'ลิงก์หลักฐานแนบ', NULL, NULL, 'https://www.youtube.com/', '2026-07-01 07:17:38'),
(100, 1, 27, 14, 9, 'link', 'ลิงก์หลักฐานแนบ', NULL, NULL, 'https://www.youtube.com/', '2026-07-01 07:17:38'),
(101, 1, 27, 10, 10, 'link', 'ลิงก์หลักฐานแนบ', NULL, NULL, 'https://www.youtube.com/', '2026-07-01 07:17:38'),
(102, 1, 27, 11, 11, 'link', 'ลิงก์หลักฐานแนบ', NULL, NULL, 'https://www.youtube.com/', '2026-07-01 07:17:38'),
(103, 1, 27, 12, 12, 'link', 'ลิงก์หลักฐานแนบ', NULL, NULL, 'https://www.youtube.com/', '2026-07-01 07:17:38'),
(104, 1, 27, 13, 13, 'link', 'ลิงก์หลักฐานแนบ', NULL, NULL, 'https://www.youtube.com/', '2026-07-01 07:17:38'),
(105, 1, 27, 15, 14, 'link', 'ลิงก์หลักฐานแนบ', NULL, NULL, 'https://www.youtube.com/', '2026-07-01 07:17:38'),
(106, 1, 27, 16, 15, 'link', 'ลิงก์หลักฐานแนบ', NULL, NULL, 'https://www.youtube.com/', '2026-07-01 07:17:38'),
(107, 1, 27, 17, 16, 'link', 'ลิงก์หลักฐานแนบ', NULL, NULL, 'https://www.youtube.com/', '2026-07-01 07:17:39'),
(112, 1, 30, 1, 1, 'link', 'ลิงก์หลักฐานแนบ', NULL, NULL, 'https://www.youtube.com/', '2026-07-15 09:43:39'),
(113, 1, 30, 2, 2, 'file', 'คำสั่งกิจกรรมท้ายหน่วยที่_4_PowerPoint_พูดได้.pdf', 'application/pdf', 171286, '1/30/1784108619652_____________________________________________________________________________4_PowerPoint___________________.pdf', '2026-07-15 09:43:39'),
(114, 1, 30, 3, 3, 'file', 'ใบงานที่ 5.docx', 'application/vnd.openxmlformats-officedocument.wordprocessingml.document', 1923289, '1/30/1784108619686__________________________5.docx', '2026-07-15 09:43:39'),
(115, 1, 30, 4, 4, 'file', 'ใบงานที่ 5.docx', 'application/vnd.openxmlformats-officedocument.wordprocessingml.document', 1923289, '1/30/1784108619743__________________________5.docx', '2026-07-15 09:43:39'),
(116, 1, 30, 5, 5, 'link', 'ลิงก์หลักฐานแนบ', NULL, NULL, 'https://www.youtube.com/', '2026-07-15 09:43:39'),
(117, 1, 30, 6, 6, 'file', 'ใบงานที่ 5.docx', 'application/vnd.openxmlformats-officedocument.wordprocessingml.document', 1923289, '1/30/1784108619804__________________________5.docx', '2026-07-15 09:43:39'),
(118, 1, 30, 7, 7, 'link', 'ลิงก์หลักฐานแนบ', NULL, NULL, 'https://www.youtube.com/', '2026-07-15 09:43:39'),
(119, 1, 30, 8, 8, 'link', 'ลิงก์หลักฐานแนบ', NULL, NULL, 'https://www.youtube.com/', '2026-07-15 09:43:39'),
(120, 1, 30, 9, 9, 'link', 'ลิงก์หลักฐานแนบ', NULL, NULL, 'https://www.youtube.com/', '2026-07-15 09:43:39'),
(121, 1, 30, 14, 9, 'link', 'ลิงก์หลักฐานแนบ', NULL, NULL, 'https://www.youtube.com/', '2026-07-15 09:43:39'),
(122, 1, 30, 10, 10, 'link', 'ลิงก์หลักฐานแนบ', NULL, NULL, 'https://www.youtube.com/', '2026-07-15 09:43:39'),
(123, 1, 30, 11, 11, 'link', 'ลิงก์หลักฐานแนบ', NULL, NULL, 'https://www.youtube.com/', '2026-07-15 09:43:39'),
(124, 1, 30, 12, 12, 'link', 'ลิงก์หลักฐานแนบ', NULL, NULL, 'https://www.youtube.com/', '2026-07-15 09:43:40'),
(125, 1, 30, 13, 13, 'link', 'ลิงก์หลักฐานแนบ', NULL, NULL, 'https://www.youtube.com/', '2026-07-15 09:43:40'),
(126, 1, 30, 15, 14, 'link', 'ลิงก์หลักฐานแนบ', NULL, NULL, 'https://www.youtube.com/', '2026-07-15 09:43:40'),
(127, 1, 30, 16, 15, 'link', 'ลิงก์หลักฐานแนบ', NULL, NULL, 'https://www.youtube.com/', '2026-07-15 09:43:40'),
(128, 1, 30, 17, 16, 'link', 'ลิงก์หลักฐานแนบ', NULL, NULL, 'https://www.youtube.com/', '2026-07-15 09:43:40');

-- --------------------------------------------------------

--
-- Table structure for table `departments`
--

CREATE TABLE `departments` (
  `id` int NOT NULL,
  `code` varchar(20) COLLATE utf8mb4_unicode_ci NOT NULL,
  `name_th` varchar(255) COLLATE utf8mb4_unicode_ci NOT NULL,
  `category_id` int NOT NULL,
  `org_group_id` int NOT NULL
) ENGINE=InnoDB DEFAULT CHARSET=utf8mb4 COLLATE=utf8mb4_unicode_ci;

--
-- Dumping data for table `departments`
--

INSERT INTO `departments` (`id`, `code`, `name_th`, `category_id`, `org_group_id`) VALUES
(1, 'IT', 'แผนกวิชาเทคโนโลยีสารสนเทศ', 8, 1),
(2, 'ME', 'แผนกวิชาเครื่องกล', 1, 1),
(3, 'EL', 'แผนกวิชาอิเล็กทรอนิกส์', 1, 1),
(4, 'ACC', 'แผนกวิชาการบัญชี', 2, 1),
(5, 'MKT', 'แผนกวิชาการตลาด', 2, 1);

-- --------------------------------------------------------

--
-- Table structure for table `dept_fields`
--

CREATE TABLE `dept_fields` (
  `dept_id` int NOT NULL,
  `field_code` varchar(10) COLLATE utf8mb4_unicode_ci NOT NULL
) ENGINE=InnoDB DEFAULT CHARSET=utf8mb4 COLLATE=utf8mb4_unicode_ci;

--
-- Dumping data for table `dept_fields`
--

INSERT INTO `dept_fields` (`dept_id`, `field_code`) VALUES
(2, '20101'),
(3, '20105'),
(4, '20201'),
(5, '20202'),
(1, '21901'),
(1, '21903');

-- --------------------------------------------------------

--
-- Table structure for table `evaluation_periods`
--

CREATE TABLE `evaluation_periods` (
  `id` bigint UNSIGNED NOT NULL,
  `code` varchar(30) COLLATE utf8mb4_unicode_ci NOT NULL,
  `name_th` varchar(255) COLLATE utf8mb4_unicode_ci NOT NULL,
  `buddhist_year` int NOT NULL,
  `start_date` date NOT NULL,
  `end_date` date NOT NULL,
  `is_active` tinyint(1) NOT NULL DEFAULT '1',
  `created_at` timestamp NOT NULL DEFAULT CURRENT_TIMESTAMP
) ENGINE=InnoDB DEFAULT CHARSET=utf8mb4 COLLATE=utf8mb4_unicode_ci;

--
-- Dumping data for table `evaluation_periods`
--

INSERT INTO `evaluation_periods` (`id`, `code`, `name_th`, `buddhist_year`, `start_date`, `end_date`, `is_active`, `created_at`) VALUES
(1, 'Y2568', 'การประเมินครูประจำปี 2568', 2568, '2025-09-25', '2026-09-24', 1, '2026-05-20 04:02:17'),
(3, 'Y2569', 'การประเมินครูประจำปี 2569', 2569, '2026-09-29', '2027-09-29', 0, '2026-07-11 08:09:48');

-- --------------------------------------------------------

--
-- Table structure for table `evaluation_results`
--

CREATE TABLE `evaluation_results` (
  `id` bigint UNSIGNED NOT NULL,
  `period_id` bigint UNSIGNED NOT NULL,
  `evaluatee_id` bigint UNSIGNED NOT NULL,
  `evaluator_id` bigint UNSIGNED NOT NULL,
  `topic_id` bigint UNSIGNED NOT NULL,
  `indicator_id` bigint UNSIGNED NOT NULL,
  `score` decimal(5,2) DEFAULT NULL,
  `value_yes_no` tinyint(1) DEFAULT NULL,
  `notes` text COLLATE utf8mb4_unicode_ci,
  `status` enum('draft','submitted') COLLATE utf8mb4_unicode_ci NOT NULL DEFAULT 'draft',
  `created_at` timestamp NOT NULL DEFAULT CURRENT_TIMESTAMP,
  `updated_at` timestamp NOT NULL DEFAULT CURRENT_TIMESTAMP ON UPDATE CURRENT_TIMESTAMP
) ENGINE=InnoDB DEFAULT CHARSET=utf8mb4 COLLATE=utf8mb4_unicode_ci;

--
-- Dumping data for table `evaluation_results`
--

INSERT INTO `evaluation_results` (`id`, `period_id`, `evaluatee_id`, `evaluator_id`, `topic_id`, `indicator_id`, `score`, `value_yes_no`, `notes`, `status`, `created_at`, `updated_at`) VALUES
(38, 1, 27, 3, 1, 3, 3.00, NULL, '', 'submitted', '2026-07-01 07:14:18', '2026-07-01 07:15:38'),
(39, 1, 27, 3, 1, 2, 3.00, NULL, '', 'submitted', '2026-07-01 07:14:24', '2026-07-01 07:15:32'),
(40, 1, 27, 3, 1, 1, 2.00, NULL, '', 'submitted', '2026-07-01 07:14:25', '2026-07-01 07:15:32'),
(41, 1, 27, 3, 1, 4, NULL, 1, '', 'submitted', '2026-07-01 07:18:42', '2026-07-01 07:18:42'),
(42, 1, 27, 3, 1, 5, 3.00, NULL, '', 'submitted', '2026-07-01 07:18:42', '2026-07-01 07:18:42'),
(43, 1, 27, 3, 2, 6, NULL, 0, '', 'submitted', '2026-07-01 07:18:42', '2026-07-01 07:18:42'),
(44, 1, 27, 3, 2, 7, NULL, 1, '', 'submitted', '2026-07-01 07:18:42', '2026-07-01 07:18:42'),
(45, 1, 27, 3, 2, 8, NULL, 0, '', 'submitted', '2026-07-01 07:18:42', '2026-07-01 07:18:42'),
(46, 1, 27, 3, 2, 9, 2.00, NULL, '', 'submitted', '2026-07-01 07:18:42', '2026-07-01 07:18:42'),
(47, 1, 27, 3, 3, 10, NULL, 1, '', 'submitted', '2026-07-01 07:18:42', '2026-07-01 07:18:42'),
(48, 1, 27, 3, 3, 11, 1.00, NULL, '', 'submitted', '2026-07-01 07:18:42', '2026-07-01 07:18:42'),
(49, 1, 27, 3, 3, 12, NULL, 0, '', 'submitted', '2026-07-01 07:18:42', '2026-07-01 07:18:42'),
(50, 1, 27, 3, 3, 13, NULL, 0, '', 'submitted', '2026-07-01 07:18:42', '2026-07-01 07:18:42'),
(51, 1, 27, 3, 3, 14, 1.00, NULL, '', 'submitted', '2026-07-01 07:18:42', '2026-07-01 07:18:42'),
(52, 1, 27, 3, 4, 15, NULL, 0, '', 'submitted', '2026-07-01 07:18:42', '2026-07-01 07:18:42'),
(53, 1, 27, 3, 4, 16, 2.00, NULL, '', 'submitted', '2026-07-01 07:18:42', '2026-07-01 07:18:42'),
(54, 1, 27, 3, 4, 17, NULL, 1, '', 'submitted', '2026-07-01 07:18:42', '2026-07-01 07:18:42'),
(58, 1, 30, 3, 1, 1, 3.00, NULL, '', 'submitted', '2026-07-15 09:49:04', '2026-07-15 09:49:14'),
(59, 1, 30, 3, 1, 2, 1.00, NULL, '', 'submitted', '2026-07-15 09:49:04', '2026-07-15 09:49:14'),
(60, 1, 30, 3, 1, 3, 2.00, NULL, '', 'submitted', '2026-07-15 09:49:04', '2026-07-15 09:49:14'),
(61, 1, 30, 3, 1, 4, NULL, 1, '', 'submitted', '2026-07-15 09:49:04', '2026-07-15 09:49:14'),
(62, 1, 30, 3, 1, 5, 4.00, NULL, '', 'submitted', '2026-07-15 09:49:04', '2026-07-15 09:49:14'),
(63, 1, 30, 3, 2, 6, NULL, 1, '', 'submitted', '2026-07-15 09:49:04', '2026-07-15 09:49:14'),
(64, 1, 30, 3, 2, 7, NULL, 1, '', 'submitted', '2026-07-15 09:49:04', '2026-07-15 09:49:14'),
(65, 1, 30, 3, 2, 8, NULL, 1, '', 'submitted', '2026-07-15 09:49:04', '2026-07-15 09:49:14'),
(66, 1, 30, 3, 2, 9, 2.00, NULL, '', 'submitted', '2026-07-15 09:49:04', '2026-07-15 09:49:14'),
(67, 1, 30, 3, 3, 10, NULL, 1, '', 'submitted', '2026-07-15 09:49:04', '2026-07-15 09:49:14'),
(68, 1, 30, 3, 3, 11, 1.00, NULL, '', 'submitted', '2026-07-15 09:49:04', '2026-07-15 09:49:14'),
(69, 1, 30, 3, 3, 12, NULL, 1, '', 'submitted', '2026-07-15 09:49:04', '2026-07-15 09:49:14'),
(70, 1, 30, 3, 3, 13, NULL, 1, '', 'submitted', '2026-07-15 09:49:04', '2026-07-15 09:49:14'),
(71, 1, 30, 3, 3, 14, 3.00, NULL, '', 'submitted', '2026-07-15 09:49:04', '2026-07-15 09:49:14'),
(72, 1, 30, 3, 4, 15, NULL, 1, '', 'submitted', '2026-07-15 09:49:04', '2026-07-15 09:49:14'),
(73, 1, 30, 3, 4, 16, 3.00, NULL, '', 'submitted', '2026-07-15 09:49:04', '2026-07-15 09:49:14'),
(74, 1, 30, 3, 4, 17, NULL, 1, '', 'submitted', '2026-07-15 09:49:04', '2026-07-15 09:49:14');

-- --------------------------------------------------------

--
-- Table structure for table `evaluation_topics`
--

CREATE TABLE `evaluation_topics` (
  `id` bigint UNSIGNED NOT NULL,
  `code` varchar(30) COLLATE utf8mb4_unicode_ci NOT NULL,
  `title_th` varchar(255) COLLATE utf8mb4_unicode_ci NOT NULL,
  `description` text COLLATE utf8mb4_unicode_ci,
  `weight` decimal(5,2) NOT NULL DEFAULT '0.00',
  `active` tinyint(1) NOT NULL DEFAULT '1',
  `created_at` timestamp NOT NULL DEFAULT CURRENT_TIMESTAMP
) ENGINE=InnoDB DEFAULT CHARSET=utf8mb4 COLLATE=utf8mb4_unicode_ci;

--
-- Dumping data for table `evaluation_topics`
--

INSERT INTO `evaluation_topics` (`id`, `code`, `title_th`, `description`, `weight`, `active`, `created_at`) VALUES
(1, 'TOP1', 'การจัดการเรียนการสอน', 'คุณภาพการวางแผนการสอน สื่อการสอน การวัดผล และผลสัมฤทธิ์ของผู้เรียน', 0.30, 1, '2026-05-20 04:02:17'),
(2, 'TOP2', 'การบริหารจัดการชั้นเรียน', 'การจัดบรรยากาศ กฎระเบียบ การดูแล/ให้คำปรึกษา และกิจกรรมส่งเสริม', 0.20, 1, '2026-05-20 04:02:17'),
(3, 'TOP3', 'การพัฒนาตนเองและพัฒนาวิชาชีพ', 'การอบรม/สัมมนา งานวิจัย แผนพัฒนาตนเอง และการประเมินตนเอง', 0.30, 1, '2026-05-20 04:02:17'),
(4, 'TOP4', 'ด้านอื่นๆ (PA/ผลงาน/จรรยาบรรณ)', 'ผลงานตามหน้าที่ จรรยาบรรณ และแบบประเมิน PA', 0.20, 1, '2026-05-20 04:02:17');

-- --------------------------------------------------------

--
-- Table structure for table `evidence_types`
--

CREATE TABLE `evidence_types` (
  `id` int NOT NULL,
  `code` varchar(30) COLLATE utf8mb4_unicode_ci NOT NULL,
  `name_th` varchar(255) COLLATE utf8mb4_unicode_ci NOT NULL,
  `description` text COLLATE utf8mb4_unicode_ci
) ENGINE=InnoDB DEFAULT CHARSET=utf8mb4 COLLATE=utf8mb4_unicode_ci;

--
-- Dumping data for table `evidence_types`
--

INSERT INTO `evidence_types` (`id`, `code`, `name_th`, `description`) VALUES
(1, 'E-PLAN', 'แผนการจัดการเรียนรู้', 'แผนการสอนตามมาตรฐาน/ตัวชี้วัด'),
(2, 'E-MEDIA', 'สื่อการเรียนรู้', 'ใบงาน/แบบฝึก/มัลติมีเดีย'),
(3, 'E-ASSESS', 'หลักฐานการวัดและประเมินผล', 'ข้อสอบ/รูบริก/บันทึกคะแนน'),
(4, 'E-REFLECT', 'บันทึกหลังการสอน', 'สรุปผล-ข้อเสนอแนะ-ปรับปรุง'),
(5, 'E-STUWORK', 'ผลงานนักเรียน', 'ชิ้นงาน/แฟ้มสะสมผลงาน'),
(6, 'E-CHART', 'แผนภูมิ/กฎ/ตารางเวร', 'เอกสารการจัดชั้นเรียน'),
(7, 'E-HOMEVISIT', 'บันทึกการเยี่ยมบ้าน', 'หลักฐานการเยี่ยมบ้าน/ประสานผู้ปกครอง'),
(8, 'E-COUNSEL', 'บันทึกการให้คำปรึกษา', 'แบบบันทึก/รายงานกรณี'),
(9, 'E-ACT', 'โครงการ/กิจกรรม', 'เอกสาร/ภาพกิจกรรม/รายงานผล'),
(10, 'E-CERT', 'เกียรติบัตร/วุฒิบัตร', 'เอกสารการอบรม/สัมมนา'),
(11, 'E-RESEARCH', 'งานวิจัย/บทความ', 'เอกสารวิชาการ/นำเสนอผลงาน'),
(12, 'E-IDP', 'แผนพัฒนาตนเอง', 'เอกสารเป้าหมาย/แผนพัฒนา'),
(13, 'E-SELFASSESS', 'ผลการประเมินตนเอง', 'แบบฟอร์มประเมินตนเอง'),
(14, 'E-PA', 'แบบประเมิน PA', 'เอกสารข้อตกลงฯ'),
(15, 'E-WORK', 'ผลงานตามหน้าที่', 'หลักฐานผลงาน/รายงาน'),
(16, 'E-ETHICS', 'จรรยาบรรณวิชาชีพ', 'หลักฐานการปฏิบัติตามจรรยาบรรณ');

-- --------------------------------------------------------

--
-- Table structure for table `indicators`
--

CREATE TABLE `indicators` (
  `id` bigint UNSIGNED NOT NULL,
  `topic_id` bigint UNSIGNED NOT NULL,
  `code` varchar(40) COLLATE utf8mb4_unicode_ci NOT NULL,
  `name_th` varchar(255) COLLATE utf8mb4_unicode_ci NOT NULL,
  `description` text COLLATE utf8mb4_unicode_ci,
  `type` enum('score_1_4','yes_no','file_url') COLLATE utf8mb4_unicode_ci NOT NULL DEFAULT 'score_1_4',
  `weight` decimal(5,2) NOT NULL DEFAULT '1.00',
  `min_score` tinyint NOT NULL DEFAULT '1',
  `max_score` tinyint NOT NULL DEFAULT '4',
  `active` tinyint(1) NOT NULL DEFAULT '1',
  `created_at` timestamp NOT NULL DEFAULT CURRENT_TIMESTAMP
) ENGINE=InnoDB DEFAULT CHARSET=utf8mb4 COLLATE=utf8mb4_unicode_ci;

--
-- Dumping data for table `indicators`
--

INSERT INTO `indicators` (`id`, `topic_id`, `code`, `name_th`, `description`, `type`, `weight`, `min_score`, `max_score`, `active`, `created_at`) VALUES
(1, 1, 'T1-PLAN', 'แผนการจัดการเรียนรู้', 'แผนการสอนสอดคล้องมาตรฐานและตัวชี้วัด', 'score_1_4', 1.00, 1, 4, 1, '2026-05-20 04:02:17'),
(2, 1, 'T1-MEDIA', 'สื่อการเรียนรู้', 'ใบงาน/แบบฝึก/มัลติมีเดียเหมาะสมกับผู้เรียน', 'score_1_4', 1.00, 1, 4, 1, '2026-05-20 04:02:17'),
(3, 1, 'T1-ASSESS', 'หลักฐานการวัดและประเมินผล', 'ข้อสอบ/รูบริก/ชิ้นงาน/บันทึกคะแนน', 'score_1_4', 1.00, 1, 4, 1, '2026-05-20 04:02:17'),
(4, 1, 'T1-REFLECT', 'บันทึกหลังการสอน', 'สะท้อนผลและการปรับปรุงแผนการสอน', 'yes_no', 1.00, 1, 4, 1, '2026-05-20 04:02:17'),
(5, 1, 'T1-STUWORK', 'ผลงานนักเรียน', 'ชิ้นงานแสดงความรู้/ทักษะ/คุณลักษณะ', 'score_1_4', 1.00, 1, 4, 1, '2026-05-20 04:02:17'),
(6, 2, 'T2-CHART', 'แผนภูมิ/ตาราง', 'แผนผังที่นั่ง กฎห้องเรียน ตารางเวร', 'yes_no', 1.00, 1, 4, 1, '2026-05-20 04:02:17'),
(7, 2, 'T2-HOMEVISIT', 'บันทึกการเยี่ยมบ้าน', 'ร่วมมือผู้ปกครอง/ประสานเครือข่าย', 'yes_no', 1.00, 1, 4, 1, '2026-05-20 04:02:17'),
(8, 2, 'T2-COUNSEL', 'บันทึกการให้คำปรึกษา', 'ช่วยเหลือนักเรียนเป็นรายบุคคล/กลุ่ม', 'yes_no', 1.00, 1, 4, 1, '2026-05-20 04:02:17'),
(9, 2, 'T2-ACT', 'โครงการ/กิจกรรม', 'กิจกรรมส่งเสริมการเรียนรู้และคุณลักษณะ', 'score_1_4', 1.00, 1, 4, 1, '2026-05-20 04:02:17'),
(10, 3, 'T3-CERT', 'เกียรติบัตร/วุฒิบัตร', 'การอบรม/สัมมนา/ศึกษาดูงาน', 'yes_no', 1.00, 1, 4, 1, '2026-05-20 04:02:17'),
(11, 3, 'T3-RESEARCH', 'เอกสาร/งานวิจัย', 'วิจัยในชั้นเรียน/ตีพิมพ์/นำเสนอวิชาการ', 'score_1_4', 1.00, 1, 4, 1, '2026-05-20 04:02:17'),
(12, 3, 'T3-IDP', 'แผนพัฒนาตนเอง', 'เป้าหมาย/แนวทางพัฒนาตามสายงาน', 'yes_no', 1.00, 1, 4, 1, '2026-05-20 04:02:17'),
(13, 3, 'T3-SELFASSESS', 'ผลการประเมินตนเอง', 'แบบประเมินตนเองตามแบบของสถานศึกษา', 'yes_no', 1.00, 1, 4, 1, '2026-05-20 04:02:17'),
(14, 3, 'T3-SCHOOLPART', 'มีส่วนร่วมกิจกรรมโรงเรียน', 'เข้าร่วมประชุม/กิจกรรมวันสำคัญ/โครงการ', 'score_1_4', 1.00, 1, 4, 1, '2026-05-20 04:02:17'),
(15, 4, 'T4-PA', 'แบบประเมิน PA', 'แบบข้อตกลงในการพัฒนางาน (PA)', 'yes_no', 1.00, 1, 4, 1, '2026-05-20 04:02:17'),
(16, 4, 'T4-WORK', 'ผลงานที่เกิดจากหน้าที่', 'ผลงานตามภาระงานที่ได้รับมอบหมาย', 'score_1_4', 1.00, 1, 4, 1, '2026-05-20 04:02:17'),
(17, 4, 'T4-ETHICS', 'จรรยาบรรณวิชาชีพ', 'หลักฐานการปฏิบัติตามจรรยาบรรณครู', 'yes_no', 1.00, 1, 4, 1, '2026-05-20 04:02:17');

-- --------------------------------------------------------

--
-- Table structure for table `indicator_evidence`
--

CREATE TABLE `indicator_evidence` (
  `indicator_id` bigint UNSIGNED NOT NULL,
  `evidence_type_id` int NOT NULL
) ENGINE=InnoDB DEFAULT CHARSET=utf8mb4 COLLATE=utf8mb4_unicode_ci;

--
-- Dumping data for table `indicator_evidence`
--

INSERT INTO `indicator_evidence` (`indicator_id`, `evidence_type_id`) VALUES
(1, 1),
(2, 2),
(3, 3),
(4, 4),
(5, 5),
(6, 6),
(7, 7),
(8, 8),
(9, 9),
(14, 9),
(10, 10),
(11, 11),
(12, 12),
(13, 13),
(15, 14),
(16, 15),
(17, 16);

-- --------------------------------------------------------

--
-- Table structure for table `org_groups`
--

CREATE TABLE `org_groups` (
  `id` int NOT NULL,
  `code` varchar(20) COLLATE utf8mb4_unicode_ci NOT NULL,
  `name_th` varchar(255) COLLATE utf8mb4_unicode_ci NOT NULL
) ENGINE=InnoDB DEFAULT CHARSET=utf8mb4 COLLATE=utf8mb4_unicode_ci;

--
-- Dumping data for table `org_groups`
--

INSERT INTO `org_groups` (`id`, `code`, `name_th`) VALUES
(1, 'ACD', 'ฝ่ายวิชาการ'),
(2, 'STD', 'ฝ่ายพัฒนากิจการนักเรียนนักศึกษา'),
(3, 'FIN', 'ฝ่ายบริหารทรัพยากร'),
(4, 'PLA', 'ฝ่ายแผนงานและความร่วมมือ');

-- --------------------------------------------------------

--
-- Table structure for table `self_evaluation_results`
--

CREATE TABLE `self_evaluation_results` (
  `id` bigint UNSIGNED NOT NULL,
  `period_id` bigint UNSIGNED NOT NULL,
  `evaluatee_id` bigint UNSIGNED NOT NULL,
  `topic_id` bigint UNSIGNED NOT NULL,
  `indicator_id` bigint UNSIGNED NOT NULL,
  `score` decimal(5,2) DEFAULT NULL,
  `value_yes_no` tinyint(1) DEFAULT NULL,
  `notes` text CHARACTER SET utf8mb4 COLLATE utf8mb4_unicode_ci,
  `status` enum('draft','submitted') CHARACTER SET utf8mb4 COLLATE utf8mb4_unicode_ci NOT NULL DEFAULT 'draft',
  `created_at` timestamp NOT NULL DEFAULT CURRENT_TIMESTAMP,
  `updated_at` timestamp NOT NULL DEFAULT CURRENT_TIMESTAMP ON UPDATE CURRENT_TIMESTAMP
) ENGINE=InnoDB DEFAULT CHARSET=utf8mb4 COLLATE=utf8mb4_unicode_ci;

--
-- Dumping data for table `self_evaluation_results`
--

INSERT INTO `self_evaluation_results` (`id`, `period_id`, `evaluatee_id`, `topic_id`, `indicator_id`, `score`, `value_yes_no`, `notes`, `status`, `created_at`, `updated_at`) VALUES
(69, 1, 4, 1, 1, 1.00, NULL, '', 'draft', '2026-06-02 08:43:49', '2026-06-02 08:44:47'),
(70, 1, 4, 1, 2, NULL, NULL, '', 'draft', '2026-06-02 08:43:49', '2026-06-02 08:43:49'),
(71, 1, 4, 1, 3, 2.00, NULL, 'ฟดหผพก้ะพ่ัะดทักืพ', 'draft', '2026-06-02 08:43:49', '2026-06-02 08:44:47'),
(72, 1, 4, 1, 4, NULL, 1, '', 'draft', '2026-06-02 08:43:49', '2026-06-02 08:45:01'),
(73, 1, 4, 1, 5, NULL, NULL, '', 'draft', '2026-06-02 08:43:49', '2026-06-02 08:43:49'),
(74, 1, 4, 2, 6, NULL, NULL, '', 'draft', '2026-06-02 08:43:49', '2026-06-02 08:43:49'),
(75, 1, 4, 2, 7, NULL, NULL, '', 'draft', '2026-06-02 08:43:49', '2026-06-02 08:43:49'),
(76, 1, 4, 2, 8, NULL, NULL, '', 'draft', '2026-06-02 08:43:49', '2026-06-02 08:43:49'),
(77, 1, 4, 2, 9, NULL, NULL, '', 'draft', '2026-06-02 08:43:49', '2026-06-02 08:43:49'),
(78, 1, 4, 3, 10, NULL, NULL, '', 'draft', '2026-06-02 08:43:49', '2026-06-02 08:43:49'),
(79, 1, 4, 3, 11, NULL, NULL, '', 'draft', '2026-06-02 08:43:49', '2026-06-02 08:43:49'),
(80, 1, 4, 3, 12, NULL, NULL, '', 'draft', '2026-06-02 08:43:49', '2026-06-02 08:43:49'),
(81, 1, 4, 3, 13, NULL, NULL, '', 'draft', '2026-06-02 08:43:49', '2026-06-02 08:43:49'),
(82, 1, 4, 3, 14, NULL, NULL, '', 'draft', '2026-06-02 08:43:49', '2026-06-02 08:43:49'),
(83, 1, 4, 4, 15, NULL, NULL, '', 'draft', '2026-06-02 08:43:49', '2026-06-02 08:43:49'),
(84, 1, 4, 4, 16, NULL, NULL, '', 'draft', '2026-06-02 08:43:49', '2026-06-02 08:43:49'),
(85, 1, 4, 4, 17, NULL, NULL, '', 'draft', '2026-06-02 08:43:49', '2026-06-02 08:43:49'),
(138, 1, 19, 1, 1, 3.00, NULL, '', 'submitted', '2026-06-21 07:45:10', '2026-06-21 08:50:40'),
(139, 1, 19, 1, 2, 2.00, NULL, '', 'submitted', '2026-06-21 07:45:10', '2026-06-21 08:50:40'),
(140, 1, 19, 1, 3, 3.00, NULL, '', 'submitted', '2026-06-21 07:45:10', '2026-06-21 08:50:40'),
(141, 1, 19, 1, 4, NULL, 1, '', 'submitted', '2026-06-21 07:45:10', '2026-06-21 08:50:40'),
(142, 1, 19, 1, 5, 1.00, NULL, '', 'submitted', '2026-06-21 07:45:10', '2026-06-21 08:50:40'),
(143, 1, 19, 2, 6, NULL, 1, '', 'submitted', '2026-06-21 07:45:10', '2026-06-21 08:50:40'),
(144, 1, 19, 2, 7, NULL, 0, '', 'submitted', '2026-06-21 07:45:10', '2026-06-21 08:50:40'),
(145, 1, 19, 2, 8, NULL, 1, '', 'submitted', '2026-06-21 07:45:10', '2026-06-21 08:50:40'),
(146, 1, 19, 2, 9, 2.00, NULL, '', 'submitted', '2026-06-21 07:45:10', '2026-06-21 08:50:40'),
(147, 1, 19, 3, 10, NULL, 1, '', 'submitted', '2026-06-21 07:45:10', '2026-06-21 08:50:40'),
(148, 1, 19, 3, 11, 4.00, NULL, '', 'submitted', '2026-06-21 07:45:10', '2026-06-21 08:50:40'),
(149, 1, 19, 3, 12, NULL, 1, '', 'submitted', '2026-06-21 07:45:10', '2026-06-21 08:50:40'),
(150, 1, 19, 3, 13, NULL, 1, '', 'submitted', '2026-06-21 07:45:10', '2026-06-21 08:50:40'),
(151, 1, 19, 3, 14, 2.00, NULL, '', 'submitted', '2026-06-21 07:45:10', '2026-06-21 08:50:40'),
(152, 1, 19, 4, 15, NULL, 1, '', 'submitted', '2026-06-21 07:45:10', '2026-06-21 08:50:40'),
(153, 1, 19, 4, 16, 2.00, NULL, '', 'submitted', '2026-06-21 07:45:10', '2026-06-21 08:50:40'),
(154, 1, 19, 4, 17, NULL, 1, '', 'submitted', '2026-06-21 07:45:10', '2026-06-21 08:50:40'),
(310, 1, 27, 1, 1, 2.00, NULL, '', 'submitted', '2026-07-01 07:03:14', '2026-07-01 07:04:03'),
(311, 1, 27, 1, 2, 3.00, NULL, '', 'submitted', '2026-07-01 07:03:14', '2026-07-01 07:04:03'),
(312, 1, 27, 1, 3, 3.00, NULL, '', 'submitted', '2026-07-01 07:03:14', '2026-07-01 07:04:03'),
(313, 1, 27, 1, 4, NULL, 1, '', 'submitted', '2026-07-01 07:03:14', '2026-07-01 07:04:03'),
(314, 1, 27, 1, 5, 3.00, NULL, '', 'submitted', '2026-07-01 07:03:14', '2026-07-01 07:04:03'),
(315, 1, 27, 2, 6, NULL, 0, '', 'submitted', '2026-07-01 07:03:14', '2026-07-01 07:04:03'),
(316, 1, 27, 2, 7, NULL, 1, '', 'submitted', '2026-07-01 07:03:14', '2026-07-01 07:04:03'),
(317, 1, 27, 2, 8, NULL, 1, '', 'submitted', '2026-07-01 07:03:14', '2026-07-01 07:04:03'),
(318, 1, 27, 2, 9, 2.00, NULL, '', 'submitted', '2026-07-01 07:03:14', '2026-07-01 07:04:03'),
(319, 1, 27, 3, 10, NULL, 1, '', 'submitted', '2026-07-01 07:03:14', '2026-07-01 07:04:03'),
(320, 1, 27, 3, 11, 2.00, NULL, '', 'submitted', '2026-07-01 07:03:14', '2026-07-01 07:04:03'),
(321, 1, 27, 3, 12, NULL, 1, '', 'submitted', '2026-07-01 07:03:14', '2026-07-01 07:04:03'),
(322, 1, 27, 3, 13, NULL, 0, '', 'submitted', '2026-07-01 07:03:14', '2026-07-01 07:04:03'),
(323, 1, 27, 3, 14, 2.00, NULL, '', 'submitted', '2026-07-01 07:03:14', '2026-07-01 07:04:03'),
(324, 1, 27, 4, 15, NULL, 1, '', 'submitted', '2026-07-01 07:03:14', '2026-07-01 07:04:03'),
(325, 1, 27, 4, 16, 1.00, NULL, '', 'submitted', '2026-07-01 07:03:14', '2026-07-01 07:04:03'),
(326, 1, 27, 4, 17, NULL, 0, '', 'submitted', '2026-07-01 07:03:14', '2026-07-01 07:04:03'),
(345, 3, 30, 1, 1, 2.00, NULL, '', 'submitted', '2026-07-15 09:44:50', '2026-07-15 09:45:09'),
(346, 3, 30, 1, 2, 4.00, NULL, '', 'submitted', '2026-07-15 09:44:50', '2026-07-15 09:45:09'),
(347, 3, 30, 1, 3, 2.00, NULL, '', 'submitted', '2026-07-15 09:44:50', '2026-07-15 09:45:09'),
(348, 3, 30, 1, 4, NULL, 1, '', 'submitted', '2026-07-15 09:44:50', '2026-07-15 09:45:09'),
(349, 3, 30, 1, 5, 3.00, NULL, '', 'submitted', '2026-07-15 09:44:50', '2026-07-15 09:45:09'),
(350, 3, 30, 2, 6, NULL, 0, '', 'submitted', '2026-07-15 09:44:50', '2026-07-15 09:45:09'),
(351, 3, 30, 2, 7, NULL, 1, '', 'submitted', '2026-07-15 09:44:50', '2026-07-15 09:45:09'),
(352, 3, 30, 2, 8, NULL, 1, '', 'submitted', '2026-07-15 09:44:50', '2026-07-15 09:45:09'),
(353, 3, 30, 2, 9, 3.00, NULL, '', 'submitted', '2026-07-15 09:44:50', '2026-07-15 09:45:09'),
(354, 3, 30, 3, 10, NULL, 1, '', 'submitted', '2026-07-15 09:44:50', '2026-07-15 09:45:09'),
(355, 3, 30, 3, 11, 2.00, NULL, '', 'submitted', '2026-07-15 09:44:50', '2026-07-15 09:45:09'),
(356, 3, 30, 3, 12, NULL, 0, '', 'submitted', '2026-07-15 09:44:50', '2026-07-15 09:45:09'),
(357, 3, 30, 3, 13, NULL, 0, '', 'submitted', '2026-07-15 09:44:50', '2026-07-15 09:45:09'),
(358, 3, 30, 3, 14, 4.00, NULL, '', 'submitted', '2026-07-15 09:44:50', '2026-07-15 09:45:09'),
(359, 3, 30, 4, 15, NULL, 1, '', 'submitted', '2026-07-15 09:44:50', '2026-07-15 09:45:09'),
(360, 3, 30, 4, 16, 2.00, NULL, '', 'submitted', '2026-07-15 09:44:50', '2026-07-15 09:45:09'),
(361, 3, 30, 4, 17, NULL, 1, '', 'submitted', '2026-07-15 09:44:50', '2026-07-15 09:45:09');

-- --------------------------------------------------------

--
-- Table structure for table `self_eval_submissions`
--

CREATE TABLE `self_eval_submissions` (
  `id` bigint UNSIGNED NOT NULL,
  `period_id` bigint UNSIGNED NOT NULL COMMENT 'รอบการประเมิน',
  `evaluatee_id` bigint UNSIGNED NOT NULL COMMENT 'ครูผู้ถูกประเมิน (ผู้ประเมินตนเอง)',
  `status` enum('pending','draft','submitted') CHARACTER SET utf8mb4 COLLATE utf8mb4_unicode_ci NOT NULL DEFAULT 'pending' COMMENT 'สถานะภาพรวมการประเมินตนเอง',
  `signature` text CHARACTER SET utf8mb4 COLLATE utf8mb4_unicode_ci COMMENT 'ลายเซ็น Base64 ของครูผู้ส่ง',
  `signed_at` datetime DEFAULT NULL COMMENT 'เวลาที่เซ็นส่งประเมินตนเอง',
  `created_at` timestamp NOT NULL DEFAULT CURRENT_TIMESTAMP,
  `updated_at` timestamp NOT NULL DEFAULT CURRENT_TIMESTAMP ON UPDATE CURRENT_TIMESTAMP
) ENGINE=InnoDB DEFAULT CHARSET=utf8mb4 COLLATE=utf8mb4_unicode_ci;

--
-- Dumping data for table `self_eval_submissions`
--

INSERT INTO `self_eval_submissions` (`id`, `period_id`, `evaluatee_id`, `status`, `signature`, `signed_at`, `created_at`, `updated_at`) VALUES
(9, 1, 19, 'submitted', 'data:image/png;base64,iVBORw0KGgoAAAANSUhEUgAAAhMAAADFCAYAAADuW3A/AAAQAElEQVR4AeydX4wkSX7XfxFZ1d3T3dV/vOvpPzVd6zVGoFvbSNiHMPhWaMd3O9M13IEO/IAAiTcknpAQCJ7gCUsICfEGTwghAfLJup2b7tkd2+eTfIeEpRHIlmwQRjdb1VXT3Tvr+ds9/acqwxFZlZkR2VXV9Sf/RFZ9qysrIyMj4veLT2Rn/DL+JSd8QAAEQAAEQAAEQGACAjAmJoCHqCAAAiAAAiCQHgF7JcGYsLdsoBkIgAAIgAAI5IIAjIlcFBOUBAEQAAEQSIsA5IxOAMbE6MwQAwRAAARAAARAQCMAY0KDAScIgAAIgEBaBCBnmgjAmJim0kReQAAEQAAEQCADAjAmMoAOkSAAAiCQFgHIAYE0CMCYSIMyZIAACIAACIDAFBOAMTHFhYusgQAIpEUAckBgtgnAmJjt8kfuQQAEQAAEQGBiAjAmJkaIBEAABNIiADkgAAJ2EoAxYWe5QCsQAAEQAAEQyA0BGBO5KSooCgJpEYAcEAABEBiNAIyJ0XghNAiAAAiAAAiAQIQAjIkIEByCQFoEIAcEQAAEpoUAjIlpKUnkAwRAAARAAAQyIgBjIiPwEJsWAcgBARAAARBImgCMiaQJI30QAAEQAAEQmHICMCamvIDTyh7kgAAIgAAIzC4BGBOzW/bIOQiAAAiAAAjEQgDGRCwY00oEckAABEAABEDAPgIwJuwrE2gEAiAAAiAAArkiAGOiR3HBCwRAAARAAARAYHgCMCaGZ4WQIAACIAACIAACPQhkaEz00AZeIAACIAACIAACuSMAYyJ3RTa6wuXyrrtTropKn807t73rrq1VX46eOmKAAAiAAAhMPYFrMghj4hpAeTu9tXWvVZGGgW44OMQYG5AR7xxjbGWRVirbd90BQXFqTAIrK7dfV7aqYDsmP0QDARCwmwCMCbvLZ2jttrZ2z5QBUeTiOtuhf5rKqmCcqXR2YFT05zTimVLpa2/WSgvLxEkRHjE2goMACMwQgdxmledWcyhOGxu3z1XFr7YiZ/PXIWm51K419pi+iedv35IQIhqXSaMi6ofj0QmoFon1lZWlTswrmDve+AUBEACBnBOAMZHTAtzY+OhsvjA/11d9V4iL9uW5bjg0n+4VouHrp99frDX3eceoiJ7F8SQEghaJIBE0TAQo4ACBLAlAduwEYEzEjjT5BFWXxnzhhmyJuFo5CdnM4BkQT/f54eGjhWG1UUaFIBePzsMCGyLcWml5cYhgCAICIAACuScAYyJnRagMiV5dGp4B0dhj9cY+yjQnZarGpaguqn5bTrIBNUGgHwH4zxABVDw5KuxBhkQS2djZxuyDOLkK2Wrkp6em6zL58Y+xBwEQAIE8E4AxkZPSS8OQYC3W1nHIThT51X3gHoWAEOa/FyNBfiuEmnJDNBivClsu3zXKhPABgSgBHIOABQTMu50FCkGFqwTSMCSU1NrxfrFNIlwLQdZ1W1vVS3UO2+gEGDOthatzZsw028RC9t1TDnG+vv4LL7qH2IEACICAlQS4lVpBqYCAbA4/6zdGIggUo6PR2Hf05AqcHP3YVnelfO878kn+/7+3Xf0rNuj41a9+++9KY8JQhTHODA/ZUiFa4XTdRuOBU2vsqQYMYyDs8uLGqhkPRxkQgEgQAIEBBGBMDICT9amlpW+eOHR1/QivwklSOVd7hhYUqQCTFDxe2pubd1pE4tsy9k+3hfih3Gf+PWy+/c+DlXBFrbHP6kdXp+vWmntcFoHw4zNZBOXyvbZ/jD0IgAAI2EYAxoRtJaLp885a+8rUwsQNCSlfsKAeo+jTtTxt3Ve23ATXMefZa7yz+NGpNADYAFDSkHgY6Nwr3EFzn8uGi+CUQ+7A8EHAvDugPwiAQC4J4AZlabFVtnfDGr2rYxqGRFdUbnbvLd45ZVe6D7JVn60t3OilgVpo9Lx12ZLlONz/HWtfuQZ6pQs/EAABEMiawHA3tay1nDH5le3dNukP2LJKkRXQoCfdGSMUZtddc4ZemCuMlZyrsnnXLDtNVL25z46OHhU1r4HO89bFRRiAUbn84dvweCIXIoMACIBArARgTMSKc/LE1BLM0pAwyqXW3IMh0QettLnsYuNwo+z6qD2U99HR9xeEFtKh0rx2CCcIgAAIWEMgthufNTnKuSLrKyvGOImWMNd+yHn24ldfGysaf+KjpVgu75pTO7Xo+oBKzftaJ3P1kRPEZKtVXxnXJoYAIAACIJAQARgTCYEdJ9nuegLBk7aqJ5vNB1dezjVO2tMY5513vn4uW3GsyRpXBdZDGyHtAW9AZY9z13m5TqtlhGGMbW9X24YfDkAABEAgYwIwJjIuAF384uLNFf2YHPqWcYwDg8CN+WKRiAw/Gw+EPj1mRAUPDj6bI1f+afEcRvi/JXxAAARsIoCbkkWlwfUOcqlXvb53X+4y/UZUylQXXfjaWvUll0/pup+NbtkqIQ6aexP9n9We7jnSnAi6N1TTVWVAl4qNHKATCIDAdBOY6CY33WiyyJ0dxcEuedC0riquna2qS1ngGCCztEilAaczORV9FwcJV9Qb+7EUqmdQ6LkSpIpG94EbBEAABDIjEMuNLjPtITgRArUv9uZIiDBtZmHFpemkaRrqnIGLaTp54pnzq94+pp+zSxZOFZXCyuVfCY9jkoFkQAAEQGAcAjAmxqGWXBxrUlbN874yst7yndbsmW7skB3mhM7pot1u1RoPvhMnsOPjB/Ok5ZXTvDWDc3e277qVclUM2uJkgbRAAATsIgBjwq7ysEgbey+N6CwOptewWmWbJsxKZAzD4eGnyQwOdbUMCgtbjNKEDlkgAALWELC3xkgSEdIegkAw3k+rvYaIlkKQxfk5s6LWKlXNmYImoQgpV9o0nWPZaCI6rvh/9YkhqiVkZ/tOWFDxixsqxZWV26+ZZUuaD6U4AoEACMRGAMZEbCinK6HzlnPp50jVkrYMwnz//fd/T1aiSiVfPUHSwz9g5Arfndb+1uadlq6Qy04SG8vAWtxYY4Ixh93azPaNoitL80s6a7VAV62xJ3ui0i8LXQ+4QQAE0iOQpDGRXi4gKXYCXv+8fMQOEmbEAneGjtbFV35RFy8rLeMavmiL1J/UucMdXyf1Mq9G4weJvS+kdrxXdC9dw6DgjjAY+Lqktec8tOaEbMcad4GutPSFHBAAgfgJZHoTij87eU8x9YfqgcBkxRAoFFYXA6MketJrTifNqHFJ3Hq3GkxjJfk5PPw0g0GJoZ0lXQEzqU4i34PjhzKPuqWXiJihEu2u2hqEZZdklEdwAg4QAAHLCUymHoyJyfglGvtWOdvm60QzN0biq8sLRnN67ekep0K2q0HubJvv46g141lXgq75qBaQa4KkcnppYcNYtbV2vF9MRXDMQna2q79RKVf/+L3yvV+KOWkkBwIzQQDGhEXFzFpkNl8T8fX16kuLVMxUFdk6wnwF/Md/FnQwGFM6/GCJ73WdjLU5EpbMmE8gm3z72WPy47tl/kOlAk/7HZtqzAujvyk1/TNt1/2R3OMLAokRmNaEYUxYVLLqqU623Gt9/oKWF8l48rNI3fRV0Vv2RbtTcQkRGhiyXyZtpQQF4kmkOPjzou0GgzyVBt502bQzr+Qp4WovN/eCadeu9MjJt8hZcB/Ux3/kRH2oCQJWEAj+iazQBkrQQWNfPWsLH4W6V8vm11zepP08xLF/992758QUjU5qb946rz2X5if0x3XvZLI/m5vfOAs1Igp0Slasl/rh4aMFvU1iaSEyXdYLlezPre2qq+f/4NleQZfIGNdP66escS8tffMkD3paAyw3ikDRtAnAmEib+BDyojMUZBRWiSyKJP1m6rtY5EFfvLK0nj/fW1UA9Nrq5Ut+pvzS2uacwpwvS9fJ90t+H/Z1CEE6isRFq4GX0lQIZArZx6ELrZSrhgGspovq521xv7PaumGLLtADBPJMAMaEpaUnXHFuqsbYTuQGbZ6f7iPBw8qSdSuu7e2PjZkDb97cNwZoJk8kbBbxdUpeZihBaLNgQ03C80m6ogMv35wevYrI0w0NsnG6qHrzLDEW6BnRH4dDEEAQEPAJcN+BvV0E6k/3F9zWpVFZyruebKGoisrNe8GCUnZpnYw2t25+bCwKddFueeMFGHMyu37LkZk2vk7JEOidKstwIosxtkAI8fz54zXqfirlu0arRL2xLy/d7kmLditLbskidaAKCOSaQGY341xTS0n5g6NHRffy0pjh4YkuisKtLfOG7flP6Q8vFtQ4kiB3nfECRFy27QeeKTs4ybYSTaavk+aVuPPCbV+9NhKXSrS+/gsvdDFXB17KDpBuAFlEouu0cJeXVgkL0UElEIgQgDERAWLb4cHxo8L5CUWbkInLR0PbdE1DHyG6szjSENZHRrn84VumnctKp8PDT4NxJEqdcvluKsZFKbK2hD7wcmfbHCtRb+5ZeY/Z2to9I9JLkfABARCYgICV/+gT5Gcqox692FutqXcd6MP3ZU4rMzAoc2dbWxRKPuPWm59mfs06tDQv8Xe+luiklGEibBFQx4ltPHyidwVJAh1JagyCPBPU0Da3ShS5O9fROvyFCwRAYHwCmd+Yx1d99mLWG9GnPNYZQzHFRoVeOUVsqewuAL3SDqrOjNRxw8qcM5G4NjuRloeTt4dBq1lpkYwxCLa2SqiSEsmjUmKwgcDMEIAxkbOiPj13vcGHptpdo2J7V1S202nqNuUndyS0pmiR4qJQA3OkVdltco3BhgPjJXBSMF28plgCslSSEePOGHgpiypQQKjAPTd4ggAITCMBGBM5K9Vnzx7Ov1JjKET4RBpkQd7piXFeKVeF3PRaJggyioNRtpfHxsZHkUWhvgiegimjz85G1RiX0Gg8NAaHZqRWKmLLZXPQb61hvoeEidCEkO7wIBXtIAQEQCBLAtnWFlnmPMeyX6gxFM09ft46fClNin437U4XSKRZepRsXwoyKs5R4sYRdp7fCPq1VSb16YdxpD9WGgX5/D1WxHQjJSGNq0Lok7C3nDcLGiaoltILz/qoc603I03Za0MjAAiAwHUEYExcR8ji80dHj9dq0qgQ/FK9nEjIz1Vt5V1TtlKoloqRtyKnAmkfL52tFN9kqo0ByGJRKC3rgZMRyS95HyHcAdWrF2QmftTslqWFucDws2ZsyyD6QSnKQFqLijzCFwRAYAwCMCbGgGZblHr90S/XGnu83txnbXJOuwtEJqMmF6lcM5XNu23SHh6zWBQqCnBn8aNT3c9lrMf4FT3E9LtXVm6/dqi0oOdUyI9+bJtbdZ8RhdaE7DGEUUj4gMBkBFKpGCZTEbFHIdBo3F+STcxMGhfybpnII1c6N16HBdemykUWi0JFubO1Ba3SFNRo7GvH0dDTdyw0O1KVicrhytJ8dAlzUW8+DMpOhbFtK7Kw+8w23aAPCOSVgNX/9HmFaoveaoDceetyWXCn7DLnz7KC8xdZofBXBWcfS79vCc7/juDFf0BO8R+TdzhJAwAAEABJREFU4/yL7vYvyeG/JrjzbwUv/AdZaRjGgzRSEr9m1Ns4hfbkaEsXBzEmDbRu6crH2a5rZnYy92H+u81fnEtfn4C8WNK4Pnxx4+45F1o+xk0F8UAABHQCiVcMujC40ydwdPTopF6/3zw4uP/Hn39+/399/vkn/6Nef/BI+t2v17/3X+v17/6nWu27/65Wu/+vu9u/qtW+98/r9fv/pF7/5B+mrbEyJIpOcV6/28uWlsyvU9mc/0ZnIVq8rR/PglszG+hc5j+6rLa4bLfywEFoGRGutIDyoDR0BAHLCWR+k7aczwyp1zurjIV1pugdJDZfNSZhzikYhgSRm7TYofRfXZ5f1APWjx8U9eNpd0ffBXMs819a3FzV813/4jPrmajxErqh+vLk/ETPA0wLnQbcIDA8ARgTw7OayZAX7XCRLHUTli0H54mBWLuxQKSkkPeRD42i1rCk/52xUDErzBsPUWo/ZncGiehbU12XckGlGBkv8erVb5cYMRaADF2BFxwgAALXE4AxcT2jWEPkLbHowMc5p5jY06e8pQe3cvWEeGDTWgVaVamMnLyV4yT6qqmfREHRkNtyXYeEdu8QdPA0utQ7Wfkxxkuoi0xpGWZNNYRpJa1OYgMBEBiGgHZDGCY4wswogeAGK++/+q03XhwycT9BawZddhWShk7XJesb1p54ddEgsRw4HFoMX2wm9eUON+4b4iIfYyWk6kRaQcrLTahuD+lJ/ifa7eH7Yw8CIDCYgHFTGBw0T2eha5wE5E03SE67Fwd+cTg2Nr5+rt/oTy9ePr8+3XQu31vvVo2Bhc3mZ8ZiXtfrmWSI5BkIEbEfOQUe0soUeRgroUqg08KiXJ1NGQ7FHt0enbP4BQEQGIUAHyUwwoJAUgTmCmb3ybNnP3rnelnpNBDw+YxfUjIQRDoM+qlQb+Sje0Ppz91lo4VFjZcwuj1UIGwgAAJjEZjImBhLIiKBwBUCP/OEEWO+t3ra9d2D98lfvpub3ziWOgS62TfQMHkG1MeWcvO21kZ4icki7XyF5tfurp3ROYNfEACBUQikcScaRR+EnUEClfKfq+jZPmiuf08/ztJd5MV3dfmNwx//UD+eDXfv1o+DZn5aJTrlZOZDTUVmnRPe76tXr43l0j1P/IDA9BBINCcwJhLFi8SvJ/AzT2QY/Z4uhPgv35J+mX+3tu7U5YNrRLc//DBzxSxQYPjWIwuU7afCqr48OtHr17+73C8o/EEABAYTgDExmA/OJkzgSqvE05f/JmGRQyfPOSv7gWXlSXYuFW0+bfv6Jr0XrGUMSk1aXiLpM1WqiaSMRGeZwIzmHcbEjBa8RdkOnvyF7IN33R/+s+F1S7Yi5VpdEyg5vHJTG1KWEx0cfDaXtwwKEZai0Mo2b/mAviBgIwEYEzaWyozoVClXDWug3jz8o9GynvTlm3T6o+W2d+j0dRTCzWVVzOTHZygzIL/+EfY5JACVLSOQ/p3IMgBQJxsCavCblBw+KnrLMT/+QPqN8DVskRHiDRs06fSH1WNQuGR1XFr65gkxHpYTqdUuLVnifBCWyDn1UjKmdWtctLSXzkTC4hAEQGB0AjAmRmeGGHEQWL9xQ0+mZuVyzPj3eGetvahZErLIGO1smS1K0tP6b2lxY4WokxPVJKFeVEb4XE8AIUBgSAK4Ww4JCsHiI1DZvtvu3Nb9NO3swWasW/tINcUMrkGws93HaOAhF4kmL18WKCrsvN4C/eAAgRwS4DnUGSrnmIC3CBTjxnVXa+w742XJSGa8JPrEio7neHN69KpP0Iy9k2OgG1N6JlWtLMvxTPez2b2ycvs1afYPa1H4Xn3qfDI2LzpK4BcEckwguTtRjqFA9eQIzDnmIlDnLXlrJ9kRP5bIRMcLqDrT00q9JfT588dr3oF1P8kwqES6MmqNvYCHQlDkxdzM5lhdnl9SOvtb7Xjfe/MtI2ku+Z7Md2APAiAwDgEYE+NQQ5zxCQgybttHRw+8G/v4CcYfc6e8a9TQVr0KPf7sXklRDVYkHpaTK/t4VCDZOyDUXm2yGmbe4Ex1YPvGunlRehpNEEz5dDZpMXYc+AUBEBiHAB8nEuKAwNgEtPs3ydpp7HS8iMlcvoxkVemlL5tMuhVp99DqnVFPTqDp0oIarBgm4C+bfem2LkJfop9YbS/qx8O6lRFS2TYNtmHjjhVOW19CFq1nEL3zjnpLbZiaeoNoeAQXCIDAqASSuRuPqgXCzwSBaD97rbk/4fVnNCDEwnDnytoXdr9/Qjd8iMWCgDgPjSnd4Ds8fLTgmVddMSqU4lUuf/i266V2A7f3Fu+cqhkixFhM2g4U5500JLUuvYvmxlzRaBF79eq3S15g/IAACIxFYMKb+VgyEWkGCays3H5TdIrzYda9B8Tw0ALXysqHb2QNJ78dZeSTvn1KdlQLf/WaMoam+vX16sswcSL3gnmVr+9XaygDMMQiYTGHSguVSNeQH17f7yx99FasOzd0v6Tdt979urHsd+3oUUHJZFxqrhxyC3MjD/AFARAYiwCMibGwIdKoBNZKC0vh7ZvkA++4gy5HlTx8+NXlktFsX7f5rZgyW92Fv6Sr842jqb60IIwn9INne17l25HQ+T275EZ3R8eXsYrsuujXSrG1tXvGVm/Ilo1O6LR++VwhuMcZRoOg8HKcuLstrdxADgjYSyD4R7NXRWiWdwKVclXoeZD3blGfuItDTzEet3zIDyuYeJJMNpXIWy8nbar3jBMuKXS1VuXUdRq74+MH869PD19Ki9AoV2KsZyuFMiSKnM1TJnRZIFVbAJP01TBdJsx8GLnFAQiAwDAEYEwMQwlhxiYgDQmjmVy1SdhoSHgZ1OoU4S3vTZ63tT967TihkqobiiKrkr55239tDTVVtiYNQvec2lfbmGQrhTQgZdmLne1d1zMkJtRv7OihLaFsH81oCGwMOjnhb8ZOHxFBAAQ8AjAmPAz4SYLA9nZVLQ4U3rXlo26nzz0JaZOl+e67d8/l42qQyMuTs9PgYModairoaqQbShl9ymC4LuuqG6RFhQr1efkXk5/r0kjqvNfSoiX+8uT8RB3ubFTDcRTSvHjxYm9V+WMDARAYnwCMifHZIeYAAu8t3jktMDKuL/UkS70+Y/sZyY+dioq4OM+Kau9vsstg2XdP8/6nfuqvLZQWN1dDi0+ZESRGMfqazU/qteZDfukO9/IstQCW2ijpT59uIOa44YWjZzxpfZA+CEwxgfCfaooziaylT0CsmaP2T8/dHoP20terr0TBcl2taD00fbPY64R7sWi0wAgSoj7mwNOnTx8UWqJQuXTFeS9Zyk/qKdsClCuFrV83kDGVIz11UsgxRIBAZgRgTGSGPnXBqQmsqGmCWtWsxh88e/ZwPjUFxhGk6Svr01zUMEyvFHX9h8z/rY3dNjEWxFSZrntTP4dMoEcwIS7/X68xErXGHlPbuIZKD1Hje6mM+rEx+NIngT0ITEQAxsRE+BA5SuDWzXuyPzqsoNT5+lO7F37a2LhtPEmfXrx8rvS2ftMrxRHXmFBTOHmBBf//Kqm6rPAnyXMwayOSiDIiIl7ZHgbmE1FLuG62ykA6CEwHgeBmMh3ZsSAXM63Cf/w2LwonQCBrKF4sfRIcW+qYc+aN8RLPnv3oHUtVDdSaZDnocnn3zKGSsebDZbstjcAg+ZEdyjiJtkjILhOyxZCQ3Stenio3dy89R/en2fzsyjoa3VPYgQAIjEAAxsQIsBB0MIFK+ZNf10O4Lbf95Ml/+xu6X7zueB4qmfyEevnVTuhjo+vGXKGo6/VqyOWgVeuBQyzS5eSKw8NPjfT0tK9zl0pfe8MjxokyJOqNfa0N4LpU4j/PZB9OkCrruorkdF1XZ7T6J7AHARAYmUBejYmRM4oIyRMQQvi3bHWjFgfHDwvJS51Mgnq3hJ5CbcIxA3paSbo55wFrBXsYWapFItp6oOZu1BoPx74PqGmlaysr5uqmUqGsDQnFQ7AQEXW7gWRjWeDZb3ymiosNBEBgNAJj30RGE4PQ005gc/Mbx4wF92miC4qn2WAguMkuX7VQk9RYfgMhsq4J3PlxMFl7X6Ot6oZwoi0SsvmgNqHxFJ1WqtSwwZDY2PjoTC9Yf40JEpovBl+q4sIGArEQGHw3jkUEEpkFAnOs8K6ez/oXV9/poJ+Pxz2ZvbK6vGC8i6PWsHugaF9m3Tdh9juv1vxwIt0QasZKbcwpoL6cyvauUQDKEpMMtdraD5n+vshuzOlS/W4gpmnnXgpDfz083CAAAqMRgDExGi+E7keAh7dpVz7x9gtmk7/UOKhaVEVok26DdNn5yY+NwZL+mzB7xVHjGa68qVOWT62p3v7ZK8ZwftFppSQB1ht7Ac/hUkkuFOd6E0RHztZW1Rh8mYduuI7m+AWB4QhkGQrGRJb0p0R2pVw1nvBO3h6+Sidr8V2+ssVbVofpaD2pFFbkQ2d8vbSypMtTmZy0RUKNk9Cnlar0ZZrWGBJKHyEtRbVXm+iOl3DIddQxNhAAgfgJDH1Til80UpwOAr/8azIfekUihnmng4yT6dd7F4emwaRP6lpSKTh5yFso86C3SM/IC0N6geJoPVhe3DTeZTHsMtqeAin89BsvodkXKWgBEdNLADnrRQDGRC8q8BuaQKW8+k/1wM7c8m/oxza619erLxfnmdan3r9CtlF/0gwEaUsMUj4IqQLFMZ6hsn2nHSQq4cgeE6GW0ZZOa77zznxYthKQP17CGgWhCAhMIQEYE1NYqClnKahb5H1b/PjH//1vpSff6F0ZWmxpkVZIq5GF/FBOPhsb94zVOoNZChH9K9tVZT8EvnG0SKjuDWKOcc+oTzgbJFAwRocgFlyTJDABNEa0qSYFYfkiYNwY8qU6tE2LgOgjqFK+a9Tm9QlnB/QRE6t3OaKzTFzUm+OvsyDjp/qdc1rFQKC03no9de+oPIbVqVpioV8RBkkN4yjdsLt7Q+VBGTyaKUGi1Worf2wgAALJEoAxkSzf3Kf+sz/7935R9tAHVZOsleTXz5Y803XKek3z73pauHNEkBUiqXEtZ9NBGQuZE7v61F3ZrMpuiDCMLBc6mHDmhirGnY1qmwx0wrruDaXn8o2NoNVJFi/Vv/gsNL5UAGwRAjgEgXgIwJiIh+PUpvL8+bPf0zN3c/PQW4rZhlYJRmNcvoyFVaLs8KccfdTCU6TV6OLCfOr2BpU6IoDiVabNmKZrFkzYdQu7N0h9WAiIqWNsIAACqRAIbjypSIOQ3BHgqkbStH78+PHlzuJHp0Th06+b0ZiDC7fd9lWLqOl7D96z9ljRBiea3FmHFj1DzpegP3Vvbe2e3Zjnc9StS1XGTs8uLiiGT6W86zItHdtmb2iqSWeoqT8lVHpm/oUCIDDtBGBMTHsJx5y/lZVvntD6jRt6snE0o+vpDevWX06lqpBy+V572LgqXJtxYxEj5WfzJvQuGk1R/50bioHv3XKZ++WXv2kYH/650VhWfYUAAA2LSURBVPdma45tszf8/PSbEuqf1/dCWVu6B9wgAAITEYAxMRG+2Yu8Vmov6pWWINea27IjjAfoK4Ujn96NlSMbjX3jNdxXIuTAY2Xl9msn8s4N4ZIaz+DEob4a0Kin46byzhVd4vDuIuu9hLafAiPNKGK+L/YgAAJxEIAxEQfFWU1Ddm/UJ3jjZCzYZMUZpMPYwCqiyMLxBN7oyyBifh0rS/PGCpckjbv60/jeMVJaUAMaQz4Hz9J450oobxRXryW09fhCuzyYvHb1c3CDAAhMRgDGxGT8Zjp2LYZZApMCdC8vgump1zeRaLWJGGh3TKpWavE51/MkqBa3caelL6jTOZBa5kYUJHQUrqlrtAvk9dujlJZ8HzETCA4COSUAYyKnBZee2r0vkYv25Rfp6dBf0sGz3yz4Z5V5MHDchF7ZyJrRj5fX/XuLd0513V3GRhozosft5a5E3rny5tTeCjhqLEQX85pz5uaCPEo7Iw9Lvgf6wgECOSDQu6bIgeJQMS0CwYN/IFDei8Xh4aObgYdFjn7jJlRlo6v5+i291o/tc1+vkVjnwUBY1Spz0Ii9C0LZZ54iqsxtroDnnQXDWIgu5sX09TmwKqZXpvgBgTgJwJiIk+aMpFVvxtcnHwcyV29lYCyoAPW0i044OE9VvC9e7Bkvq9LD5scdZlVV9nHqHV0p1LYyj+ZVUFjugpHQz19ZnwOrYup44AaBWAjAmIgF40wlYtyorcj5RThuop8+nBHzz0lHkAffL9d7mZuDmA286PoitvMJTQmilsuN5jRnwPoctucL+oFAXgjAmMhLSWWmp3GJiJqFy0/r4yYUpui4iZ1y1RhL0KbLWBZzUrKy3qQdQbVmTKtcZp2ZMeXvlHc140FQdB0MIZsqxkwa0UAABIYkYNQUQ8ZBsBkkICutCQyJ5IFJ/QIhDkVqD0HGdd5oPMr9+hJ+Zi/bbWPtDN9/lvaMwnYJF+MhZqnokVeLCBg3WYv0giq2EJC1tCAh6ha2SOiIIksnM/+cmvEQVjUkc0IyR/7ZfO+F/OirgOY7N+Npv7NddfWYJ28PMeVTBwI3CKREAMZESqDTEJOEDGf+ZLFu60udtAw/f1V4qx3SzlanknHXeNgKIYhsH0io5yHqvnSFVnFKA8+CdT6iOqZ9LA3FwHBUpqLNM07SZgN5IJAmARgTadLOoawnT35wlge1T07uL0lbIVSVEfMOWHevDkS+WyUKhVJJ5uYPZVZeEPFflfuZ/kZnnNRyYPTOdIEh81NNAMbEyMWLCNYSkH0dvm7yiZW2tj4+Y7L29f0u3JYxENP3z8v+4ODX39YO9j6oNfbWa40H30lT70q5athqacruJytvM0765QP+IDANBGBMTEMpIg89CRQ5m9NPHB59VtSP4c43AaG9akVYZ+rkmy20B4FRCVhrTIyaEYQHgSgBIZyoF46niADTmp0Y5bsLa4qKBVmZUQIwJma04JFtEBhEoN58yIXWbaTCVsp3tQGgyie7zVvVUloQvgbuBVmjm68T9iAwQwTM+fezlHHkdRYIoH6ZpJTPW05kjAlnauyEv5mLRU0iabS4W1u7Zw6VFjRbgg6exf5ektGUQmgQmHECaJmY8QtgmrLPzs6MBZyY/nKnacpoSnk5Pn5QpEvR6teBwIh5xkW5fNfgnqR6qkWiyNm8LsO9ZpaO0NYwExhboaODO28ELNYXxoTFhQPVRiNQ+5PfMQZcmrFRjZg8hjuqHe8X2+z8clBoh7jjt1aY+11R2d5119aqLwfFH/ZcqfS1N1y2SOjhlW1w3XtJOCcWxsF1ELKACwTiI8DjSwopgUD2BE7PZe95DzVqWIOgB5XhvBqN35priULFZeIv1xp7TG2qEr8+tqzDGWMrS7RiGhlVET2+tXX9eIy10vKiTDEQqxok6lKfwKOHQ7VkkGZLnLd4pOuG8AGBKAEcj0EAxsQY0BDFXgLPnj2cd12zYb5Ng5+s7c2NPZo1m5/UDw72/6evkVeJt6Ok/bOj7zk3x2NEjQ11zBjXbQmqN/aN415SncgbQ72um14B4QcCIDARARgTE+FDZBsJMKOKEUI9WduoZ951qh0+dGrNPcZa/KdrsoVA356/enUi8zdcA4YMmNRXaOMlkpKBdMckgGhTRQDGxFQVJzITJVBD90YUSezHnx9978fRRF+//t1laVxwXiyuu8z5C9LNem1tEsl2O2gLW0V1xDEIgEB8BGBMxMcSKdlG4OztwIGDtqk7jfo8efLdFwcH93+/X94ajf1CdDxGL6Ojl1+/NOFvEMABCKRCAMZEKpghJG0CglxR+/L7c2nLhbzRCTQj4zFGTwExQAAEsiYAYyLrEoD82Am47LxVbzzEtR072RwmyPSFyxIcwpFDNFAZBOIkgBtunDSRlhUEMODSimKwQwljzIQxMtcO/aAFCEwJARgTU1KQyAYIzAABZBEEQMBSAjAmLC0YqAUCIAACIAACeSEAYyIvJQU9QSAtAlMkR6BnY4pKE1mxmQCMCZtLB7qBAAiMTaBc/ut/IG9wgTkhSGAE5tg0EREEBhOQ/2uDA+AsCIBAIgSQaOIEWh9QYEoQ3dw8mk9cJASAwIwSgDExowWPbIPAtBPgkXaIx48fYxGzaS905C8zAjAmMkMPwakQgJDZJWBMC51dDMg5CKRBAMZEGpQhAwRAAARAAASmmACMiSku3BSzBlEgAAIgAAIzTADGxAwXPrIOAiAAAiAAAnEQgDERB8W00oAcEACBngS2tu7Ud8q7bqW8Kyrlqrcxrs/lIFL+PSPDEwRAYGICfOIUkAAIgAAIpERgc/Mbx5XtjrGgjAN/K3LnFiPGiOSX8AEBEEibAIyJq8ThAwIgYAmBnZ3bDd14mHOKPzm+vRCZK2pJHqEGCEwDARgT01CKyAMITCGBUulv/wFrz28Pazyo9S1dlwQrnP/fWmOPyeOI9YBWiym8TJAlSwhkZ0xYAgBqgAAI2ElgrfTmA1I9Fz3UE/KjDAZ9qzf32MHTPf7557/153tEgRcIgECCBGBMJAgXSYMACIxHYHX14/9NjGtNCYJMw2Ef967x0CIWCIxF4LpI+Ie8jhDOgwAIpE5gZYn/vGZJkCso0mWRukoQCAIgMIAAjIkBcHAKBEDADgIHTbRE2FES0CJZAvlNHcZEfssOmoPAFBPArWmKCxdZm0IC+I+dwkJFlkAABEAABPoTwJn4CcCYiJ8pUgQBEJiYgDtxCkgABEAgPQIwJtJjDUkgAAJjEri1UW2PHhUGyejM4oyBtGaJAIyJWSpt5BUEckKAtZhhPPACjXSvWln58Lk5tTQnGYeaIJBTAiP9g+Y0j1AbBEAgZwRqx/tFIjH2dNDV5aVVfWppzrI/kroIDAI2EIAxYUMpQAcQAIErBMSYtsTW1u4ZMxa8upI0PEAABGImAGMiZqBIDgRAIBkC5fLutYMglpe/9brI2Xz8GiBFEACBQQRgTAyig3MgAAKZEbhsOca4CYcY2xlgUJRKH375E6ut5cwUhmAQmGECMCZmuPCRdRCwjYCuz+Hxg2KbhNEawaRBsb3de2bHWmlpXY+v3EK4Y4+7UPGxgQAIDEcAxsRwnBAKBEAgAwKNxr5DrvzTZBfYcDM71IvBhGDkfwTMCh8F9iAQOwEYE7EjRYIgYDuBfOlXe7rXNShCa+DWZjVosahs33V3ylXBegy65JxCa4JgTuSr5KFtngjwPCkLXUEABGaTgGdQaHYBd4jtbFfdSnlXkDQiNIshAPT++7/y70mL06bi/yF8QAAEEiEAYyIRrEgUBIjAIF4C0fEPjClLgfUV0r4o/iP9ZLP5yVf0Y7hBAATiIwBjIj6WSAkEQCBDApcuc9U4CX8Tor+hkaGaEA0CU0kAxsRUFussZQp5nRUC9eZDrgyFNgljyqif/6dPHzi+29sL3N48DvgBgRQI4L8tBcgQAQIgEB+BRmO/oIyK6BaVIBiaJqJMcAwCSRGAMZEU2SlLF9kBgTwR+Lmf+/u/JG9uQT+HwEyOPBUfdM0hAfn/lkOtoTIIgAAIDCDw/Pmz31HDM/0gNzePsMS2DwN7EEiAAIyJBKCOnyRiggAITErgvfLuERfm+zkeP358OWm6iA8CINCfAIyJ/mxwBgRAIIcEBFHRVFv6mB44AgEQiJkAjzm9XCQHJUEABKaXgCAeme0RDJ2Y3kwjZyCQMQEYExkXAMSDAAjES4AJ5uopqlkf+jHcIAAC8RNI0JiIX1mkCAIgAALXERBMnF0XBudBAATiJQBjIl6eSA0EQCBrAoxeZ60C5INA7ghMqDCMiQkBIjoIgIBtBMSXmkYYfanBgBMEkiIAYyIpskgXBEAgKwINTXBLc8MJAlkTmFr5MCamtmiRMRCYTQJciA+CnDM6CdxwgAAIJEYAxkRiaJEwCIBA2gRu3br3lwSxnw/kCjoN3HDMDgHkNHUCMCZSRw6BIAACSREoFN78vkz7j+TW+TJqdhz4BQEQSJIAjIkk6SJtEACBVAk8efKDs1pj7ytyY952sPfVVBWYLWHILQgEBGBMBCjgAAEQAAEQAAEQGIcAjIlxqCEOCIAACKRFAHJAIAcEYEzkoJCgIgiAAAiAAAjYTADGhM2lA91AAATSIgA5IAACExD4UwAAAP//rlLFhAAAAAZJREFUAwAnqbIwrQRmkAAAAABJRU5ErkJggg==', '2026-06-22 09:35:09', '2026-06-22 02:35:09', '2026-06-22 02:35:09'),
(10, 1, 27, 'submitted', 'data:image/png;base64,iVBORw0KGgoAAAANSUhEUgAAAhMAAADFCAYAAADuW3A/AAAQAElEQVR4AeydbYwcyXnf66me2V2SSy5f7sjd6ZmmIh/kFwHBIQfJTuDAJ8kn3u7wJDnJyXDyJTGQAEmAIJ+SIAES5UsQwB8SIB/yAiNGnMCBQiPS3e3MkpRkKzEMWLABnSH7ZMPyiZyZnn0hebcij0vuznSXq2a3Z6p7Z2fnpaenX/6z29NV3V1Vz/Ornu5/V3VXc4YPCIBAaASKxZuvWmZZqKlklr8TWsbICARAAARiTABiIsaVA9OSR0AI8bJnNTH2CS+MOQiAAAhMTiC+OUBMxLduYFnSCQiG31fS6xD2gwAIDEUAB7uhMGEjEBiOABG95G0pGDvrhTEHARBIDgFYOjoBiInRmSEFCIAACIAACICARgBiQoOBIAiEQMDs5kHMYPiAAAicQACL00QAYiJNtQlfQAAEQAAEQGAGBCAmZgAdRYIACIBAVARQDghEQQBiIgrKKCMzBIRgL2jOkhZGEARAAARSSwBiIrVVC8dAAASiI4CSQCDbBCAmsl3/8B4EQAAEQAAEJiYAMTExQmQAAiAQFQGUAwIgEE8CEBPxrBdYlVwC3YGqcMNEcisRloMACIxGAGJiNF7YGgQGE3CN/6ZvYJqvfU6PJyMMK0EABEBgNAIQE6PxwtYgMJCAvfnWf9U34HzOF9fXIQwCIAACaSEAMZGWmoQfsSEg5KdrjEsf64YDAURBAARAIC0EICbSUpPwIz4EiD/tGSMwpHYPBkIgAAIpJQAxkdKKhVsegejngsRO9KWiRBAAARCYHQGIidmxR8kgAAIgAAIgkAoCEBOpqMbZOwELQAAEQAAEsksAYiK7dQ/PQQAEQAAEQCAUAhAToWCMKhOUAwIgAAIgAALxIwAxEb86gUXJJ3Am+S7AAxAAARAYngDERB9WWAQCIAACIAACIDA8AYiJ4VlhSxAAARAAARAAgT4EZigm+liDRSAAAiAAAiAAAokjADGRuCqDwSAAAiAAAiAQMYFTioOYOAUQVoPAqAS4K5ZHTYPtQQAEQCDJBCAmklx7sD12BF56aXWeEZFnmJAfL4w5CIAACJxCILGrISYSW3UwPI4EDp7xPc8uIQONZhW/MckB/yAAAukmgANduusX3kVI4OMff3NJFtf7TQnmyjj+QQAE4kYA9oROoHfgCz1rZAgC2SKwv79X1z2uNyuGHkcYBEAABNJKAGIirTULv2ZKQHVxzNQAFA4CsycACzJEAGIiQ5UNV0EABEAABEBgGgQgJqZBFXmCAAiAQFQEUA4IxIAAxEQMKgEmgAAIgAAIgECSCUBMJLn2YHvcCHTHl4ibYbBnYgLIAARAYAABiIkBcLAKBEYjQHh6YzRg2BoEQCAlBCAmUlKRcAMEUkEAToAACCSSAMREIqsNRoMACIAACIBAfAhATMSnLmAJCERFAOWAAAiAQKgEICZCxYnMQAAEQAAEQCB7BCAmslfn8Hh6BPy/p+mVg5xnSOB68ebXSmZ5xzTXPjFDM1A0CMSKAA5+saoOGAMCIBBnAsXizVeFEF8ixl7kjP5nnG2FbSAQJQEeZWEoCwTCJrCy8nrNMssijCls25Bf+ghIIfGy5xUJ9hNeGHMQyDoBiIms7wEx9v+ll1Z/6jSRkOdGKSwX/GWtuWHli3zSQ4CIXvK8EYyd9cKYg0DWCUBMZH0PGNb/GWy3t0d/NINij4okKpkQFEcwMOsRMLtBYhikjOEDAocEICYOOeA7hgT29899d3izhKjZFRplkk3W8uLy5BKIEVmFNbdU+uzWyVthTZYICMFe0PwlLYwgCGSaAMREvKof1mgEHj269cqB4/wlwfnfVpPDjC8LTjdcctcoZ/wVwcWnBDfMtmhZNbs68r5cb1Z5UHyINnOYLjFkuza5Z65ZaKXQagZBEAABEPATGPkA7E+OGAhMl8DW1u179fo7/1tNtv32rXp9/W6jsbFx//7b363Xq39Qr7/dbDbv1sOyor5dyTlOq308P9lK4bvRE10gxxmlfwmRWEq/l/AQBEYnkE0xMTonpMgQAXv7bv7yiy/8rGyh0NsoAgSISoVV302astuk24eO9u8ArvRE9W6O9HgFT0BgQgIQExMCRPJ0Enj33f/xu7Vmhbdcck7ykIhLQVH2CYqTtsXytBCgubR4Aj9AIEwC0xQTYdqJvDJOwDJv/qbldTMUy/8/Khybm+s5/b4Kt+X6xAURI2VXyfS3UkRlH8qJmoDIR10iygOBJBCAmEhCLWXcxmLx5qcZE3+zi0Gwv65O4N5UKpR3uuumHGjsbOT228fvqSDGyWCi283B8EklASFYLpWOwSkQYJMhgJiYjB9SR0LgzPdkMdty6vsvWwde9ISFmktx8bzvhiEt3N6+mzfmFl9mQp5a9DyJSI8inEoCEIyprFY4NSkBiIlJCSL91Ak0GreeyZaJ/z5sQfKUPq9ERXAqyW6SQqH8G8PmM2i7H/7wq3/oEB9wg+ag1FiXYAI4Zia48uJgelptwA8jrTWbMr9qdvVf6vcuqLBLud8cxU3VbJAj9ktWSGNG2Pa6oewY/NTHKBZi27gTkG1RajeKu5mwDwQiJwAxETlyFBgWgUbjrTfVydybXMr//nB5B8eMOP6iMNlVItRNlZZ14/ZpeXpPfQTPMpZsCdGn0/LB+vgTuLR08A89K1V9WyEJUy9PzMMigHyiJgAxETVxlDc1Ao3G1z/tCQt9nn/u/rtj9zecYoXsKmHEODEnd8PqioI1YZlronht7digVuqpj/02P2Cdj+h84yt9BP74+9/4Vb12BVN7Svr8hEcgMCoBiIlRiWH7xBH480cb/6rWrHKXchOOlKmuRYnxHBlWV2CUpcA4nOZz7tEYBGo7hk9KCTiCOSl1bWS3kAAEPAIQEx4JzFNPoNF4y9JbLE4KizZ7KlRThuwgF6mnAgfHIAC1OAY0JEk3AYiJdNcvvBuDQH27sli3q7zerFK9+ybST/2k22YuY5AXYyBFkokIIDEIxJ8AxET86wgWxoLAV/6ksV0xanaVal2BURkpHAs3YEQIBARaJkKgiCzSRQBiIl31CW9AAATGJDBOMqiKcaghTRoJQEyksVbhEwiAAAiAAAhESABiIkLYKAoEQAAEQAAE0kgAYiKNtQqfOgRKpRtf6/cI58BlhbLbSYwvEAABEACBoQlATAyNChsmhYBpltvqPRzk5r40ss10+EpxJThUHlev3myMnEcMEsAEEAABEIiSAMRElLRR1lQJlFbe2FMCwGDMoBBKUnks5IVpmWtorQiBJ7IAARBILwGIifTWbeo9KxS+9BWrcDj6pGWWBXH3jBIAQcfVAFSnPc7ZFt5Q2MHUKt57l0dJCotC4ed+TS1lDN8gAAIgAAKKAMSEooApcQSuF8uPDGr9G9ZPPUhvhGBMCoTHLomfqdvVU/fzZvOd+drR+BH5x84fqAEwZTbH/okR5Wjx75YKq2itOEYnGwsoG26yUqHsKpE+xITfQkb2iUFu8kErsQ4E4kBAt2Fl5W/8U3Vwk2Lhcv+DumDcpa16s0JSICw1GtXv6OmHCf/5k9ufqjWrvOXSie9gIOL9ix+mAGwDAjElUCqsdQUEEaMhzSTVYlcsvro75PbYLIUEICZSWKlpdalQ+PmfzdPz/3DMP5e5zGCXmeN+Uo1QeW9zfeXYNmMsUG8C9VorjB+53w+OpG2ZaJ0YAyuSxJSAEgQkP+OYR4yIi3NLluwGHCc90iSfAMRE8uswJA/im02p9MUbVmFN5Gj+dxhR11AhmyfawnmrtlkxarXKh7Wtjfe6K0MO/PCjjZ963qa2P1tOlll2l5dfveVfjliaCfT2wGR7ubKyui/3X+FNpP+4+rjmCWtv7u6zPi13vfuLvHzlb9e9cuXLI7cQ9jEBi2JMAGIixpUD0xi7fv3GZ8ht3z5+nBNMvYir2bw9+uOfY4Ld2VnPs5YICApGc8a5v4VWijGhItlMCFy79tnnec7nTivcEw5qHty28bCSW7q89GNMuCK4zhcnonMLTz/dFRfmmjgUGG/+nm87RBJNAGIi4upDccMRsMy1m5ZZFqKd+63+KWjwAax/oomX1naq+bZgreMZ4R6K40ywJI4ELHPNnc+dmT/JNimXHSUe1HTSNt7y733vN96vNTcG3l/kbdubE5MXB3Rufu+nlS0Mn1QQgJhIRTWmzwmpFD4R9Eow8YE6wB1NM9t3m83K3Nwzdyl4RbaysrYTtBnx9BEQxCpdr1RfWzcS34BVKDuWefgYNZNncqZ/ZHfh0W+q8xbc+nYlp68eJqzfX+Tltftk/0+DvxFfXlJTMGmLskvdr2Gaq326TRg+CSEwswPydPkg96QTMMjx3/9AbKtuV6/Exa8ffLDxWF2R6Tdl5jm9KA+MblxshB3TIWDb1Tfa4vlrbdH+1Vrz9MeOp2PFcLlaL5QP5D4pGLH+x3rBmPShc1pnIX8eP/7mT9Rkq0XNrpA30W5rmwmpXgJlESMyGOfK1uLKKn5DAT5JiPIkGAkbs0egzS78P0bsPXmyfiKPd/+51qiE8oRG2CRd2VwSyJOWlz//QWAZoikj0Gx+65vN5p2/H2e3Sitll82z/Mk2kltrVujk9eGvuf/07nJNCrDcLrflT0f+tI+XwTmnQqHsHF+DJXEmMJGYiLNjsC3ZBBqNW8+kgPikPNhdqNuVfxRXbxwmHgZtmzPyl4LLEAeBKAmUzLJLXMpxvVB56paNAsJrJajZ64a+Osrw+0/fKdbtKud59VtxjjVV5Ihxhk+iCKDCElVdMDZuBDY3q1drshnXdWUbimZccWUNTbUaDwSjIWBZazXVVSCbG+R/r0x5thZSmFNdtgr0ls4+dO/e13dr9m0uLxiIufJP+xlZJn5DIdfQVLODmJgqXmSeFQKNzQqXB+yuu7Kl1ncw765AAASmRKC0LE++DpWC2btE7XqzEvtjvRovhvkaU0iN4yIgzFkiPrHfwRJBEUaCgCTQcp02066sSoUyWickF/xPn4Al9zUy6JiArdmfMhqN9fz0LQinhGcH7KNgTkqYW4UE3ZQZdCAjcYiJjFQ03Jw+ga2t23lNSzB5aKfOTXDTLxolZJTAlStv/p5llgUj+aczEKxzbwRjX0mUoH3woHLeYfstofuiwoRxXBSGOE8QE3GuHdiWOALPWuypbjRxRnh+XieCcFgELl784nfPLez9tJ6fOgk7Qri1BHRr6HbrYdv+5pwjcpaQgkhfHggjGjMCPGb2wBwQSDSBBw+qiy1X+B5rMxjnEBT+ai2VfrJWKvTeUKmurqOcSvJqvmSu+erJb2G8Y+fPf/mHF861X9atVEKibvNfsJvVmT2lodszSbjZfKvO1P2Y3UyUd90IAjEkwGNoE0wCgUQT2Nys5tyW6ztRGVJQJNqpEIy/du1zT6Rg6LzimtyPl0h+Qsh2rCxIpiJGnUGSSmay7m25fu7zW5cuPP2YdMH333kigr3zdd/CSSOxSU9M7juieA3jT8SmSgKG8EAcUpL8MQAAEABJREFUURAAgRAINHY2cm3h+PqrrYw96maZh8M3e/P53MKiREtyitW/NKjz1IBVWBPFwmo7VsYFjFlefn1XXMxfCyxmNTvawaeC5U8j7pJxrDmCchh/Yhqsw8gTYiIMisgjVgSsQrlz9eudxEaey/RhONRs3jaY7Pjt5aUedXvdJzB669IVKhTWhvZTuELsPnn+RJ0Qo5iE/PSlTcQ4ccPbX0rSh2LxxhM2/c9QJVy9+sbenGEsBTdWzILL0hC37XWj45t274QUfqy4nKyWpDTUxTA+QEwMQwnbJIJAybzZeZkRI/k3icUyvWz6FpY5eZPqsxZ7pj/hwZihbsgc+kQ7iRuzTLu3xz8cUL5w2N5zdaJQU32zyh8//taFAduHuqrerHJVLrmOrJtjF7/dskh+uMgtyv1A7QtH0/AiqZtRCAHVtbGQd88Es1J+BJelLV4L3ExKfMLfd9oAxcQfHhM7YAYIjE1gefnzz9UBn5gIbX+mQ2s6feoy77FP/g8eVM8yp+UcZnf4bTCeekGxu7t+RZ3oBDdMb2oL/qJaJidu27997MR4SGeK34Gs72/ePltrVklw8WvC34QU2FKPEpUK0V8Zi4x0beik9bCQzVdenOSPEzc0ezTiM+fxMQWWgMDoBNSJfs7Iz/dN6ZIrT1zdNxaeFmau/Oub0WRXQrXtuzmHCZ8gMTIgKBTKev3tpjc1m+8ce4+J2mbWU71e/eW6Xe20VtTUvQdyv2HC1z/lM1GezA7vsejcE7LmXrr0yq5vg5Ajch/3NZ+oSMfOkMuJc3bc4S3dPvn74Xoc4dkTQIXMvg5gwQgEVlZutkvmmlvqHMjL6rgqr1P8GcjzgFAH29rmaC8yqm1WjI+eGXvyNKLy9WU66dWobVcNKVWyICh83JIYqcn9RrZYdMWF2pdEmzns2F6hvCM6f3Z5SZ7wfXWr1oQxFdUQ2YGMDp/aCCxMefT+dkVeMMhfpuYnnuzQYMQgCDERg0qACYMJWIU3OvdCyAO2yHNhECOiPkk8EVGXfeJ9Vg+16IMP3j5Xl3206gSiJ5AFqqvRiU4YNSlW+gkKjJKpk45nuL5dybXbNOhJj3675ETOWNaXfp8bcs/TcnFY23eFrq1KfZDa/LnuJMeTHTqOmYchJmZeBTDgJAJXrvz8/1ICgpF76n7qsNb+JCKinw37bfcgsJyK5mT95f0EBeNs9BNRwDBEp0+gubOeVyJTTUI4x9opLNliFqoVzsEr/vyEsO07c/5l2Ynd314/67q91oljFZAdFLH0lMfSKhiVeQLqxT7nFub/Tn8QQrU4C+HK2XNjTx3cbfvuQv9tx1+6vb0x7zqOo+cgfzCyhWKylw4FBYVSEsvLrz/Wy0E43gTqzdudbhDWO7dJg4mslcmfAJIZHf33WiXUibNmV+Xud7QqqzOD/ZHnuvrdXL26et+LYz5bAtg5Z8sfpfchYKmrfzr+Yp+WS07NrpA8qFLdrvD6ZoXXHr19rk8WYS1ija3bOeHI/nJfjlwKihBaKLQ8c2SoAZ20JQgmgcDegTiQkrZnKmfcNCcfprtQuPknvUwZo5bcCxk+jUb1L+sUFvJU0uMIz44AxMTs2KPkPgSsQt+bKjs3VG5uruf6JJn6ovqW7C8X/tEsZaFSUEw65oCrLjhlVoxxjq6ODoiEfT18uDF//NFf4pcvf7o+iStE4hN6+tpOdSb7vm5DjMLd340QvdabGNmXSVN4Jr2G0/EicGRNcUWenOkocjRri05rxMz3085oli4L3IBJVJygn3y/ffDsyM3OrFj8zKNOAF+JIqAe/Q0OnX7uzIvFSZwgl7r7muPvS5kk21SkVf2bniNKSsiWoC4rbznm0ROY+UE6epdRYlwJENeuzuW1h+rSaDZn0xrRj1HwXge1jTSZrIIUQSoy4rS9/S3ZRSMdPUpH4szloyBmCSOgxKbr9jo8lCYujblfKNcbshWuZp/NiYN228a9EgpJdzKcnG+Ic4ORGgTOd29Td2MEIiPAIysJBc2aQKzLLy7fdIhR10b3IHifQnfVTAP9BAUjokLhxqDHBgfYTF01QYyYZZbF8vKNjwYkwKqYEmhsVnzHU7lbUGnxs3vjm3vLqT+4kx8/fTpT3tt+Z0m21vjEg8FkR2E63U2MVzwxlsLQVBIoFlcP1AmUG/6hsBsPK7HtI+4nKHKUMy5e/MLWqJX0vEXHxg2YM3LnCoVV38Fy1Hyx/WwIHDiOT1TS0pmZDxs+GxLTLVW21uSYNsT2dEtD7sMQgJgYhtIo22DbkQiQS7EVDYMc6QgKRzZsaxtdOOdc06JDBXd21udVd06vgfwwWY5wpXVIIlnfW1u383Kv6LY2Kes79wKpAKZQCQj/9UeoeSOz0QlATIzODClCJUD+3JzD92n4F8YzVtvaUENk+04cspVlrJvBas0KibZ+g6fK9iv4fcaz6gdaFezu4JwCO/nA5FgJAokkkNSDVSJhw+h+BNRJs7e8tjXa+zR6KWcTki0U3O8Bo3GvROvbFaPnBTHT/M6xLpDeeoTiTCDY3WGZkw10FmdfYRsIKAIQE4oCJhCYgEDdrviuPNWV6LhPeOjCxMAz9BPUymyTqu6OzjitXTO4bx/pLkYABFJCYLCYSImTcCO+BJ7s8V3NOv1cqi2Of9BhYt9nJRFZhddHvolSaO8eYDIPE1e0PqxJiuw9b/ne7YLxEMKtPeK9n1diDxzhIplpbnympaPwzBPY3V2/vN9uLTqs/XLN9j9alyQ4tl1dCDZtMzK4ZY74rgZjz/eODoNxwltFk7Qn9Gx99Ogb80z0TnOGVIdXr970i87e5giNSIBy4o6XRDX7XL9+82tePKvzWfrNZ1k4ygYBRWB7++5T277zhyqc5Ek1basROwM+8ELhi/8ksOzEaKPx7YtqoCLf0x2cqWPliWmwIr4EWoJ8j4ou5Ny5V175B2fja3FyLLt//86qbq1ou1/U4whHS4BHWxxKA4F0E1AjdsouD98THQa1/uMoXquBitx2u9uGq5TECy+s4op2FIgx2XZzs5LvvN3Ws4eIPdi0n3pRzCcm0G36EZHdYzSxzanMAGIildUKp2ZJQHZ5GIK53YMcMaKVa59vjWJTY+eOb/yNM/OEkRBHARijbeubFf8TP8QYuq7CqaDgezrCyRW5jEMAYmIcakgDAqcQqNsbvtv387m8TxycktxbrQkSJk9B3mLMk0agbqsnfrrVyYijPk+rw3HWlwqrvm6lcfJAmvEI8PGSIRUIgMBpBNrM9XV3WIXRxhrYbz/TngYgtrJSxjs7ToMe4/UO49r+0BMWMTY59qblmfFnupFE3ChdK2u/G30twtMkADExTbrIO9MEbHvD8AEgTlevvjb0vQ/b27+1oKfPEcONezqQhIW5K7TWJS04Uz+SXfj7zfUfZw57pHtBOYYuQR1IRGGIiYhAo5hsEhAkfPdKLOTn5kql178wAo3uJSyRkGIEjxaOwA6bZoBAbavyAhOsnQFXY+0ixESsqwfGJZ1AvVGdcx3SmrcZI9d4iw372d3/UW9TYgt5MdeLI5QUArBzygTI7Z7Luup7ykUiez+BbgX4FyMGAiAQFoHG1rohD3Dyv5djqbDmExi9Nf5Q7ek3LwXFSHHItP6cEAOB9BIQ3P11zzvVgVQqlv+TF8c8GgIQE9FwRikZJ1APjO5J8lNcGW50TCVGXCG6YoTLtKZ5szsORcbRau7HPOhvoIq5sckyr16/8/d0i0mIf6zHEZ4+AYiJ6TNGCSDQIVDrPB7YCXa+OGfcNL/wZidyylejWfX9Vg3m+uKnJMfqGBIwzVUIwnDrpSu4hSDVQBFu7shtIAEckAbiwUoQCJfA3r7re2zNYO2vDluCw6jXNSJmd6wc1l5s5ydAbXL0JQaTclJfgPBEBITb4wspMRHKsRLzsVIhEQiAwFgEHj7cmHdd1r2CYoxIXqEOdSe6bV/+F8z7SC1x/fovrXtRzONPoLZTzQfvf4m/1cmxkIi031Vy7E6LpRATaalJ+JEYAo1N/9tRDcaN48b3W/Lrv6LLkHZ71/eio34psCxeBOT5TsrAeNkEa0AgDAI8jEyQBwiAwIgE2i1fk7dlDvd0B9MuvuSPFyemEbFj8zQTEL1uwDS7GVPf5PEoppbBLBCIgMCsiqht3835yya6cOFzT/zL+sSE3jZBEBN9EGFRZgn4BHpmKczIcYiJGYFHsSCw++TgQ53CxfMLi3q8X1iwnn4gLdxvWywDARAAgagIQExERTrT5cD5fgQeP/7GZcaE0NcVzcFvPfzw8fwDfXvLfB1NuzoQhLNMYKgbmbMMaJq+Q0xMky7yBoFTCNRs//gRnNHAmzE/+uj/XpP6oytABDPolCKwGgSyQYD0LsBsuBwnL3mcjIEtkxFA6mQScJjr9iwnZhVWtXhvjRfiP2Ld7hGlJExz8PZeOsxBIM0EpML2jeGSZl/j6BvERBxrBTZlioBtb/hbI4jTlSuv7Z8E4d7T6hW9dcJgXGmKkzbH8jgR0MYdi5NZ6bCFnqfDj2R6wZNp9iytRtkgED4BQe2Wnuu5+fxcqbT6Y/oyPfzB44XAvRNondD5xDVMUijG1bbk2+W//yj5/iTLA4iJZNUXrE0pgXrjzpxvdEQiRi7/wUnuqnsnZLOu/Pe24HT+/GdsL4Z5/AhYZtnXfaW/vC1+1ibPIvI9Np08+5NucWzFRNLBwn4QGJVAY2vdkNdWmkBgzCr4T0B6nruPn27p8Yvnzxb0OMLRE7CKq/9WigahTY3r5s2/Wjr72T1pDcmp86/Oe8GXt3VW4GtsAoKzj8ZOjIQTE4CYmBghMgCB8AjUmxXOdDlBTL27w3dF65X25Mm3C3Lb7tayMYMVV9Dd4fEJa369uHZQMsu6QDgxzAT/14FyzZbjfotdOnNGX35+6dy8Hkc4DALikZZL93ehLUNwegQYxMQU4SJrEBiHwNxZd0lPZ7CTb7CsSfEhZHOGtz3nnD52bu0DL475eARMs+x4AkIIytN42ahUT3MGO6OnF7JZ4r33buHJA0UnxIkE29Gzu14o/zU9jvB0CfDpZo/cQQAERiXwgx9sPN5vt3wD8JSulU8cKni/zX0nJuciuzRqmVne3iqsup5w8LonDDZAwQ0JS7YUtWp2ZVEIeZo7SiN1BOu0Ph3FMQuPAAn3sZYbuZz9shZPRzDGXkBMxLhyYFp2CWxv383r3lOOnfhb3dlZn3dd0W3WJUasVMDImDq/fuHr12983zLXBCNO1G8D3zLBuMvfl+KAhp3uNypzjL32z2TmWvY9YeHLHpGJCbiM3dUy2Zek72hxBKdM4MQD1JTLRfYgAAKnEVCXsdo2Fy++4XscVFvFGptVrm9OhJExdT79wm6L/zhj2nmeBT+COYxtH4qHKt3bfOfER3WDKb24Zc79ey+s5ldetH9FzTGFT6De3PjqYV1VlOBbkOFbY5aCZGMQgJgYAxqSgEAUBPad1nnGRMww36sAAAchSURBVLeo82fdK91In4BoCXnu67MCi7oESrJLwzq6mZJki4S3QrXrtAXflycgdSI6mqpk25Vlb5sx5121IssQ77777j8fMx8kA4FYE4CYiHX1wLgsE5BdHU9drblBNZcXV9Zka25/Ko2djZy+5vz5V5t6HOGTCRC5otl8Z+HkLUZfExzm/PzFswuj55LiFHAtVQQgJlJVnXAmbQToGfPdiMll975lniwodP8vXFi8pscRPpGAqNkboR4LLyz+wiOD8W6rhCoZT3AoCpjSSoCn1TH4BQJpIFD/sDrnsOALHYhOaqGQTeldt0m4vpNZdwUCXQJH3RqhHgeXllbvXVw6uNwtRAZkvfT6q2Q8wn8UBQKREAj1RxSJxSgEBDJGwLbXjbZwfN0bqoWi+MJrvlaLDhZNPpD8dJbhKzICS0tr7y8t8ut6gbKnSuBxUJ0IwmkkADGRxlqFT6kj0GzeNlquv4WCz88ZQUeF9oioWjfo7aNqfdan4H0NY/M4SnhhkT52FOzMVHNE3a7iONuhga80E8BOnubahW+pIrC5uW4wqRZ0pyxzTZ2veosMp9taQXKpevuonOH/iAB3+P5RsDMzGCfr6OmOzoIJvkzz555I5vK/l4kv0luMEAikjgBPnUdwCARSTKDW3OB+9UBMv7pudN4+qj1PSsSsQtmfJLl8Jrb8/nbljCMV2fGMRkekP2aqBInBFhf1fBeXzs7X7Ar0hA4F4dQSgJhIbdXCsbQSqKsTlOid/Azhf2qgsVXx/67l6axUGO4JkLQy0/2y7arqMnL0ZYxJ0XXUQqGEwTATaeNUsMBHyA+e3ghAQTTVBPwHnVS7CudAID0EXO60ut50xIL/VeXqirgnNxgj+WHDfjKwnewyyrmtthQUOqWwHBei3sR9EmHRRD7JIAAxkYx6gpUg4COgujOY1jpBxGTff+B9HPLq2JcIER+Bxs6dnL1l/SLrgJxcVLRFznJJ/EzNhpDwgUYkEwQgJjJRzXAyhgQmNmnvQBz4MzGoZOotFJOfIP35py/mOP/l/6iTv5yOhtCujD1vNt+qNxrV76SPEjwCgdMJQEyczghbgEAsCTx8uDHPWqKt3W7JiKkWirIoXivLJnymfSAsNBgIggAIhEwAYiJkoMguZgRSbk5tp5pvCf+Q28plnmOB37aUGWoFJhAAARCYAoHAAWcKJSBLEACBqRLY3KzkVX89C4xBQfIz1YKROQiAAAgcEYCYOAKB2UQEkHjGBFR/vRqDwm9GrzUCnRx+MoiBAAiESwBiIlyeyA0EZkqg5R7v8lAGKVlx0svB1HpMIAACIDAJAYiJSehFnRblgcApBFSXB3u21xuDQttevRxMiyIIAiAAAqERgJgIDSUyAoF4EKh98NtzatAq19Wf84iHbbACBEAgnQQgJo7XK5aAQCoIELk+P1xXG+XKtwYREAABEJiMAMTEZPyQGgRiS6De3OA8//QMI/aeNHJXdnP8opzjHwRAAARCJzA7MRG6K8gQBEAgSODevW8/rzUqn5TdHpfkdCu4HnEQAAEQCIMAxEQYFJEHCIAACIAACKSYwGmuQUycRgjrQQAEQAAEQAAEBhKAmBiIBytBAARAAARAICoCyS0HYiK5dQfLQQAEQAAEQCAWBCAmYlENMAIEQAAEQCAqAignfAIQE+EzRY4gAAIgAAIgkCkCEBOZqm44CwIgAAJREUA5WSIAMZGl2oavIAACIAACIDAFAhATU4CKLEEABEAgKgIoBwTiQABiIg61ABtAAARAAARAIMEEICYSXHkwHQRAICoCKAcEQGAQAYiJQXSwDgRAAARAAARA4FQCEBOnIsIGIAACURFAOSAAAskkADGRzHqD1SAAAiAAAiAQGwIQE7GpChgCAlERQDkgAAIgEC4BiIlweSI3EAABEAABEMgcAYiJzFU5HI6KAMoBARAAgawQgJjISk3DTxAAARAAARCYEgGIiSmBRbZREUA5IAACIAACsyYAMTHrGkD5IAACIAACIJBwAhATCa/AqMxHOSAAAiAAAiBwEgGIiZPIYDkIgAAIgAAIgMBQBCAmhsIU1UYoBwRAAARAAASSRwBiInl1BotBAARAAARAIFYEMikmYlUDMAYEQAAEQAAEEk4AYiLhFQjzQQAEQAAEQGDWBKYoJmbtGsoHARAAARAAARCIggDERBSUUQYIgAAIgAAIxJnAhLZBTEwIEMlBAARAAARAIOsEICayvgfAfxAAARAAgagIpLYciInUVi0cAwEQAAEQAIFoCEBMRMMZpYAACIAACERFAOVETgBiInLkKBAEQAAEQAAE0kUAYiJd9QlvQAAEQCAqAigHBLoEICa6KBAAARAAARAAARAYhwDExDjUkAYEQAAEoiKAckAgAQQgJhJQSTARBEAABEAABOJMAGIizrUD20AABKIigHJAAAQmIPAXAAAA//9mWBY9AAAABklEQVQDALBq3jDXMrM/AAAAAElFTkSuQmCC', '2026-07-01 14:04:03', '2026-07-01 07:03:14', '2026-07-01 07:04:03'),
(13, 3, 30, 'submitted', 'data:image/png;base64,iVBORw0KGgoAAAANSUhEUgAAAhMAAADFCAYAAADuW3A/AAAQAElEQVR4Aezde4xj113A8XOuPbPPbpLNdnfHr90QkiqJyh8UCEgtbdWm2RlvEkIbHir8Q3lIpRJFQi2P/lUQFKoKJFpQIa1UQQtSSEOSsSePtkgUiRZaIZUqpEnzGL9mZrNJNpvsY8b2PZzjGdvnejwPe3yv773+eu3xudf3nvM7nzM79+f7sB3BDQEEEEAAAQQQ2IMAycQe8FgVAQQQQACB4ATC2xLJRHjHhsgQQAABBBCIhADJRCSGiSARQAABBIISoJ3BBUgmBjdjDQQQQAABBBCwBEgmLAyKCCCAAAJBCdBOnARIJuI0mvQFAQQQQACBMQiQTIwBnSYRQACBoARoB4EgBEgmglCmDQQQQAABBGIsQDIR48GlawggEJQA7SAw2QIkE5M9/vQeAQQQQACBPQuQTOyZkAoQQCAoAdpBAIFwCpBMhHNciAoBBBBAAIHICJBMRGaoCBSBoARoBwEEEBhMgGRiMC+WRgABBBBAAIEeAZKJHhAmEQhKgHYQQACBuAiQTMRlJOkHAggggAACYxIgmRgTPM0GJUA7CCCAAAJ+C5BM+C1M/QgggAACCMRcgGQi5gMcVPdoBwEEEEBgcgVIJiZ37Ok5AggggAACIxEgmRgJY1CV0A4CCCCAAALhEyCZCN+YEBECCCCAAAKREiCZ6DNczEIAAQQQQACB3QuQTOzeiiURQAABBBBAoI/AGJOJPtEwCwEEEEAAAQQiJ0AyEbkhI2AEEEAAAQQCFtihOZKJHYB4GQEEEEAAAQS2FyCZ2N6HVxFAAAEEEAhKILLtkExEdugIHAEEEEAAgXAIkEyEYxyIAgEEEEAgKAHaGbkAycTISakQAQQQQACByRIgmZis8aa3CCCAQFACtDNBAiQTEzTYdBUBBBBAAAE/BEgm/FClTgQQQCAoAdpBIAQCJBMhGARCQAABBBBAIMoCJBNRHj1iRwCBoARoBwEEthEgmdgGh5cQQAABBBBAYGcBkomdjVgCAQSCEqAdBBCIpADJRCSHjaARQAABBBAIjwDJRHjGgkgQCEqAdhBAAIGRCpBMjJSTyhBAAAEEEJg8AZKJyRtzehyUAO0ggAACEyJAMjEhA003EUAAAQQQ8EuAZMIvWeoNSoB2EEAAAQTGLEAyMeYBoHkEEEAAAQSiLkAyEfURDCp+2kEAAQQQQGALAZKJLWCYjQACCCCAAAK7EyCZ2J1TUEvRDgIIIIAAApETIJmI3JARMAIIIIAAAuESmMxkIlxjQDQIIIAAAghEWoBkItLDR/AIIIAAAgiMX8DPZGL8vSMCBBBAAAEEEPBdgGTCd2IaQACBQQSy6fzn9ONcOj138yDrsSwCCOxFYG/rkkzszY+1EUBghAK5dL4ihfiwfrzZEfLzI6yaqhBAwEcBx8e6qXpCBPQ7SFe/k1R6Q9D3YV4zj8OHP1CdEBK6OYRAOp3/qF4trR+tuyPl/a0CPxCIkUBcu0IyEdeR9bFfN6fuOpabyTezqbxrEoiEkFK/k9yyRfOaeRy95koqp9c5evQXvrflwrwwsQIJIf603XmlRGOxMv/l9jTPCCAQbgGSiXCPT6iiyx1676u59Jy6Kt2XhCP0G0dhcoTBYpRCHj5w6a0mqciczLvHj59dHawClo6jgP69WtP9OqAfrbsU6tlWgR8IDCXASkELkEwELR7R9g4ffv+SuHbftWLL/EGJppBuqVqQ9iNxQZ5TQr/PFD03nVQ4CSH3T6lpcwgknT7b7FmCyQkRyKXmXhVCTon2zXUXS7Xire1JnhFAIPwCJBPhH6OxR3jkyLtLR6+5enJTIErP0ZmCuHD19VK1KKvV+YSe47m/cGn+RLladC6vXvwvvbi+e15uTUj9MyGUk0vNurrIfYIEMumz/yKk1EnqRqeV+1ppaeH0xhRPIRcgPATaAiQTbQme+wocO/b2/772TQez9osmIyiZPRC1gizVCk7p0teP2K/3K58//83by9WC40xNXdcU0tX7Kkw13kWlI0kovCRxn9KHM36+3Uf9C6FKtYVuYtF+gWcEEAi9AMlE6IdovAEe3HfNT/RGoJMC2Ttvt9MvvvivF8wejLJJQnRC0hTKuzdCJxTZ1BnvvN1WznKREshl8mv6F0nf18NWUj68XuKnV4ApBMIvQDIR/jEaW4S5VN67Ude7E8weiVEGVK0WE2ZPhV2nlAmZPZFv2vMox0sgm55bFEp0z5NQ7mqlMn9vvHpJbxCYHAGSickZ64F6mjkx1xRS/7PWKtWK0pocWdHsqVAN0bQrlEnh5NI9yYy9AOXICmQyd90vhcy1O6BzVHN4Y397elzPtIsAAsMLkEwMbxfbNc2VFU5SWr8bUox6j0QvXnmlkFxrNj0JhV5G6oRCXX/9HVw+qjHicneU+pCnLwn3zzzTTCCAQOQErA1G5GInYB8E9MbbNVdW2FU3zFWf9gyfysvLj+mEonG5t/pD+6enszN6T0nvC0xHTiCXNnubVCduR4pnyuWFP+rMoIAAApEUIJmI5LCNPmhz1YZOJMxfeWnXrmeoWm0+ac/zs7y8/PghsxfENZecWg1JRzrp9GzvngtriegVb7rp/bfn0mdbH0GePRmvvvUbjVPp1geUdX+/lFt/sVJ4S79lmYcAAtESIJmI1nj5Fm2/qzbcpnTL1cJYfkcqtYKjmsJzAmhCOE52xryz9Y0h0IovXbryn0LodE23KhOOo59Gdg9bRaczs0/r/HC6HZfSt1JtoTPdns8zAghEUyDWf8CiOSTBR53r3UCbP/TVgqwsb/4QqiCjKy8XEjqd8CQU0hEyl+bDrYIch1G01VSOZw9EuVZ0RlEvdSCAQDgE+A8djnEYWxQzM2ebwtl01YYztoB6Gi4tFTZdOiqEI7OpOU+S0bNaQJM0sxuBXHpOSWvBfQen+ahsy4MiAnEQCM1GIw6YUeuD+b6NKUd5fgcuvN5YCls/zKWjm/ZQSKn3UPDhVmEbq954sum8Po5jpRIJ9++effah/+tdjmkEEIi2gGdDEu2uEP2gAkevuXrCXqepmu7Fi4+n7HlhKJsYzB6K3oRCiIRMpe5smNd5hE/AJBLSDkvJSqm08Fv2LMoIIBAPAZKJeIzjsL3o/q1XSlVrj236oq5hK/ZjvX4JRVImE9dff9+3/GiPOocX6E0kpBQXS7V5z3e8DF87ayKAQNgESCbCNiIBxWM+mMpuypVrkXiHbxIK1dD7KKzgD+67fLs1SXHMAr2JhFLyymKlcM2Yw6J5BBDwUYBkwkfcMFedEN5zJSrVr0XmMr3ySkHvQXH1sfh1Yf2uV2TTnJC5rjHen9l03nOypR6btXJt/uB4o6J1BBDwW4Bkwm/hnvrDMHniune80RNHZ8PcMz+0k6XqgrPxEQ2tGKWQMnvyTKw+1KrVsQj9yPUkEvqXqqH3SOyLUBcIFQEEhhQgmRgSLsqr7Tt4xPNOsVQtvC2K/SnVbvh1T0KRSDjHjt1xNYp90RveKIbdiTmXynu7oBzzgWdTnQUoIIBArAVimkzEesz23jl9ELtdiauU2Qj8T3s6Ws+f/cKVurtqOtCO++D0FO+E2xgBPbcSCdltTLmuKtUe1YeiuvMoIYBAvAVIJuI9vpt6l0vNNvURgc58JaNx4mUn4J7CSy8t7Fd1t9mZrQ/Sm93tnWkKvgq0rHsSifKSPgTla6tUjgACYRPYUzIRts4Qzy4EpPc7IKoROvFyq95Vzi0kXbd7QqZZLpuOz3d4mP6E8aGN7Z1CwuyRIJEI40gREwL+C5BM+G8cmhY2nXip7DMOQhPmUIFU9LthfcSms3HTb5Zlmis8hrLcaaUbZuZOmT0S2rizKIlEh4ICAmEV8DUukglfecNV+b4DPSde1gqeEzHDFe3g0ZRrRcfOjxL6eA7f4TG4405rNB35or0MiYStQRmByRQgmZikcZdCdrq7vtWN5JUPnT70KZSrRd3Hzg4KIfUtO8NnUPShGmqW2SNhr6gTCcGhDVuE8sQLTCgAycSEDHwmdcbzCZdNueqZjhODvNBctvsjHSlzqVnXnkd5cIHcjPc8FJOP6kRCJ2+D18UaCCAQLwGSiXiN55a9cWQiYb8YhxMv7f7Y5cVLj89cXl1btecJnVFkTp7tXvXheZGJnQQymfxV4QhP4rC+F2inNXkdAV8EqDRkAk7I4iEcHwRuuumdn+yptnscoOeFuEyeP//k/qt16dn74iSUk07PklAMOMjZ9JkXHCU8n99RqhY8icWAVbI4AgjETIBkImYD2q87Vy8d+oQ9/8h1R3/Kno5r+dy5+am6qzzJQ0J4L42Na99H1a+Zmbv+UorEaWHdStWDSWuSYpwF6BsCuxRwdrkci0VYQOpbN3wlvv/9f/hOdzrepaWlYrIplCusq2CzKc6f2M2o33rr2bdPOe5H7WUTKvEfQjzgSdDs1ykjgMBkCpBMTNi4KyHVhHVZVKvFhLC+y1JKJyS76MM7FpnM3DfeeM39pv27opS49ELtkXfY8yiPRIBKEIi8AMlE5Idw+w6cPPk+z+Wfa43LF7dfI56vXqmrS3bPsikuF7U97HIuffZlR8l3C2HlXK5Q5VrhsOCGAAII9BEgmeiDEqdZ087UtN2flZV/u9aenpTySy8VD5tLGdv9lfrWLvPcFcjMnK3rQ0JHu3N0yZVuaakQ/b8VuivcEUDAHwH+QPjjGpparb37oYlpXIFcWa1fsdvOpc+49vSkl7Mzs8pxlPfkSuW+WlqaT0y6Df1HAIHtBUgmtveJ/qvK2ldtvzWPfs8G7sH5808eFMpezZHHj989kYd9bAVTPpWeU7LnQpeGkn9bqi1491KYhbd/8CoCCEygAMlEzAdd2oe9nfCe8BfUMNSVaHTbkmL/VPNN3elgS47o7jeyhinYIHRr5iOyVU/OaS7/rNXmP6xf5o4AAgjsKEAysSNRfBZoNh3PyZjx6dnue7K0VJhSrlD2GrkxnYwpVTeZ8EZkR7dFeUSzTSLRW1W5ar7fhMs/e12YRgCBrQVIJra2ifwrmVTeehcuxNLSI4ci36kRdKC8VHA82YQcz3d32IcVlHA9IY2gmztW0e+7NkpVPtlyRzgWQACBTQIkE5tI4jNDScX4bjGc5dZG09p+S0eePv2u/cJ783XKal24AR/nSKfzl4TTPbahlBLl1h4JX7tM5QggEFMBJ6b9oltawLH2outJ7j0CrmzW7Vnu2qHL9rTfZTt/SLqJl/1ur11/KnXP5xJCHGxPm6SmXDOHNtpzeEYAAQQGEyCZGMyLpf0QGFOdlcrj0659/oQU8vhx8zkLwQe0702v/UFQrSZlo3NipdSNru+l0QXuCCCAwJACJBNDwrFaPAQqS94PY9o/1fM5Cz518/SJM891qta7Bp555pv3d6Z9K7wrmU3ndWvdBhZbh3u605QQQACBYQRIJoZRi+Y6RL2FgGoIzxdXZWfyvn+Y1VoicaodThBHo06ceN+hXPpQ3eyJaLcrk/Ir7TLPGBZ5pwAAEABJREFUCCCAwF4ESCb2ose6sRAorxSSSnTfsEvZPTHRxw52G/SxEVN1JnPn0X3JqTdMufNw1ZXFxfkPdqYpIIAAAnsQIJnYA17fVZkZSQG1Wu/snQhiT0FQSLfccvcvOSrpOblTKdEsLRU7J2AGFQvtIIBAfAVIJuI7tvRsAIHK+Sc730kh9XqpVL6TXOjJSN5TqdknLl1s/pMdvFKu+fbPTl/t1ygjgAACwwpENZkYtr+sh8CuBJIi2vsnsumzzyWlc4e3s0onEgv8n/eiMIUAAiMQ4A/LCBCpIh4CyvoUSiWk2UERyY5lU/mGVOpH7OCVvpWqRf6/2yiUEUBgZALb/3EZWTNUhED4BerNxqvtKE0qcePhe55uT0fl2Vz6qWNPCCsVUsLskSCRiMoYEicCURQgmYjiqBGzLwLLy09eb1e8dqRxsz0d5nLuZP61XCa/+diM3iNRZo9EmIeO2BAYmcA4KyKZGKe+z21bb06FUD43FpPqzbv4dlf0O3wPYXv+KJ513SMbkUxqzhUJccQeY6WDdJuuW6qxR0JTcEcAAZ8FSCZ8Bh5n9a6UZpuyHoJvm8X16mPz84pz1e5LNjXr+wdYmfZy6bMqm86rVGquc6jFzN/pkUvPKUdK7+jqUZeJ5KcrywuJndbndQQQGFSA5fsJkEz0U4nJvEr17g/YXcm++e5L9jTlzQLlV+YPenbjSMe7od68yojmqNZpDgkpr91thTmdfIjWWqJ1U/rn+t6IgiyVHv6YnuSOAAIIBCJAMhEI87ga+c2H7JblVPOAPU25v8BqY6qzd0DqRTIn/f94bd3MQPf1RMJaRWcSMpH4K/ZGWCYUIy1A8NESIJmI1ngRbQACKysPHxVKb5032pKO9fZ/Y944nzYlEjqYUs3sjXjkd3WROwIIIBC4gBN4izQYrICyt4rh2igGCzFYaz0nYg62so9Lb0okdM5T4ps/fRSPe9X0D4HRCJBMjMYxvLV4zs3TW57wRkpkWsAcVsmm5/qe9LkpkdDLmz0S+ok7AgggMFYBkomx8vvfuGoIa8NkNlX+txmLFlSw/zXsNE+Pkr57FfsmEuyR8CKFeIrQEIi7QLB/MeOuGcL+lVeOfdwOiys6bI2xlq0kTwipxJro3KTIZue+2J4kkWhL8IwAAmEVIJkI68iMLK4vfcauiis6bI3wlKcO7P+IHU2zKX/VTPcmEmYPBudIGJl+D+YhgMC4BEgmxiVPuwhYAs899+Dfm0ShPSshVaI3kTCff1Hm0EabiGcEEAiRAMlEiAbDt1CU6G6nJFd0+Oa8x4r1oY5ODXqYZGeiVVCiVC32zGu9EPgPGkQAAQR6BUgmekXiOO3ZBHXzijh2dWR9kp5TGkZW7XYVKWmSvj7jo5QikdhOjtcQQGDcAiQT4x6BANrnio4hkAO+msNE6LY+EqSd+Zk55sCGTiT4sq51DH4igEBoBUgmQjs0owusvHLN7XZtXNFha/Qv2/sHWtv4/ouNdK7dpqlY75BQ5Srf+mkseCCAQLgFSCbCPT4jiu4r37UrktN8R0fbY6tnKfVBh40X9UZe3zcmAnyS+pZN5ZsBNklTCCCAwFACJBNDsUV8pbFsGqNjdttt9/6JkN3DDc5V5w0fot+UJEgpf7G3HSmFQ0IhuCGAQMgFSCZCPkAjC2+sV3SMrBeBVHTxwtofdlMJIUqvPHokiIar1cIDq436CdFsnvN80ZgkoRDcEEAg1AIkE6EenhEGZ28dR1htHKuSyjrEoVSg+3FWVp44V1p+7ISOoWQnFNqZ/6sagTsCCIRTgD9Q4RyXoaLabqWmcD3XOmYy9x3YbvlJfS2VOtO0D3G8fnnt6+OwWFxaONVKKDYa14c7RCZzz7c3JnlCAAEEQiVAMhGq4fAvmGp1IWnX7tQvXbSnKa8LJGXC+j+hxIULX7tj/ZXgf5qEwt4t4qj6TwYfBS0igAACOwtYfzh3XpgljEBMHnqrGZOejKwbp0699yl74+02xvDJVT290XsnrJCkzGRmf9izCJMIIIDA2AVIJsY+BGMLgLMoLPpU6mfvV43pW2yUykrBszfHWjywouskXrAbc1TiRnuaMgIIIBAGgdAmE2HAiVsMyr6iI26d22N/EvLwh4SwUon1j6O09gqIkd6kFI3dVFipPHqjcFWzu6wS2fScb3F126GEAAII7F6AZGL3VtFfsik8J2EKcV8i+p3aew9yqbwrrURCb6lVaSk8nzypY0kKnQm2e2pizaby9fY0zwgggMCYBQTJxLhHIMD2D6zs/4TdXCq1OvEnYWZOzDV1HiHbLjqREOVqIXT/L0q1opQmuI1A9Z6NZDadV7l0/urGLJ4QQACBsQmE7o/m2CQmoOFnxIOfsrvpyMn+WO3Tp9/zXScpO/8HzLZaJxLSNgpTuenUP23HsxHoPpNUnMqcJamwcSgjEEeBEPep84c0xDESmk8CGxsjn2oPd7U/+qY7v+XW9/94O0qTSNSbzcvt6TA+VypPfKxUPTijY3X1oxOiGUelVCupyKbuWu28QAEBBBAISIBkIiDokDZjtkMhDc2/sLLZe763diTp+SZVKVy1vPzYIf9aHVXNDyzrvSeJqX31D+mEQt+79ZrBlNKd1oc+zOEP91Rm7uVTp35utrsEJQQQ2IUAiwwhQDIxBFq0V+meyWc2PrmTsxN1It+xY3Nflm7jrfYYKqFUqboQ8P8FuSf3559/4ovlasGRSfEZJcznYSi7S6YslZJHVaNeNIdBsjNzzWzq7DOZmXs/aF7kgQACCIxSIOA/oKMMnbqGEZBCeS9JTCTG/lkKw/Rj2HX2T4lfttc1iUS5Gp4rN+zYdlNeXCz8Xrk6n3DlgQ/o5Xuu1tFz9N0kjdLR/6S6yXHW/tEkF6cyd63ol7gjMD4BWo6VAMlErIZz584sVhem9VLW21jzuQX5vhshvVzs7o4jzbZ1o19KRDmR2OhE66lSefDBUrWQ0A8plXhK72xpCmENc2up9R8GQCn3eDaVdzOZOz0n5a4vwU8EEEBgMAGSicG8YrG03uB4xl1vXPQ9Fl3bthPp9BnPyYmrjeSlbVeI6IuLtcJtpVoxWaoW5YHDzo84Qv2vFG5d9eQWOq2Sjkp+fOMcC5VNzZZuvfU+k2xGtOeE3UeAWQgEIuDZqATSIo2EQkA1vd8ievLk2c+EIjCfgsim59yESHQ2lGa7urLyyGGfmgtNtT/4waMvvFgt/pjZI1WuFWRSid/Xwem9Fvpnz11KJ/vGa5dXO8lFOn8unZ67uWcxJhFAAIFNAs6mOcyYCIG6EE/bHZ0Sjd+xp+NUzqXySgr9PtzqlH6nbvIJa85kFJ+vFf5c75lKCqme2uowSFtCCvFmR8jPt6d53kaAlxCYcAFnwvs/sd1fXl64ze68SiRi+bug90goobeKdl/rrmqUAr96w45g/OVSpXhbSR8G0YmFNA8dkSe51NNCCfGSI8VfmzIPBBBAYDuBWG5Atuswr/UXkEq/ee//UmTn5mbyTWlnEkoJs+FcWipOjb9Tam38MXQj0C636EcrsWg/l6uF44uVwle7S429RAAIIBBSAZKJkA5M0GFJKYNu0rf2stm5b2VTc65wlOf3u1QrxqeTvulRMQIIIDC4gOeP7eCrs0bEBZQdv34nH+lLRI8fP/O0OXlQuvJ2qW/C2ivRFMlXBLfdCbAUAgggMKAAycSAYHFaXDWa3l3tjpDp9FzrTP9sKv9VvWH+4an02Z+JQp9zqTPN/VOJt/SL1XVdVa0+fH2/15iHAAIIILB3AWfvVVBDVAXKK4/t17siWslDuw8JIZ0Tx/MvSCnu1fNudJX4iH4O9T2b1oc0ZL8TSF3VFK//TWUp6I/K3hUXCyGAAAKxESCZiM1QDteRSrWQdIXSOUV3/X1T4rTYuDlS3bpRDNXTjTe+p6j3nrh674mSQqc+VnTKVe76SYQLTrX6779tvUQRAQQQQMAHAZIJH1CjVmWlWkzoPRCqX9x65i395o9rXjabv2ASiPrV/bM6hZB2HDpWkVxbe7a8VEx05oe3cCW8oREZAgggMJgAycRgXrFdulIrbPW7sC+TmftGGDqeTedd6Ypr+seiRLl6MPn8S0/yiY39gZiLAAII+Caw1QbEtwapOLwCbrPp/UbRjVAdJd+1Udzqybf5J0/e9anMzJyrEwl9OENIuyGzJ0Lpm6yLC6WquezzAc/5H/aylBFAAAEE/BMgmfDPNnI1V5YfMx/mZLbRvbHLXCr/Wu9MP6ZTqTPPZ1Ot5MHNpebUdML9uPmmTzuLaAXYlFfL1YIs14rO4rnCdX7EElSddt+CapN2EEAAgVEKkEyMUtPvugKov1Td4nCHFEey6Tn3hhvuGPkJjbnc3a3PhzDnQiRl4gZpbkLvhZCbN7MmkTBJRGl5/oCI8E2p6U/a4Wcys++0pykjgAACURIgmYjSaAUUq3LVar+mpJCyuTb92VOZvPfzKfotvMt5uVTeFc1m38+H6FZhUgil6q6smkSiOz+6pWr1oS/Z0UvpfMGepowAAghESYBkYvNoTfyc8lJx0+dP2ChKialcSh+KyM59x56/23Imc9frudRs6zwIoTOU3vV0/ULojKahRGOqUT9RqhalfjhLS/OZ3mWjPK30rRO/KzuX43bmUUAAAQQiIkAyEZGBCjpM8/kTeotudgn0b1rqmyvfZg5NDPpwlHtYSEdKu2bdktNsvqYPs8hyrSBLtQWnVitMPbfyxDl7sTiVpeNY56GoKFzOGid++oIAAiMUGF8yMcJOUJVPAnXh+TArn1oROo8QJZ1AvLj82LV+tRHGejXuU2GMi5gQQACBQQVIJgYVm6DlS+eKSbfuNttd1nvllSuv/oo+DFFvzxvm2SQPQldi6lNO47FyteDZSTFMnVFcRxPofCKKkRMzAghMmsBO/SWZ2Elowl+vnFtIXq3LRkO5brlWdCqVr3+5XCtMm8MRgz4ayjnUFNPHTPJQqhX14YyiUy4/PjupxPo4z3mr760cy5qmiAACCERGgGQiMkM1vkDPnZufqtUW9nxMv1Z79HK1+tDL4+sJLSOAAAJhFohubCQT0R07Io++QNXqgmuVKSKAAAKREiCZiNRwEWxcBaQQiVxq7i/i2j/6hUCYBIhl9AIkE6M3pUYEdiXg1JuPC2VdMSPlb+xqRRZCAAEEQiZAMhGyASGcyREorSw8KqT4tU6Plah1yhQQiLwAHZgkAZKJSRpt+ho6gVK18CUpxLd1YK8oIf5YP3NHAAEEIidAMhG5ISPguAksVgs/rZOK68u1wj/HrW/0x38BWkAgDAIkE2EYBWJAAAEEEEAgwgIkExEePEJHAIGgBGgHAQS2EyCZ2E6H1xBAAAEEEEBgRwGSiR2JWAABBIISoB0EEIimAMlENMeNqBFAAAEEEAiNAMlEaIaCQBAISoB2EEAAgdEKkEyM1pPaEEAAAQQQmDgBkomJG3I6HJQA7SCAAAKTIkAyMbVcMe8AAAFUSURBVCkjTT8RQAABBBDwSYBkwidYqg1KgHYQQAABBMYtQDIx7hGgfQQQQAABBCIuQDIR8QEMKnzaQQABBBBAYCsBkomtZJiPAAIIIIAAArsSIJnYFVNQC9EOAggggAAC0RMgmYjemBExAggggAACoRKYyGQiVCNAMAgggAACCERcgGQi4gNI+AgggAACCIxbwMdkYtxdo30EEEAAAQQQCEKAZCIIZdpAAAEEEEAgzAJ7jI1kYo+ArI4AAggggMCkC5BMTPpvAP1HAAEEEAhKILbtkEzEdmjpGAIIIIAAAsEIkEwE40wrCCCAAAJBCdBO4AIkE4GT0yACCCCAAALxEiCZiNd40hsEEEAgKAHaQaAjQDLRoaCAAAIIIIAAAsMIkEwMo8Y6CCCAQFACtINABARIJiIwSISIAAIIIIBAmAVIJsI8OsSGAAJBCdAOAgjsQeD/AQAA//9UjDlMAAAABklEQVQDAE8EjfRG4VvaAAAAAElFTkSuQmCC', '2026-07-15 16:45:09', '2026-07-15 09:44:50', '2026-07-15 09:45:09');

-- --------------------------------------------------------

--
-- Table structure for table `users`
--

CREATE TABLE `users` (
  `id` bigint UNSIGNED NOT NULL,
  `email` varchar(255) COLLATE utf8mb4_unicode_ci NOT NULL,
  `password_hash` varchar(255) COLLATE utf8mb4_unicode_ci NOT NULL,
  `name_th` varchar(255) COLLATE utf8mb4_unicode_ci NOT NULL,
  `role` enum('admin','evaluator','evaluatee') COLLATE utf8mb4_unicode_ci NOT NULL,
  `status` enum('active','disabled') COLLATE utf8mb4_unicode_ci NOT NULL DEFAULT 'active',
  `department_id` int DEFAULT NULL,
  `position` varchar(255) COLLATE utf8mb4_unicode_ci DEFAULT NULL,
  `avatar` varchar(255) COLLATE utf8mb4_unicode_ci DEFAULT NULL,
  `created_at` timestamp NOT NULL DEFAULT CURRENT_TIMESTAMP,
  `updated_at` timestamp NOT NULL DEFAULT CURRENT_TIMESTAMP ON UPDATE CURRENT_TIMESTAMP
) ENGINE=InnoDB DEFAULT CHARSET=utf8mb4 COLLATE=utf8mb4_unicode_ci;

--
-- Dumping data for table `users`
--

INSERT INTO `users` (`id`, `email`, `password_hash`, `name_th`, `role`, `status`, `department_id`, `position`, `avatar`, `created_at`, `updated_at`) VALUES
(1, 'admin@ccollege.ac.th', '$2b$10$f6g9QMzpdIjzUyckEbFLIeuSRKEGJdNSu.TZ3tmegQ5ioSop02og6', 'ผู้ดูแลระบบ', 'admin', 'active', 1, NULL, 'avatar-1-1782361838697.png', '2026-05-20 04:02:17', '2026-06-25 04:30:38'),
(2, 'eva.me@ccollege.ac.th', '$2b$10$ycxCewoT/qjuiZiDb7hfP.aGEnWZu8rMF3UzRO6QgxgIO7lKLsRSm', 'กรรมการประเมินเครื่องกล', 'evaluator', 'active', 2, NULL, 'avatar-2-1782725479425.jpg', '2026-05-20 04:02:17', '2026-06-29 09:31:19'),
(3, 'eva.it@ccollege.ac.th', '$2b$10$rCg8BVUQSVs51Hb/fwctneQcBfIE0RL5dVRm1bcX5CPyGKyRAxFoe', 'กรรมการประเมินไอที', 'evaluator', 'active', 1, NULL, NULL, '2026-05-20 04:02:17', '2026-05-20 04:02:17'),
(4, 't.it01@ccollege.ac.th', '$2b$10$V0GTPQ/2Ap5r0nzE49FjfOW7xmXuSPQ8m7P81jwKrFFltwCvBXTsy', 'ครูไอที 01', 'evaluatee', 'active', 1, NULL, NULL, '2026-05-20 04:02:17', '2026-05-20 04:02:17'),
(5, 't.me01@ccollege.ac.th', '$2b$10$gkmAZQmS5GjA3cgHAzZgN.HZzaH4gKeuTkeJnNoAEFT2OyczRibuC', 'ครูเครื่องกล 01', 'evaluatee', 'active', 2, NULL, NULL, '2026-05-20 04:02:17', '2026-05-20 04:02:17'),
(6, 't.acc01@ccollege.ac.th', '$2b$10$5FALWHRfgaBZC0Az5BAVdeelVK4LgRGyKOmSC0hNI3yU6.PRbCxnW', 'ครูบัญชี 01', 'evaluatee', 'active', 4, NULL, NULL, '2026-05-20 04:02:17', '2026-05-20 04:02:17'),
(19, 'krupayukub@college.ac.th', '$2b$10$XiYTcrIIbJAjc8x7RrNeGucz6asU35SEjfHpteD01JCb7yiEEEuTu', 'ครูพายุเอง', 'evaluatee', 'active', 1, NULL, 'avatar-19-1782095636842.png', '2026-06-19 11:25:11', '2026-06-22 02:33:56'),
(23, 'dadad@cc.ada', '$2b$10$FV0pGLea6QX/qHiGDngvJu.O4H1Oosg8nZboCWNiM1SmMjm.DW8vm', 'eva1', 'evaluator', 'active', 3, NULL, NULL, '2026-06-25 04:40:11', '2026-06-27 12:26:48'),
(24, 'dadw@fadap.ca', '$2b$10$9/zHOmTxL4pYU06FpvBBi.L5I2T49m0VR0urxZ3GcOee8E8aOw2ou', 'eva2', 'evaluator', 'active', 5, NULL, NULL, '2026-06-25 04:41:44', '2026-06-27 12:26:45'),
(25, 'adlJPHO@dadadk', '$2b$10$FgqYnP8FXVIQw0kh6Y4JyuaL1y6Qw33gEIyhHWul5jDm4.nDSURem', 'teedada', 'evaluatee', 'active', 1, 'ตำแหน่งครู', NULL, '2026-06-25 04:42:00', '2026-07-11 10:02:24'),
(27, 'jiwa@ka.com', '$2b$10$YS8qdP75UzSmhR.neekOCeP6Z2VjvkKktcMzbaSdLnrX/koFP/dhO', 'ครูจีว่า', 'evaluatee', 'active', 1, NULL, 'avatar-27-1782891288279.png', '2026-07-01 06:46:51', '2026-07-01 07:34:48'),
(30, 'kruthara@college.ac.th', '$2b$10$0hKGf2eh6qok5zOSNe7.Ne6MRqIkGmQPYbW2gmQSXtCtyAgO9zGpC', 'ครูธารา', 'evaluatee', 'active', 1, 'ครูคศ.02', NULL, '2026-07-15 09:41:40', '2026-07-15 09:41:40'),
(31, 'payu@capca.com', '$2b$10$Mj0kLpvofKREciPIOzzMo.LScPdYQlv3nDKtt9qI4c27O4fX/1L2C', 'ครูพายุ', 'evaluatee', 'active', 3, NULL, NULL, '2026-07-15 09:51:25', '2026-07-15 09:51:25');

-- --------------------------------------------------------

--
-- Table structure for table `vocational_categories`
--

CREATE TABLE `vocational_categories` (
  `id` int NOT NULL,
  `code` varchar(10) COLLATE utf8mb4_unicode_ci NOT NULL,
  `name_th` varchar(255) COLLATE utf8mb4_unicode_ci NOT NULL,
  `created_at` timestamp NOT NULL DEFAULT CURRENT_TIMESTAMP
) ENGINE=InnoDB DEFAULT CHARSET=utf8mb4 COLLATE=utf8mb4_unicode_ci;

--
-- Dumping data for table `vocational_categories`
--

INSERT INTO `vocational_categories` (`id`, `code`, `name_th`, `created_at`) VALUES
(1, 'CAT01', 'อุตสาหกรรม', '2026-05-20 04:02:17'),
(2, 'CAT02', 'บริหารธุรกิจ', '2026-05-20 04:02:17'),
(3, 'CAT03', 'ศิลปกรรมและเศรษฐกิจสร้างสรรค์', '2026-05-20 04:02:17'),
(4, 'CAT04', 'คหกรรม', '2026-05-20 04:02:17'),
(5, 'CAT05', 'เกษตรกรรมและประมง', '2026-05-20 04:02:17'),
(6, 'CAT06', 'อุตสาหกรรมท่องเที่ยว', '2026-05-20 04:02:17'),
(7, 'CAT07', 'อุตสาหกรรมแฟชั่นและสิ่งทอ', '2026-05-20 04:02:17'),
(8, 'CAT08', 'อุตสาหกรรมดิจิทัลและเทคโนโลยีสารสนเทศ', '2026-05-20 04:02:17'),
(9, 'CAT09', 'โลจิสติกส์', '2026-05-20 04:02:17'),
(10, 'CAT10', 'อุตสาหกรรมสุขภาพและความงาม', '2026-05-20 04:02:17'),
(11, 'CAT11', 'อุตสาหกรรมบันเทิง', '2026-05-20 04:02:17');

-- --------------------------------------------------------

--
-- Table structure for table `vocational_fields`
--

CREATE TABLE `vocational_fields` (
  `code` varchar(10) COLLATE utf8mb4_unicode_ci NOT NULL,
  `name_th` varchar(255) COLLATE utf8mb4_unicode_ci NOT NULL,
  `category_id` int NOT NULL
) ENGINE=InnoDB DEFAULT CHARSET=utf8mb4 COLLATE=utf8mb4_unicode_ci;

--
-- Dumping data for table `vocational_fields`
--

INSERT INTO `vocational_fields` (`code`, `name_th`, `category_id`) VALUES
('20101', 'ช่างยนต์', 1),
('20102', 'ช่างกลโรงงาน', 1),
('20103', 'ช่างเชื่อมโลหะ', 1),
('20104', 'ช่างไฟฟ้ากำลัง', 1),
('20105', 'อิเล็กทรอนิกส์', 1),
('20127', 'เมคคาทรอนิกส์และหุ่นยนต์', 1),
('20201', 'การบัญชี', 2),
('20202', 'การตลาด', 2),
('20216', 'การจัดการสำนักงานดิจิทัล', 2),
('20406', 'คหกรรมศาสตร์', 4),
('20701', 'การโรงแรม', 6),
('20702', 'การท่องเที่ยว', 6),
('21302', 'การจัดการงานบริการสถานพยาบาล', 10),
('21303', 'ธุรกิจการกีฬา', 10),
('21305', 'ธุรกิจเสริมสวย', 10),
('21401', 'โลจิสติกส์', 9),
('21504', 'อาหารและโภชนาการ', 4),
('21602', 'การออกแบบ', 3),
('21606', 'การถ่ายภาพและมัลติมีเดีย', 3),
('21619', 'ออกแบบนิเทศศิลป์', 3),
('21701', 'เกษตรศาสตร์', 5),
('21709', 'นวัตกรรมเกษตร', 5),
('21715', 'ประมง', 5),
('21801', 'เทคโนโลยีสิ่งทอ', 7),
('21802', 'เคมีสิ่งทอ', 7),
('21803', 'เทคโนโลยีเครื่องนุ่งห่ม', 7),
('21804', 'แฟชั่นและสิ่งทอ', 4),
('21901', 'เทคโนโลยีสารสนเทศ', 8),
('21903', 'คอมพิวเตอร์โปรแกรมเมอร์', 8),
('21906', 'เทคโนโลยีปัญญาประดิษฐ์', 8),
('21907', 'เทคโนโลยีโลกเสมือนจริง', 8),
('21910', 'เทคโนโลยีธุรกิจดิจิทัล', 2),
('22001', 'อุตสาหกรรมแสงและเสียง', 11),
('22002', 'อุตสาหกรรมดนตรี', 11);

-- --------------------------------------------------------

--
-- Stand-in structure for view `v_evidence_progress`
-- (See below for the actual view)
--
CREATE TABLE `v_evidence_progress` (
`buddhist_year` int
,`dept_name` varchar(255)
,`evaluatee_name` varchar(255)
,`files_uploaded` bigint
,`indicator_code` varchar(40)
,`indicator_name` varchar(255)
,`topic_title` varchar(255)
);

--
-- Indexes for dumped tables
--

--
-- Indexes for table `assignments`
--
ALTER TABLE `assignments`
  ADD PRIMARY KEY (`id`),
  ADD UNIQUE KEY `uniq_asg` (`period_id`,`evaluator_id`,`evaluatee_id`),
  ADD KEY `fk_asg_dept` (`dept_id`),
  ADD KEY `idx_asg_evalr` (`evaluator_id`,`period_id`),
  ADD KEY `idx_asg_evale` (`evaluatee_id`,`period_id`);

--
-- Indexes for table `attachments`
--
ALTER TABLE `attachments`
  ADD PRIMARY KEY (`id`),
  ADD KEY `fk_att_period` (`period_id`),
  ADD KEY `fk_att_ind` (`indicator_id`),
  ADD KEY `fk_att_evtype` (`evidence_type_id`),
  ADD KEY `idx_attach_evale` (`evaluatee_id`,`period_id`);

--
-- Indexes for table `departments`
--
ALTER TABLE `departments`
  ADD PRIMARY KEY (`id`),
  ADD UNIQUE KEY `code` (`code`),
  ADD KEY `fk_dept_cat` (`category_id`),
  ADD KEY `fk_dept_org` (`org_group_id`);

--
-- Indexes for table `dept_fields`
--
ALTER TABLE `dept_fields`
  ADD PRIMARY KEY (`dept_id`,`field_code`),
  ADD KEY `fk_df_field` (`field_code`);

--
-- Indexes for table `evaluation_periods`
--
ALTER TABLE `evaluation_periods`
  ADD PRIMARY KEY (`id`),
  ADD UNIQUE KEY `code` (`code`);

--
-- Indexes for table `evaluation_results`
--
ALTER TABLE `evaluation_results`
  ADD PRIMARY KEY (`id`),
  ADD KEY `fk_res_period` (`period_id`),
  ADD KEY `fk_res_evalr` (`evaluator_id`),
  ADD KEY `fk_res_topic` (`topic_id`),
  ADD KEY `idx_results_evale` (`evaluatee_id`,`period_id`),
  ADD KEY `idx_results_indicator` (`indicator_id`);

--
-- Indexes for table `evaluation_topics`
--
ALTER TABLE `evaluation_topics`
  ADD PRIMARY KEY (`id`),
  ADD UNIQUE KEY `code` (`code`);

--
-- Indexes for table `evidence_types`
--
ALTER TABLE `evidence_types`
  ADD PRIMARY KEY (`id`),
  ADD UNIQUE KEY `code` (`code`);

--
-- Indexes for table `indicators`
--
ALTER TABLE `indicators`
  ADD PRIMARY KEY (`id`),
  ADD UNIQUE KEY `code` (`code`),
  ADD KEY `idx_ind_topic` (`topic_id`);

--
-- Indexes for table `indicator_evidence`
--
ALTER TABLE `indicator_evidence`
  ADD PRIMARY KEY (`indicator_id`,`evidence_type_id`),
  ADD KEY `fk_ie_ev` (`evidence_type_id`);

--
-- Indexes for table `org_groups`
--
ALTER TABLE `org_groups`
  ADD PRIMARY KEY (`id`),
  ADD UNIQUE KEY `code` (`code`);

--
-- Indexes for table `self_evaluation_results`
--
ALTER TABLE `self_evaluation_results`
  ADD PRIMARY KEY (`id`),
  ADD UNIQUE KEY `uk_self_eval` (`period_id`,`evaluatee_id`,`indicator_id`),
  ADD KEY `fk_self_res_period` (`period_id`),
  ADD KEY `fk_self_res_evale` (`evaluatee_id`),
  ADD KEY `fk_self_res_ind` (`indicator_id`);

--
-- Indexes for table `self_eval_submissions`
--
ALTER TABLE `self_eval_submissions`
  ADD PRIMARY KEY (`id`),
  ADD UNIQUE KEY `uniq_self_sub` (`period_id`,`evaluatee_id`),
  ADD KEY `fk_self_sub_user` (`evaluatee_id`);

--
-- Indexes for table `users`
--
ALTER TABLE `users`
  ADD PRIMARY KEY (`id`),
  ADD UNIQUE KEY `email` (`email`),
  ADD KEY `idx_users_dept` (`department_id`);

--
-- Indexes for table `vocational_categories`
--
ALTER TABLE `vocational_categories`
  ADD PRIMARY KEY (`id`),
  ADD UNIQUE KEY `code` (`code`);

--
-- Indexes for table `vocational_fields`
--
ALTER TABLE `vocational_fields`
  ADD PRIMARY KEY (`code`),
  ADD KEY `fk_vf_cat` (`category_id`);

--
-- AUTO_INCREMENT for dumped tables
--

--
-- AUTO_INCREMENT for table `assignments`
--
ALTER TABLE `assignments`
  MODIFY `id` bigint UNSIGNED NOT NULL AUTO_INCREMENT, AUTO_INCREMENT=25;

--
-- AUTO_INCREMENT for table `attachments`
--
ALTER TABLE `attachments`
  MODIFY `id` bigint UNSIGNED NOT NULL AUTO_INCREMENT, AUTO_INCREMENT=129;

--
-- AUTO_INCREMENT for table `departments`
--
ALTER TABLE `departments`
  MODIFY `id` int NOT NULL AUTO_INCREMENT, AUTO_INCREMENT=6;

--
-- AUTO_INCREMENT for table `evaluation_periods`
--
ALTER TABLE `evaluation_periods`
  MODIFY `id` bigint UNSIGNED NOT NULL AUTO_INCREMENT, AUTO_INCREMENT=5;

--
-- AUTO_INCREMENT for table `evaluation_results`
--
ALTER TABLE `evaluation_results`
  MODIFY `id` bigint UNSIGNED NOT NULL AUTO_INCREMENT, AUTO_INCREMENT=75;

--
-- AUTO_INCREMENT for table `evaluation_topics`
--
ALTER TABLE `evaluation_topics`
  MODIFY `id` bigint UNSIGNED NOT NULL AUTO_INCREMENT, AUTO_INCREMENT=8;

--
-- AUTO_INCREMENT for table `evidence_types`
--
ALTER TABLE `evidence_types`
  MODIFY `id` int NOT NULL AUTO_INCREMENT, AUTO_INCREMENT=17;

--
-- AUTO_INCREMENT for table `indicators`
--
ALTER TABLE `indicators`
  MODIFY `id` bigint UNSIGNED NOT NULL AUTO_INCREMENT, AUTO_INCREMENT=23;

--
-- AUTO_INCREMENT for table `org_groups`
--
ALTER TABLE `org_groups`
  MODIFY `id` int NOT NULL AUTO_INCREMENT, AUTO_INCREMENT=5;

--
-- AUTO_INCREMENT for table `self_evaluation_results`
--
ALTER TABLE `self_evaluation_results`
  MODIFY `id` bigint UNSIGNED NOT NULL AUTO_INCREMENT, AUTO_INCREMENT=363;

--
-- AUTO_INCREMENT for table `self_eval_submissions`
--
ALTER TABLE `self_eval_submissions`
  MODIFY `id` bigint UNSIGNED NOT NULL AUTO_INCREMENT, AUTO_INCREMENT=15;

--
-- AUTO_INCREMENT for table `users`
--
ALTER TABLE `users`
  MODIFY `id` bigint UNSIGNED NOT NULL AUTO_INCREMENT, AUTO_INCREMENT=32;

--
-- AUTO_INCREMENT for table `vocational_categories`
--
ALTER TABLE `vocational_categories`
  MODIFY `id` int NOT NULL AUTO_INCREMENT, AUTO_INCREMENT=15;

-- --------------------------------------------------------

--
-- Structure for view `v_evidence_progress`
--
DROP TABLE IF EXISTS `v_evidence_progress`;

CREATE ALGORITHM=UNDEFINED DEFINER=`root`@`localhost` SQL SECURITY DEFINER VIEW `v_evidence_progress`  AS SELECT `u`.`name_th` AS `evaluatee_name`, `d`.`name_th` AS `dept_name`, `p`.`buddhist_year` AS `buddhist_year`, `t`.`title_th` AS `topic_title`, `i`.`code` AS `indicator_code`, `i`.`name_th` AS `indicator_name`, count(`a`.`id`) AS `files_uploaded` FROM ((((((`users` `u` join `departments` `d` on((`d`.`id` = `u`.`department_id`))) join `assignments` `s` on((`s`.`evaluatee_id` = `u`.`id`))) join `evaluation_periods` `p` on(((`p`.`id` = `s`.`period_id`) and (`p`.`is_active` = 1)))) join `indicators` `i` on((1 = 1))) join `evaluation_topics` `t` on((`t`.`id` = `i`.`topic_id`))) left join `attachments` `a` on(((`a`.`indicator_id` = `i`.`id`) and (`a`.`evaluatee_id` = `u`.`id`) and (`a`.`period_id` = `p`.`id`)))) WHERE (`u`.`role` = 'evaluatee') GROUP BY `u`.`name_th`, `d`.`name_th`, `p`.`buddhist_year`, `t`.`title_th`, `i`.`code`, `i`.`name_th` ORDER BY `u`.`name_th` ASC, `t`.`title_th` ASC, `i`.`code` ASC ;

--
-- Constraints for dumped tables
--

--
-- Constraints for table `assignments`
--
ALTER TABLE `assignments`
  ADD CONSTRAINT `fk_asg_dept` FOREIGN KEY (`dept_id`) REFERENCES `departments` (`id`) ON DELETE SET NULL ON UPDATE CASCADE,
  ADD CONSTRAINT `fk_asg_evale` FOREIGN KEY (`evaluatee_id`) REFERENCES `users` (`id`) ON DELETE RESTRICT ON UPDATE CASCADE,
  ADD CONSTRAINT `fk_asg_evalr` FOREIGN KEY (`evaluator_id`) REFERENCES `users` (`id`) ON DELETE RESTRICT ON UPDATE CASCADE,
  ADD CONSTRAINT `fk_asg_period` FOREIGN KEY (`period_id`) REFERENCES `evaluation_periods` (`id`) ON DELETE CASCADE ON UPDATE CASCADE;

--
-- Constraints for table `attachments`
--
ALTER TABLE `attachments`
  ADD CONSTRAINT `fk_att_evale` FOREIGN KEY (`evaluatee_id`) REFERENCES `users` (`id`) ON DELETE CASCADE ON UPDATE CASCADE,
  ADD CONSTRAINT `fk_att_evtype` FOREIGN KEY (`evidence_type_id`) REFERENCES `evidence_types` (`id`) ON DELETE RESTRICT ON UPDATE CASCADE,
  ADD CONSTRAINT `fk_att_ind` FOREIGN KEY (`indicator_id`) REFERENCES `indicators` (`id`) ON DELETE CASCADE ON UPDATE CASCADE,
  ADD CONSTRAINT `fk_att_period` FOREIGN KEY (`period_id`) REFERENCES `evaluation_periods` (`id`) ON DELETE CASCADE ON UPDATE CASCADE;

--
-- Constraints for table `departments`
--
ALTER TABLE `departments`
  ADD CONSTRAINT `fk_dept_cat` FOREIGN KEY (`category_id`) REFERENCES `vocational_categories` (`id`) ON DELETE RESTRICT ON UPDATE CASCADE,
  ADD CONSTRAINT `fk_dept_org` FOREIGN KEY (`org_group_id`) REFERENCES `org_groups` (`id`) ON DELETE RESTRICT ON UPDATE CASCADE;

--
-- Constraints for table `dept_fields`
--
ALTER TABLE `dept_fields`
  ADD CONSTRAINT `fk_df_dept` FOREIGN KEY (`dept_id`) REFERENCES `departments` (`id`) ON DELETE CASCADE ON UPDATE CASCADE,
  ADD CONSTRAINT `fk_df_field` FOREIGN KEY (`field_code`) REFERENCES `vocational_fields` (`code`) ON DELETE CASCADE ON UPDATE CASCADE;

--
-- Constraints for table `evaluation_results`
--
ALTER TABLE `evaluation_results`
  ADD CONSTRAINT `fk_res_evale` FOREIGN KEY (`evaluatee_id`) REFERENCES `users` (`id`) ON DELETE RESTRICT ON UPDATE CASCADE,
  ADD CONSTRAINT `fk_res_evalr` FOREIGN KEY (`evaluator_id`) REFERENCES `users` (`id`) ON DELETE RESTRICT ON UPDATE CASCADE,
  ADD CONSTRAINT `fk_res_ind` FOREIGN KEY (`indicator_id`) REFERENCES `indicators` (`id`) ON DELETE RESTRICT ON UPDATE CASCADE,
  ADD CONSTRAINT `fk_res_period` FOREIGN KEY (`period_id`) REFERENCES `evaluation_periods` (`id`) ON DELETE CASCADE ON UPDATE CASCADE,
  ADD CONSTRAINT `fk_res_topic` FOREIGN KEY (`topic_id`) REFERENCES `evaluation_topics` (`id`) ON DELETE RESTRICT ON UPDATE CASCADE;

--
-- Constraints for table `indicators`
--
ALTER TABLE `indicators`
  ADD CONSTRAINT `fk_ind_topic` FOREIGN KEY (`topic_id`) REFERENCES `evaluation_topics` (`id`) ON DELETE CASCADE ON UPDATE CASCADE;

--
-- Constraints for table `indicator_evidence`
--
ALTER TABLE `indicator_evidence`
  ADD CONSTRAINT `fk_ie_ev` FOREIGN KEY (`evidence_type_id`) REFERENCES `evidence_types` (`id`) ON DELETE CASCADE ON UPDATE CASCADE,
  ADD CONSTRAINT `fk_ie_ind` FOREIGN KEY (`indicator_id`) REFERENCES `indicators` (`id`) ON DELETE CASCADE ON UPDATE CASCADE;

--
-- Constraints for table `self_eval_submissions`
--
ALTER TABLE `self_eval_submissions`
  ADD CONSTRAINT `fk_self_sub_period` FOREIGN KEY (`period_id`) REFERENCES `evaluation_periods` (`id`) ON DELETE CASCADE ON UPDATE CASCADE,
  ADD CONSTRAINT `fk_self_sub_user` FOREIGN KEY (`evaluatee_id`) REFERENCES `users` (`id`) ON DELETE RESTRICT ON UPDATE CASCADE;

--
-- Constraints for table `users`
--
ALTER TABLE `users`
  ADD CONSTRAINT `fk_users_dept` FOREIGN KEY (`department_id`) REFERENCES `departments` (`id`) ON DELETE SET NULL ON UPDATE CASCADE;

--
-- Constraints for table `vocational_fields`
--
ALTER TABLE `vocational_fields`
  ADD CONSTRAINT `fk_vf_cat` FOREIGN KEY (`category_id`) REFERENCES `vocational_categories` (`id`) ON DELETE CASCADE ON UPDATE CASCADE;
COMMIT;

/*!40101 SET CHARACTER_SET_CLIENT=@OLD_CHARACTER_SET_CLIENT */;
/*!40101 SET CHARACTER_SET_RESULTS=@OLD_CHARACTER_SET_RESULTS */;
/*!40101 SET COLLATION_CONNECTION=@OLD_COLLATION_CONNECTION */;
